--
-- PostgreSQL database dump
--

-- Dumped from database version 12.13
-- Dumped by pg_dump version 12.13

SET statement_timeout = 0;
SET lock_timeout = 0;
SET idle_in_transaction_session_timeout = 0;
SET client_encoding = 'UTF8';
SET standard_conforming_strings = on;
SELECT pg_catalog.set_config('search_path', '', false);
SET check_function_bodies = false;
SET xmloption = content;
SET client_min_messages = warning;
SET row_security = off;

SET default_tablespace = '';

SET default_table_access_method = heap;

--
-- Name: appearances; Type: TABLE; Schema: public; Owner: goldsmid
--

CREATE TABLE public.appearances (
    id bigint NOT NULL,
    player_season_id integer,
    team_season_id integer,
    fixture_id integer,
    minute integer,
    appearance_type character varying,
    is_home boolean,
    created_at timestamp(6) without time zone NOT NULL,
    updated_at timestamp(6) without time zone NOT NULL
);


ALTER TABLE public.appearances OWNER TO goldsmid;

--
-- Name: appearances_id_seq; Type: SEQUENCE; Schema: public; Owner: goldsmid
--

CREATE SEQUENCE public.appearances_id_seq
    START WITH 1
    INCREMENT BY 1
    NO MINVALUE
    NO MAXVALUE
    CACHE 1;


ALTER TABLE public.appearances_id_seq OWNER TO goldsmid;

--
-- Name: appearances_id_seq; Type: SEQUENCE OWNED BY; Schema: public; Owner: goldsmid
--

ALTER SEQUENCE public.appearances_id_seq OWNED BY public.appearances.id;


--
-- Name: ar_internal_metadata; Type: TABLE; Schema: public; Owner: goldsmid
--

CREATE TABLE public.ar_internal_metadata (
    key character varying NOT NULL,
    value character varying,
    created_at timestamp(6) without time zone NOT NULL,
    updated_at timestamp(6) without time zone NOT NULL
);


ALTER TABLE public.ar_internal_metadata OWNER TO goldsmid;

--
-- Name: cards; Type: TABLE; Schema: public; Owner: goldsmid
--

CREATE TABLE public.cards (
    id bigint NOT NULL,
    player_season_id integer,
    team_season_id integer,
    fixture_id integer,
    minute integer,
    card_type character varying,
    is_home boolean,
    created_at timestamp(6) without time zone NOT NULL,
    updated_at timestamp(6) without time zone NOT NULL,
    appearance_id integer
);


ALTER TABLE public.cards OWNER TO goldsmid;

--
-- Name: cards_id_seq; Type: SEQUENCE; Schema: public; Owner: goldsmid
--

CREATE SEQUENCE public.cards_id_seq
    START WITH 1
    INCREMENT BY 1
    NO MINVALUE
    NO MAXVALUE
    CACHE 1;


ALTER TABLE public.cards_id_seq OWNER TO goldsmid;

--
-- Name: cards_id_seq; Type: SEQUENCE OWNED BY; Schema: public; Owner: goldsmid
--

ALTER SEQUENCE public.cards_id_seq OWNED BY public.cards.id;


--
-- Name: countries; Type: TABLE; Schema: public; Owner: goldsmid
--

CREATE TABLE public.countries (
    id bigint NOT NULL,
    name character varying,
    code character varying,
    api_football_id integer,
    created_at timestamp(6) without time zone NOT NULL,
    updated_at timestamp(6) without time zone NOT NULL
);


ALTER TABLE public.countries OWNER TO goldsmid;

--
-- Name: countries_id_seq; Type: SEQUENCE; Schema: public; Owner: goldsmid
--

CREATE SEQUENCE public.countries_id_seq
    START WITH 1
    INCREMENT BY 1
    NO MINVALUE
    NO MAXVALUE
    CACHE 1;


ALTER TABLE public.countries_id_seq OWNER TO goldsmid;

--
-- Name: countries_id_seq; Type: SEQUENCE OWNED BY; Schema: public; Owner: goldsmid
--

ALTER SEQUENCE public.countries_id_seq OWNED BY public.countries.id;


--
-- Name: fixtures; Type: TABLE; Schema: public; Owner: goldsmid
--

CREATE TABLE public.fixtures (
    id bigint NOT NULL,
    home_team_season_id integer,
    away_team_season_id integer,
    season_id integer,
    home_score integer,
    away_score integer,
    kick_off timestamp(6) without time zone,
    game_week integer,
    league_id integer,
    api_football_id integer,
    created_at timestamp(6) without time zone NOT NULL,
    updated_at timestamp(6) without time zone NOT NULL
);


ALTER TABLE public.fixtures OWNER TO goldsmid;

--
-- Name: fixtures_id_seq; Type: SEQUENCE; Schema: public; Owner: goldsmid
--

CREATE SEQUENCE public.fixtures_id_seq
    START WITH 1
    INCREMENT BY 1
    NO MINVALUE
    NO MAXVALUE
    CACHE 1;


ALTER TABLE public.fixtures_id_seq OWNER TO goldsmid;

--
-- Name: fixtures_id_seq; Type: SEQUENCE OWNED BY; Schema: public; Owner: goldsmid
--

ALTER SEQUENCE public.fixtures_id_seq OWNED BY public.fixtures.id;


--
-- Name: goals; Type: TABLE; Schema: public; Owner: goldsmid
--

CREATE TABLE public.goals (
    id bigint NOT NULL,
    player_season_id integer,
    team_season_id integer,
    fixture_id integer,
    assist_id integer,
    minute integer,
    goal_type character varying,
    is_home boolean,
    created_at timestamp(6) without time zone NOT NULL,
    updated_at timestamp(6) without time zone NOT NULL,
    own_goal boolean,
    appearance_id integer
);


ALTER TABLE public.goals OWNER TO goldsmid;

--
-- Name: goals_id_seq; Type: SEQUENCE; Schema: public; Owner: goldsmid
--

CREATE SEQUENCE public.goals_id_seq
    START WITH 1
    INCREMENT BY 1
    NO MINVALUE
    NO MAXVALUE
    CACHE 1;


ALTER TABLE public.goals_id_seq OWNER TO goldsmid;

--
-- Name: goals_id_seq; Type: SEQUENCE OWNED BY; Schema: public; Owner: goldsmid
--

ALTER SEQUENCE public.goals_id_seq OWNED BY public.goals.id;


--
-- Name: leagues; Type: TABLE; Schema: public; Owner: goldsmid
--

CREATE TABLE public.leagues (
    id bigint NOT NULL,
    name character varying,
    country_id integer,
    api_football_id integer,
    created_at timestamp(6) without time zone NOT NULL,
    updated_at timestamp(6) without time zone NOT NULL
);


ALTER TABLE public.leagues OWNER TO goldsmid;

--
-- Name: leagues_id_seq; Type: SEQUENCE; Schema: public; Owner: goldsmid
--

CREATE SEQUENCE public.leagues_id_seq
    START WITH 1
    INCREMENT BY 1
    NO MINVALUE
    NO MAXVALUE
    CACHE 1;


ALTER TABLE public.leagues_id_seq OWNER TO goldsmid;

--
-- Name: leagues_id_seq; Type: SEQUENCE OWNED BY; Schema: public; Owner: goldsmid
--

ALTER SEQUENCE public.leagues_id_seq OWNED BY public.leagues.id;


--
-- Name: player_seasons; Type: TABLE; Schema: public; Owner: goldsmid
--

CREATE TABLE public.player_seasons (
    id bigint NOT NULL,
    player_id integer,
    team_season_id integer,
    api_football_id integer,
    created_at timestamp(6) without time zone NOT NULL,
    updated_at timestamp(6) without time zone NOT NULL,
    current_season boolean,
    season_id integer
);


ALTER TABLE public.player_seasons OWNER TO goldsmid;

--
-- Name: player_seasons_id_seq; Type: SEQUENCE; Schema: public; Owner: goldsmid
--

CREATE SEQUENCE public.player_seasons_id_seq
    START WITH 1
    INCREMENT BY 1
    NO MINVALUE
    NO MAXVALUE
    CACHE 1;


ALTER TABLE public.player_seasons_id_seq OWNER TO goldsmid;

--
-- Name: player_seasons_id_seq; Type: SEQUENCE OWNED BY; Schema: public; Owner: goldsmid
--

ALTER SEQUENCE public.player_seasons_id_seq OWNED BY public.player_seasons.id;


--
-- Name: players; Type: TABLE; Schema: public; Owner: goldsmid
--

CREATE TABLE public.players (
    id bigint NOT NULL,
    full_name character varying,
    short_name character varying,
    "position" character varying,
    team_id integer,
    api_football_id integer,
    created_at timestamp(6) without time zone NOT NULL,
    updated_at timestamp(6) without time zone NOT NULL
);


ALTER TABLE public.players OWNER TO goldsmid;

--
-- Name: players_id_seq; Type: SEQUENCE; Schema: public; Owner: goldsmid
--

CREATE SEQUENCE public.players_id_seq
    START WITH 1
    INCREMENT BY 1
    NO MINVALUE
    NO MAXVALUE
    CACHE 1;


ALTER TABLE public.players_id_seq OWNER TO goldsmid;

--
-- Name: players_id_seq; Type: SEQUENCE OWNED BY; Schema: public; Owner: goldsmid
--

ALTER SEQUENCE public.players_id_seq OWNED BY public.players.id;


--
-- Name: schema_migrations; Type: TABLE; Schema: public; Owner: goldsmid
--

CREATE TABLE public.schema_migrations (
    version character varying NOT NULL
);


ALTER TABLE public.schema_migrations OWNER TO goldsmid;

--
-- Name: seasons; Type: TABLE; Schema: public; Owner: goldsmid
--

CREATE TABLE public.seasons (
    id bigint NOT NULL,
    start_date timestamp(6) without time zone,
    end_date timestamp(6) without time zone,
    league_id integer,
    api_football_id integer,
    created_at timestamp(6) without time zone NOT NULL,
    updated_at timestamp(6) without time zone NOT NULL,
    current_season boolean,
    current_game_week integer
);


ALTER TABLE public.seasons OWNER TO goldsmid;

--
-- Name: seasons_id_seq; Type: SEQUENCE; Schema: public; Owner: goldsmid
--

CREATE SEQUENCE public.seasons_id_seq
    START WITH 1
    INCREMENT BY 1
    NO MINVALUE
    NO MAXVALUE
    CACHE 1;


ALTER TABLE public.seasons_id_seq OWNER TO goldsmid;

--
-- Name: seasons_id_seq; Type: SEQUENCE OWNED BY; Schema: public; Owner: goldsmid
--

ALTER SEQUENCE public.seasons_id_seq OWNED BY public.seasons.id;


--
-- Name: team_seasons; Type: TABLE; Schema: public; Owner: goldsmid
--

CREATE TABLE public.team_seasons (
    id bigint NOT NULL,
    team_id integer,
    season_id integer,
    api_football_id integer,
    created_at timestamp(6) without time zone NOT NULL,
    updated_at timestamp(6) without time zone NOT NULL,
    current_season boolean
);


ALTER TABLE public.team_seasons OWNER TO goldsmid;

--
-- Name: team_seasons_id_seq; Type: SEQUENCE; Schema: public; Owner: goldsmid
--

CREATE SEQUENCE public.team_seasons_id_seq
    START WITH 1
    INCREMENT BY 1
    NO MINVALUE
    NO MAXVALUE
    CACHE 1;


ALTER TABLE public.team_seasons_id_seq OWNER TO goldsmid;

--
-- Name: team_seasons_id_seq; Type: SEQUENCE OWNED BY; Schema: public; Owner: goldsmid
--

ALTER SEQUENCE public.team_seasons_id_seq OWNED BY public.team_seasons.id;


--
-- Name: teams; Type: TABLE; Schema: public; Owner: goldsmid
--

CREATE TABLE public.teams (
    id bigint NOT NULL,
    name character varying,
    short_name character varying,
    acronym character varying,
    league_id integer,
    api_football_id integer,
    created_at timestamp(6) without time zone NOT NULL,
    updated_at timestamp(6) without time zone NOT NULL
);


ALTER TABLE public.teams OWNER TO goldsmid;

--
-- Name: teams_id_seq; Type: SEQUENCE; Schema: public; Owner: goldsmid
--

CREATE SEQUENCE public.teams_id_seq
    START WITH 1
    INCREMENT BY 1
    NO MINVALUE
    NO MAXVALUE
    CACHE 1;


ALTER TABLE public.teams_id_seq OWNER TO goldsmid;

--
-- Name: teams_id_seq; Type: SEQUENCE OWNED BY; Schema: public; Owner: goldsmid
--

ALTER SEQUENCE public.teams_id_seq OWNED BY public.teams.id;


--
-- Name: appearances id; Type: DEFAULT; Schema: public; Owner: goldsmid
--

ALTER TABLE ONLY public.appearances ALTER COLUMN id SET DEFAULT nextval('public.appearances_id_seq'::regclass);


--
-- Name: cards id; Type: DEFAULT; Schema: public; Owner: goldsmid
--

ALTER TABLE ONLY public.cards ALTER COLUMN id SET DEFAULT nextval('public.cards_id_seq'::regclass);


--
-- Name: countries id; Type: DEFAULT; Schema: public; Owner: goldsmid
--

ALTER TABLE ONLY public.countries ALTER COLUMN id SET DEFAULT nextval('public.countries_id_seq'::regclass);


--
-- Name: fixtures id; Type: DEFAULT; Schema: public; Owner: goldsmid
--

ALTER TABLE ONLY public.fixtures ALTER COLUMN id SET DEFAULT nextval('public.fixtures_id_seq'::regclass);


--
-- Name: goals id; Type: DEFAULT; Schema: public; Owner: goldsmid
--

ALTER TABLE ONLY public.goals ALTER COLUMN id SET DEFAULT nextval('public.goals_id_seq'::regclass);


--
-- Name: leagues id; Type: DEFAULT; Schema: public; Owner: goldsmid
--

ALTER TABLE ONLY public.leagues ALTER COLUMN id SET DEFAULT nextval('public.leagues_id_seq'::regclass);


--
-- Name: player_seasons id; Type: DEFAULT; Schema: public; Owner: goldsmid
--

ALTER TABLE ONLY public.player_seasons ALTER COLUMN id SET DEFAULT nextval('public.player_seasons_id_seq'::regclass);


--
-- Name: players id; Type: DEFAULT; Schema: public; Owner: goldsmid
--

ALTER TABLE ONLY public.players ALTER COLUMN id SET DEFAULT nextval('public.players_id_seq'::regclass);


--
-- Name: seasons id; Type: DEFAULT; Schema: public; Owner: goldsmid
--

ALTER TABLE ONLY public.seasons ALTER COLUMN id SET DEFAULT nextval('public.seasons_id_seq'::regclass);


--
-- Name: team_seasons id; Type: DEFAULT; Schema: public; Owner: goldsmid
--

ALTER TABLE ONLY public.team_seasons ALTER COLUMN id SET DEFAULT nextval('public.team_seasons_id_seq'::regclass);


--
-- Name: teams id; Type: DEFAULT; Schema: public; Owner: goldsmid
--

ALTER TABLE ONLY public.teams ALTER COLUMN id SET DEFAULT nextval('public.teams_id_seq'::regclass);


--
-- Data for Name: appearances; Type: TABLE DATA; Schema: public; Owner: goldsmid
--

COPY public.appearances (id, player_season_id, team_season_id, fixture_id, minute, appearance_type, is_home, created_at, updated_at) FROM stdin;
1	469	15	14	90	start	t	2023-03-12 18:08:51.405262	2023-03-12 18:08:51.405262
2	478	15	14	90	start	t	2023-03-12 18:08:51.410739	2023-03-12 18:08:51.410739
3	474	15	14	90	start	t	2023-03-12 18:08:51.416116	2023-03-12 18:08:51.416116
4	473	15	14	90	start	t	2023-03-12 18:08:51.421535	2023-03-12 18:08:51.421535
6	484	15	14	90	start	t	2023-03-12 18:08:51.430623	2023-03-12 18:08:51.430623
7	490	15	14	90	start	t	2023-03-12 18:08:51.435664	2023-03-12 18:08:51.435664
10	485	15	14	90	start	t	2023-03-12 18:08:51.450359	2023-03-12 18:08:51.450359
11	497	15	14	90	start	t	2023-03-12 18:08:51.455076	2023-03-12 18:08:51.455076
12	33	2	14	90	start	\N	2023-03-12 18:08:51.461706	2023-03-12 18:08:51.461706
13	36	2	14	90	start	\N	2023-03-12 18:08:51.467145	2023-03-12 18:08:51.467145
14	39	2	14	90	start	\N	2023-03-12 18:08:51.472055	2023-03-12 18:08:51.472055
15	38	2	14	90	start	\N	2023-03-12 18:08:51.47641	2023-03-12 18:08:51.47641
16	45	2	14	90	start	\N	2023-03-12 18:08:51.4806	2023-03-12 18:08:51.4806
18	54	2	14	90	start	\N	2023-03-12 18:08:51.490748	2023-03-12 18:08:51.490748
19	55	2	14	90	start	\N	2023-03-12 18:08:51.494802	2023-03-12 18:08:51.494802
20	50	2	14	90	start	\N	2023-03-12 18:08:51.499589	2023-03-12 18:08:51.499589
23	870	15	14	25	substitute	t	2023-03-12 18:08:51.652966	2023-03-12 18:08:51.652966
9	486	15	14	65	start	t	2023-03-12 18:08:51.445193	2023-03-12 18:08:51.656483
24	489	15	14	16	substitute	t	2023-03-12 18:08:51.666991	2023-03-12 18:08:51.666991
5	483	15	14	74	start	t	2023-03-12 18:08:51.426366	2023-03-12 18:08:51.670733
25	472	15	14	15	substitute	t	2023-03-12 18:08:51.681024	2023-03-12 18:08:51.681024
8	496	15	14	75	start	t	2023-03-12 18:08:51.440659	2023-03-12 18:08:51.684479
26	49	2	14	15	substitute	\N	2023-03-12 18:08:51.69427	2023-03-12 18:08:51.69427
22	57	2	14	75	start	\N	2023-03-12 18:08:51.508716	2023-03-12 18:08:51.697691
27	53	2	14	14	substitute	\N	2023-03-12 18:08:51.707829	2023-03-12 18:08:51.707829
17	51	2	14	76	start	\N	2023-03-12 18:08:51.485815	2023-03-12 18:08:51.710787
28	59	2	14	3	substitute	\N	2023-03-12 18:08:51.721565	2023-03-12 18:08:51.721565
21	56	2	14	87	start	\N	2023-03-12 18:08:51.504333	2023-03-12 18:08:51.755503
29	409	13	15	90	start	t	2023-03-12 18:09:00.267719	2023-03-12 18:09:00.267719
30	414	13	15	90	start	t	2023-03-12 18:09:00.272812	2023-03-12 18:09:00.272812
31	411	13	15	90	start	t	2023-03-12 18:09:00.277292	2023-03-12 18:09:00.277292
32	415	13	15	90	start	t	2023-03-12 18:09:00.28166	2023-03-12 18:09:00.28166
33	426	13	15	90	start	t	2023-03-12 18:09:00.286648	2023-03-12 18:09:00.286648
36	427	13	15	90	start	t	2023-03-12 18:09:00.299616	2023-03-12 18:09:00.299616
37	417	13	15	90	start	t	2023-03-12 18:09:00.304535	2023-03-12 18:09:00.304535
38	431	13	15	90	start	t	2023-03-12 18:09:00.308912	2023-03-12 18:09:00.308912
40	331	11	15	90	start	\N	2023-03-12 18:09:00.319438	2023-03-12 18:09:00.319438
41	339	11	15	90	start	\N	2023-03-12 18:09:00.324304	2023-03-12 18:09:00.324304
42	338	11	15	90	start	\N	2023-03-12 18:09:00.328605	2023-03-12 18:09:00.328605
43	342	11	15	90	start	\N	2023-03-12 18:09:00.333262	2023-03-12 18:09:00.333262
45	350	11	15	90	start	\N	2023-03-12 18:09:00.342751	2023-03-12 18:09:00.342751
48	353	11	15	90	start	\N	2023-03-12 18:09:00.356792	2023-03-12 18:09:00.356792
50	365	11	15	90	start	\N	2023-03-12 18:09:00.365427	2023-03-12 18:09:00.365427
51	364	11	15	33	substitute	\N	2023-03-12 18:09:00.415369	2023-03-12 18:09:00.415369
47	352	11	15	57	start	\N	2023-03-12 18:09:00.351868	2023-03-12 18:09:00.419387
52	416	13	15	17	substitute	t	2023-03-12 18:09:00.445558	2023-03-12 18:09:00.445558
35	422	13	15	73	start	t	2023-03-12 18:09:00.295267	2023-03-12 18:09:00.448362
53	356	11	15	11	substitute	\N	2023-03-12 18:09:00.465316	2023-03-12 18:09:00.465316
46	355	11	15	79	start	\N	2023-03-12 18:09:00.346993	2023-03-12 18:09:00.46892
54	351	11	15	11	substitute	\N	2023-03-12 18:09:00.477709	2023-03-12 18:09:00.477709
49	363	11	15	79	start	\N	2023-03-12 18:09:00.360981	2023-03-12 18:09:00.480782
55	367	11	15	8	substitute	\N	2023-03-12 18:09:00.49035	2023-03-12 18:09:00.49035
44	337	11	15	82	start	\N	2023-03-12 18:09:00.33847	2023-03-12 18:09:00.493151
56	430	13	15	6	substitute	t	2023-03-12 18:09:00.507815	2023-03-12 18:09:00.507815
34	423	13	15	84	start	t	2023-03-12 18:09:00.291077	2023-03-12 18:09:00.511451
57	425	13	15	5	substitute	t	2023-03-12 18:09:00.522398	2023-03-12 18:09:00.522398
39	440	13	15	85	start	t	2023-03-12 18:09:00.313808	2023-03-12 18:09:00.525472
58	441	13	15	0	substitute	t	2023-03-12 18:09:00.546364	2023-03-12 18:09:00.546364
59	158	6	16	90	start	t	2023-03-12 18:09:09.027915	2023-03-12 18:09:09.027915
60	173	6	16	90	start	t	2023-03-12 18:09:09.032494	2023-03-12 18:09:09.032494
62	165	6	16	90	start	t	2023-03-12 18:09:09.041422	2023-03-12 18:09:09.041422
65	176	6	16	90	start	t	2023-03-12 18:09:09.055052	2023-03-12 18:09:09.055052
67	189	6	16	90	start	t	2023-03-12 18:09:09.063251	2023-03-12 18:09:09.063251
68	192	6	16	90	start	t	2023-03-12 18:09:09.068494	2023-03-12 18:09:09.068494
69	191	6	16	90	start	t	2023-03-12 18:09:09.072826	2023-03-12 18:09:09.072826
70	502	16	16	90	start	\N	2023-03-12 18:09:09.076821	2023-03-12 18:09:09.076821
71	511	16	16	90	start	\N	2023-03-12 18:09:09.080772	2023-03-12 18:09:09.080772
72	506	16	16	90	start	\N	2023-03-12 18:09:09.085638	2023-03-12 18:09:09.085638
73	510	16	16	90	start	\N	2023-03-12 18:09:09.090031	2023-03-12 18:09:09.090031
74	509	16	16	90	start	\N	2023-03-12 18:09:09.094068	2023-03-12 18:09:09.094068
80	529	16	16	90	start	\N	2023-03-12 18:09:09.121059	2023-03-12 18:09:09.121059
81	180	6	16	27	substitute	t	2023-03-12 18:09:09.208268	2023-03-12 18:09:09.208268
66	178	6	16	63	start	t	2023-03-12 18:09:09.059293	2023-03-12 18:09:09.211332
82	164	6	16	27	substitute	t	2023-03-12 18:09:09.221439	2023-03-12 18:09:09.221439
61	172	6	16	63	start	t	2023-03-12 18:09:09.03731	2023-03-12 18:09:09.224265
83	167	6	16	27	substitute	t	2023-03-12 18:09:09.233829	2023-03-12 18:09:09.233829
63	169	6	16	63	start	t	2023-03-12 18:09:09.045745	2023-03-12 18:09:09.237133
84	531	16	16	27	substitute	\N	2023-03-12 18:09:09.246191	2023-03-12 18:09:09.246191
76	528	16	16	63	start	\N	2023-03-12 18:09:09.103402	2023-03-12 18:09:09.249224
85	184	6	16	11	substitute	t	2023-03-12 18:09:09.267214	2023-03-12 18:09:09.267214
64	183	6	16	79	start	t	2023-03-12 18:09:09.050437	2023-03-12 18:09:09.270363
86	516	16	16	11	substitute	\N	2023-03-12 18:09:09.278993	2023-03-12 18:09:09.278993
79	518	16	16	79	start	\N	2023-03-12 18:09:09.116303	2023-03-12 18:09:09.282102
87	512	16	16	11	substitute	\N	2023-03-12 18:09:09.291288	2023-03-12 18:09:09.291288
75	507	16	16	79	start	\N	2023-03-12 18:09:09.098276	2023-03-12 18:09:09.294045
88	521	16	16	11	substitute	\N	2023-03-12 18:09:09.303193	2023-03-12 18:09:09.303193
77	522	16	16	79	start	\N	2023-03-12 18:09:09.107555	2023-03-12 18:09:09.306093
89	517	16	16	2	substitute	\N	2023-03-12 18:09:09.323574	2023-03-12 18:09:09.323574
78	519	16	16	88	start	\N	2023-03-12 18:09:09.11176	2023-03-12 18:09:09.326339
90	445	14	17	90	start	t	2023-03-12 18:09:17.974733	2023-03-12 18:09:17.974733
93	450	14	17	90	start	t	2023-03-12 18:09:17.993285	2023-03-12 18:09:17.993285
94	451	14	17	90	start	t	2023-03-12 18:09:17.998812	2023-03-12 18:09:17.998812
95	459	14	17	90	start	t	2023-03-12 18:09:18.00466	2023-03-12 18:09:18.00466
97	468	14	17	90	start	t	2023-03-12 18:09:18.015481	2023-03-12 18:09:18.015481
98	460	14	17	90	start	t	2023-03-12 18:09:18.02103	2023-03-12 18:09:18.02103
92	448	14	17	64	start	t	2023-03-12 18:09:17.988017	2023-03-12 18:09:18.172859
96	457	14	17	65	start	t	2023-03-12 18:09:18.009887	2023-03-12 18:09:18.184916
91	447	14	17	82	start	t	2023-03-12 18:09:17.982374	2023-03-12 18:09:18.274458
101	60	3	17	90	start	\N	2023-03-12 18:09:18.037278	2023-03-12 18:09:18.037278
102	67	3	17	90	start	\N	2023-03-12 18:09:18.041584	2023-03-12 18:09:18.041584
103	77	3	17	90	start	\N	2023-03-12 18:09:18.046133	2023-03-12 18:09:18.046133
104	66	3	17	90	start	\N	2023-03-12 18:09:18.051618	2023-03-12 18:09:18.051618
105	68	3	17	90	start	\N	2023-03-12 18:09:18.056017	2023-03-12 18:09:18.056017
107	84	3	17	90	start	\N	2023-03-12 18:09:18.064485	2023-03-12 18:09:18.064485
108	69	3	17	90	start	\N	2023-03-12 18:09:18.069333	2023-03-12 18:09:18.069333
111	91	3	17	90	start	\N	2023-03-12 18:09:18.082251	2023-03-12 18:09:18.082251
112	458	14	17	44	substitute	t	2023-03-12 18:09:18.124974	2023-03-12 18:09:18.124974
99	463	14	17	46	start	t	2023-03-12 18:09:18.0265	2023-03-12 18:09:18.127743
113	85	3	17	27	substitute	\N	2023-03-12 18:09:18.14537	2023-03-12 18:09:18.14537
106	75	3	17	63	start	\N	2023-03-12 18:09:18.060219	2023-03-12 18:09:18.148564
114	82	3	17	27	substitute	\N	2023-03-12 18:09:18.157885	2023-03-12 18:09:18.157885
110	78	3	17	63	start	\N	2023-03-12 18:09:18.077731	2023-03-12 18:09:18.160578
115	449	14	17	26	substitute	t	2023-03-12 18:09:18.16991	2023-03-12 18:09:18.16991
116	461	14	17	25	substitute	t	2023-03-12 18:09:18.181428	2023-03-12 18:09:18.181428
117	467	14	17	16	substitute	t	2023-03-12 18:09:18.193674	2023-03-12 18:09:18.193674
100	466	14	17	74	start	t	2023-03-12 18:09:18.031394	2023-03-12 18:09:18.196587
118	71	3	17	10	substitute	\N	2023-03-12 18:09:18.257035	2023-03-12 18:09:18.257035
109	81	3	17	80	start	\N	2023-03-12 18:09:18.07355	2023-03-12 18:09:18.260552
119	454	14	17	8	substitute	t	2023-03-12 18:09:18.271178	2023-03-12 18:09:18.271178
120	90	3	17	0	substitute	\N	2023-03-12 18:09:18.293315	2023-03-12 18:09:18.293315
121	601	19	18	90	start	t	2023-03-12 18:09:26.779893	2023-03-12 18:09:26.779893
122	606	19	18	90	start	t	2023-03-12 18:09:26.78538	2023-03-12 18:09:26.78538
124	612	19	18	90	start	t	2023-03-12 18:09:26.794652	2023-03-12 18:09:26.794652
125	608	19	18	90	start	t	2023-03-12 18:09:26.799789	2023-03-12 18:09:26.799789
127	623	19	18	90	start	t	2023-03-12 18:09:26.809725	2023-03-12 18:09:26.809725
128	609	19	18	90	start	t	2023-03-12 18:09:26.81428	2023-03-12 18:09:26.81428
129	622	19	18	90	start	t	2023-03-12 18:09:26.819929	2023-03-12 18:09:26.819929
130	634	19	18	90	start	t	2023-03-12 18:09:26.824294	2023-03-12 18:09:26.824294
132	370	12	18	90	start	\N	2023-03-12 18:09:26.83396	2023-03-12 18:09:26.83396
133	377	12	18	90	start	\N	2023-03-12 18:09:26.839138	2023-03-12 18:09:26.839138
134	376	12	18	90	start	\N	2023-03-12 18:09:26.843757	2023-03-12 18:09:26.843757
135	374	12	18	90	start	\N	2023-03-12 18:09:26.848134	2023-03-12 18:09:26.848134
136	375	12	18	90	start	\N	2023-03-12 18:09:26.853901	2023-03-12 18:09:26.853901
137	392	12	18	90	start	\N	2023-03-12 18:09:26.858243	2023-03-12 18:09:26.858243
138	394	12	18	90	start	\N	2023-03-12 18:09:26.862457	2023-03-12 18:09:26.862457
142	405	12	18	90	start	\N	2023-03-12 18:09:26.880962	2023-03-12 18:09:26.880962
143	401	12	18	22	substitute	\N	2023-03-12 18:09:26.921178	2023-03-12 18:09:26.921178
141	402	12	18	68	start	\N	2023-03-12 18:09:26.876878	2023-03-12 18:09:26.92409
144	389	12	18	22	substitute	\N	2023-03-12 18:09:26.932764	2023-03-12 18:09:26.932764
139	388	12	18	68	start	\N	2023-03-12 18:09:26.867137	2023-03-12 18:09:26.936573
145	633	19	18	18	substitute	t	2023-03-12 18:09:26.945426	2023-03-12 18:09:26.945426
131	632	19	18	72	start	t	2023-03-12 18:09:26.828836	2023-03-12 18:09:26.948495
146	605	19	18	11	substitute	t	2023-03-12 18:09:26.970194	2023-03-12 18:09:26.970194
123	610	19	18	79	start	t	2023-03-12 18:09:26.790278	2023-03-12 18:09:26.973823
147	624	19	18	6	substitute	t	2023-03-12 18:09:26.983501	2023-03-12 18:09:26.983501
126	619	19	18	84	start	t	2023-03-12 18:09:26.80528	2023-03-12 18:09:26.987581
148	403	12	18	5	substitute	\N	2023-03-12 18:09:26.999	2023-03-12 18:09:26.999
140	404	12	18	85	start	\N	2023-03-12 18:09:26.872406	2023-03-12 18:09:27.003001
149	200	7	19	90	start	t	2023-03-12 18:09:35.524833	2023-03-12 18:09:35.524833
150	208	7	19	90	start	t	2023-03-12 18:09:35.529024	2023-03-12 18:09:35.529024
152	206	7	19	90	start	t	2023-03-12 18:09:35.538438	2023-03-12 18:09:35.538438
153	201	7	19	90	start	t	2023-03-12 18:09:35.542635	2023-03-12 18:09:35.542635
154	213	7	19	90	start	t	2023-03-12 18:09:35.546648	2023-03-12 18:09:35.546648
155	218	7	19	90	start	t	2023-03-12 18:09:35.551664	2023-03-12 18:09:35.551664
156	215	7	19	90	start	t	2023-03-12 18:09:35.556033	2023-03-12 18:09:35.556033
159	222	7	19	90	start	t	2023-03-12 18:09:35.569586	2023-03-12 18:09:35.569586
160	564	18	19	90	start	\N	2023-03-12 18:09:35.574124	2023-03-12 18:09:35.574124
161	575	18	19	90	start	\N	2023-03-12 18:09:35.578109	2023-03-12 18:09:35.578109
162	570	18	19	90	start	\N	2023-03-12 18:09:35.582448	2023-03-12 18:09:35.582448
163	572	18	19	90	start	\N	2023-03-12 18:09:35.587162	2023-03-12 18:09:35.587162
164	574	18	19	90	start	\N	2023-03-12 18:09:35.591315	2023-03-12 18:09:35.591315
166	584	18	19	90	start	\N	2023-03-12 18:09:35.600183	2023-03-12 18:09:35.600183
167	581	18	19	90	start	\N	2023-03-12 18:09:35.60497	2023-03-12 18:09:35.60497
168	595	18	19	90	start	\N	2023-03-12 18:09:35.609226	2023-03-12 18:09:35.609226
170	592	18	19	28	start	\N	2023-03-12 18:09:35.618224	2023-03-12 18:09:35.632254
172	221	7	19	29	substitute	t	2023-03-12 18:09:35.677835	2023-03-12 18:09:35.677835
158	216	7	19	61	start	t	2023-03-12 18:09:35.564667	2023-03-12 18:09:35.68091
173	212	7	19	28	substitute	t	2023-03-12 18:09:35.691285	2023-03-12 18:09:35.691285
157	214	7	19	62	start	t	2023-03-12 18:09:35.56021	2023-03-12 18:09:35.694324
174	223	7	19	20	substitute	t	2023-03-12 18:09:35.704712	2023-03-12 18:09:35.704712
151	648	7	19	70	start	t	2023-03-12 18:09:35.533364	2023-03-12 18:09:35.707966
175	596	18	19	6	substitute	\N	2023-03-12 18:09:35.742926	2023-03-12 18:09:35.742926
171	123	18	19	84	substitute	\N	2023-03-12 18:09:35.62904	2023-03-12 18:09:35.745538
176	586	18	19	6	substitute	\N	2023-03-12 18:09:35.754892	2023-03-12 18:09:35.754892
169	583	18	19	84	start	\N	2023-03-12 18:09:35.613393	2023-03-12 18:09:35.757763
177	580	18	19	2	substitute	\N	2023-03-12 18:09:35.766279	2023-03-12 18:09:35.766279
165	582	18	19	88	start	\N	2023-03-12 18:09:35.595553	2023-03-12 18:09:35.769937
178	65	7	19	0	substitute	t	2023-03-12 18:09:35.822193	2023-03-12 18:09:35.822193
179	127	5	20	90	start	t	2023-03-12 18:09:44.274536	2023-03-12 18:09:44.274536
181	131	5	20	90	start	t	2023-03-12 18:09:44.284041	2023-03-12 18:09:44.284041
182	135	5	20	90	start	t	2023-03-12 18:09:44.288951	2023-03-12 18:09:44.288951
183	130	5	20	90	start	t	2023-03-12 18:09:44.294027	2023-03-12 18:09:44.294027
184	140	5	20	90	start	t	2023-03-12 18:09:44.301617	2023-03-12 18:09:44.301617
185	651	5	20	90	start	t	2023-03-12 18:09:44.306943	2023-03-12 18:09:44.306943
186	621	5	20	90	start	t	2023-03-12 18:09:44.311847	2023-03-12 18:09:44.311847
187	141	5	20	90	start	t	2023-03-12 18:09:44.316876	2023-03-12 18:09:44.316876
190	93	4	20	90	start	\N	2023-03-12 18:09:44.331005	2023-03-12 18:09:44.331005
191	95	4	20	90	start	\N	2023-03-12 18:09:44.336559	2023-03-12 18:09:44.336559
192	97	4	20	90	start	\N	2023-03-12 18:09:44.341223	2023-03-12 18:09:44.341223
193	99	4	20	90	start	\N	2023-03-12 18:09:44.34542	2023-03-12 18:09:44.34542
189	150	5	20	58	start	t	2023-03-12 18:09:44.326762	2023-03-12 18:09:44.424167
180	133	5	20	78	start	t	2023-03-12 18:09:44.279111	2023-03-12 18:09:44.436155
188	148	5	20	78	start	t	2023-03-12 18:09:44.321817	2023-03-12 18:09:44.447365
194	102	4	20	90	start	\N	2023-03-12 18:09:44.350266	2023-03-12 18:09:44.350266
195	107	4	20	90	start	\N	2023-03-12 18:09:44.35552	2023-03-12 18:09:44.35552
196	115	4	20	90	start	\N	2023-03-12 18:09:44.359741	2023-03-12 18:09:44.359741
197	121	4	20	90	start	\N	2023-03-12 18:09:44.364219	2023-03-12 18:09:44.364219
200	120	4	20	90	start	\N	2023-03-12 18:09:44.377772	2023-03-12 18:09:44.377772
201	151	5	20	32	substitute	t	2023-03-12 18:09:44.421354	2023-03-12 18:09:44.421354
202	134	5	20	12	substitute	t	2023-03-12 18:09:44.432742	2023-03-12 18:09:44.432742
203	156	5	20	12	substitute	t	2023-03-12 18:09:44.444496	2023-03-12 18:09:44.444496
204	755	4	20	7	substitute	\N	2023-03-12 18:09:44.45755	2023-03-12 18:09:44.45755
199	108	4	20	83	start	\N	2023-03-12 18:09:44.373605	2023-03-12 18:09:44.460314
205	110	4	20	4	substitute	\N	2023-03-12 18:09:44.469964	2023-03-12 18:09:44.469964
198	113	4	20	86	start	\N	2023-03-12 18:09:44.369194	2023-03-12 18:09:44.472822
206	756	4	20	0	substitute	\N	2023-03-12 18:09:44.528964	2023-03-12 18:09:44.528964
207	100	4	20	0	substitute	\N	2023-03-12 18:09:44.547927	2023-03-12 18:09:44.547927
208	60	3	21	90	start	t	2023-03-12 18:09:52.993962	2023-03-12 18:09:52.993962
209	67	3	21	90	start	t	2023-03-12 18:09:52.998331	2023-03-12 18:09:52.998331
211	66	3	21	90	start	t	2023-03-12 18:09:53.007759	2023-03-12 18:09:53.007759
212	77	3	21	90	start	t	2023-03-12 18:09:53.012012	2023-03-12 18:09:53.012012
213	68	3	21	90	start	t	2023-03-12 18:09:53.016335	2023-03-12 18:09:53.016335
214	81	3	21	90	start	t	2023-03-12 18:09:53.02126	2023-03-12 18:09:53.02126
216	72	3	21	90	start	t	2023-03-12 18:09:53.02964	2023-03-12 18:09:53.02964
217	91	3	21	90	start	t	2023-03-12 18:09:53.034026	2023-03-12 18:09:53.034026
219	228	8	21	90	start	\N	2023-03-12 18:09:53.042628	2023-03-12 18:09:53.042628
221	236	8	21	90	start	\N	2023-03-12 18:09:53.051569	2023-03-12 18:09:53.051569
222	235	8	21	90	start	\N	2023-03-12 18:09:53.056247	2023-03-12 18:09:53.056247
223	252	8	21	90	start	\N	2023-03-12 18:09:53.060225	2023-03-12 18:09:53.060225
224	244	8	21	90	start	\N	2023-03-12 18:09:53.064296	2023-03-12 18:09:53.064296
229	260	8	21	90	start	\N	2023-03-12 18:09:53.085965	2023-03-12 18:09:53.085965
230	92	3	21	44	substitute	t	2023-03-12 18:09:53.121509	2023-03-12 18:09:53.121509
210	71	3	21	46	start	t	2023-03-12 18:09:53.003033	2023-03-12 18:09:53.124458
231	75	3	21	44	substitute	t	2023-03-12 18:09:53.13265	2023-03-12 18:09:53.13265
215	84	3	21	46	start	t	2023-03-12 18:09:53.025682	2023-03-12 18:09:53.136052
232	78	3	21	25	substitute	t	2023-03-12 18:09:53.209767	2023-03-12 18:09:53.209767
218	85	3	21	65	start	t	2023-03-12 18:09:53.038503	2023-03-12 18:09:53.21336
233	239	8	21	16	substitute	\N	2023-03-12 18:09:53.227082	2023-03-12 18:09:53.227082
220	234	8	21	74	start	\N	2023-03-12 18:09:53.046737	2023-03-12 18:09:53.231046
234	247	8	21	16	substitute	\N	2023-03-12 18:09:53.242168	2023-03-12 18:09:53.242168
227	246	8	21	74	start	\N	2023-03-12 18:09:53.077343	2023-03-12 18:09:53.245438
235	262	8	21	15	substitute	\N	2023-03-12 18:09:53.258357	2023-03-12 18:09:53.258357
228	261	8	21	75	start	\N	2023-03-12 18:09:53.081288	2023-03-12 18:09:53.261385
236	233	8	21	2	substitute	\N	2023-03-12 18:09:53.274024	2023-03-12 18:09:53.274024
226	245	8	21	88	start	\N	2023-03-12 18:09:53.073254	2023-03-12 18:09:53.277101
237	249	8	21	2	substitute	\N	2023-03-12 18:09:53.287755	2023-03-12 18:09:53.287755
225	251	8	21	88	start	\N	2023-03-12 18:09:53.069135	2023-03-12 18:09:53.291087
238	502	16	22	90	start	t	2023-03-12 18:10:01.798753	2023-03-12 18:10:01.798753
239	506	16	22	90	start	t	2023-03-12 18:10:01.803862	2023-03-12 18:10:01.803862
240	510	16	22	90	start	t	2023-03-12 18:10:01.808623	2023-03-12 18:10:01.808623
241	509	16	22	90	start	t	2023-03-12 18:10:01.812725	2023-03-12 18:10:01.812725
242	507	16	22	90	start	t	2023-03-12 18:10:01.817633	2023-03-12 18:10:01.817633
244	518	16	22	90	start	t	2023-03-12 18:10:01.827747	2023-03-12 18:10:01.827747
245	522	16	22	90	start	t	2023-03-12 18:10:01.833234	2023-03-12 18:10:01.833234
249	638	20	22	90	start	\N	2023-03-12 18:10:01.851839	2023-03-12 18:10:01.851839
250	650	20	22	90	start	\N	2023-03-12 18:10:01.856885	2023-03-12 18:10:01.856885
251	644	20	22	90	start	\N	2023-03-12 18:10:01.86126	2023-03-12 18:10:01.86126
252	643	20	22	90	start	\N	2023-03-12 18:10:01.86586	2023-03-12 18:10:01.86586
253	641	20	22	90	start	\N	2023-03-12 18:10:01.871565	2023-03-12 18:10:01.871565
256	660	20	22	90	start	\N	2023-03-12 18:10:01.886746	2023-03-12 18:10:01.886746
257	659	20	22	90	start	\N	2023-03-12 18:10:01.891491	2023-03-12 18:10:01.891491
258	662	20	22	90	start	\N	2023-03-12 18:10:01.895768	2023-03-12 18:10:01.895768
260	661	20	22	24	substitute	\N	2023-03-12 18:10:01.957043	2023-03-12 18:10:01.957043
259	663	20	22	66	start	\N	2023-03-12 18:10:01.900573	2023-03-12 18:10:01.959967
261	530	16	22	20	substitute	t	2023-03-12 18:10:01.969281	2023-03-12 18:10:01.969281
248	531	16	22	70	start	t	2023-03-12 18:10:01.846953	2023-03-12 18:10:01.972258
262	517	16	22	20	substitute	t	2023-03-12 18:10:01.98123	2023-03-12 18:10:01.98123
246	528	16	22	70	start	t	2023-03-12 18:10:01.838071	2023-03-12 18:10:01.984489
263	653	20	22	17	substitute	\N	2023-03-12 18:10:02.034274	2023-03-12 18:10:02.034274
254	654	20	22	73	start	\N	2023-03-12 18:10:01.876427	2023-03-12 18:10:02.038261
264	658	20	22	17	substitute	\N	2023-03-12 18:10:02.054754	2023-03-12 18:10:02.054754
255	656	20	22	73	start	\N	2023-03-12 18:10:01.881312	2023-03-12 18:10:02.058095
265	521	16	22	8	substitute	t	2023-03-12 18:10:02.077142	2023-03-12 18:10:02.077142
243	519	16	22	82	start	t	2023-03-12 18:10:01.822555	2023-03-12 18:10:02.080048
266	516	16	22	8	substitute	t	2023-03-12 18:10:02.090002	2023-03-12 18:10:02.090002
247	529	16	22	82	start	t	2023-03-12 18:10:01.842709	2023-03-12 18:10:02.093001
267	512	16	22	0	substitute	t	2023-03-12 18:10:02.102552	2023-03-12 18:10:02.102552
268	267	9	23	90	start	t	2023-03-12 18:10:10.620005	2023-03-12 18:10:10.620005
269	272	9	23	90	start	t	2023-03-12 18:10:10.624174	2023-03-12 18:10:10.624174
270	281	9	23	90	start	t	2023-03-12 18:10:10.628608	2023-03-12 18:10:10.628608
271	274	9	23	90	start	t	2023-03-12 18:10:10.632744	2023-03-12 18:10:10.632744
272	277	9	23	90	start	t	2023-03-12 18:10:10.637048	2023-03-12 18:10:10.637048
273	273	9	23	90	start	t	2023-03-12 18:10:10.641358	2023-03-12 18:10:10.641358
276	299	9	23	90	start	t	2023-03-12 18:10:10.653559	2023-03-12 18:10:10.653559
277	298	9	23	90	start	t	2023-03-12 18:10:10.657682	2023-03-12 18:10:10.657682
278	297	9	23	90	start	t	2023-03-12 18:10:10.662159	2023-03-12 18:10:10.662159
279	601	19	23	90	start	\N	2023-03-12 18:10:10.666283	2023-03-12 18:10:10.666283
280	605	19	23	90	start	\N	2023-03-12 18:10:10.671183	2023-03-12 18:10:10.671183
281	612	19	23	90	start	\N	2023-03-12 18:10:10.675493	2023-03-12 18:10:10.675493
282	609	19	23	90	start	\N	2023-03-12 18:10:10.682699	2023-03-12 18:10:10.682699
283	606	19	23	90	start	\N	2023-03-12 18:10:10.688848	2023-03-12 18:10:10.688848
284	608	19	23	90	start	\N	2023-03-12 18:10:10.693768	2023-03-12 18:10:10.693768
287	623	19	23	90	start	\N	2023-03-12 18:10:10.70906	2023-03-12 18:10:10.70906
289	634	19	23	90	start	\N	2023-03-12 18:10:10.71991	2023-03-12 18:10:10.71991
290	626	19	23	35	substitute	\N	2023-03-12 18:10:10.76812	2023-03-12 18:10:10.76812
286	619	19	23	55	start	\N	2023-03-12 18:10:10.703957	2023-03-12 18:10:10.771922
291	286	9	23	33	substitute	t	2023-03-12 18:10:10.781276	2023-03-12 18:10:10.781276
275	759	9	23	57	start	t	2023-03-12 18:10:10.649659	2023-03-12 18:10:10.796187
288	632	19	23	61	start	\N	2023-03-12 18:10:10.714821	2023-03-12 18:10:10.815143
285	622	19	23	84	start	\N	2023-03-12 18:10:10.699018	2023-03-12 18:10:10.833675
274	289	9	23	57	start	t	2023-03-12 18:10:10.645248	2023-03-12 18:10:10.784146
292	295	9	23	33	substitute	t	2023-03-12 18:10:10.793134	2023-03-12 18:10:10.793134
293	621	19	23	29	substitute	\N	2023-03-12 18:10:10.81225	2023-03-12 18:10:10.81225
294	625	19	23	6	substitute	\N	2023-03-12 18:10:10.830817	2023-03-12 18:10:10.830817
295	94	4	24	90	start	t	2023-03-12 18:10:19.386893	2023-03-12 18:10:19.386893
296	99	4	24	90	start	t	2023-03-12 18:10:19.400121	2023-03-12 18:10:19.400121
298	97	4	24	90	start	t	2023-03-12 18:10:19.416047	2023-03-12 18:10:19.416047
299	102	4	24	90	start	t	2023-03-12 18:10:19.42008	2023-03-12 18:10:19.42008
300	113	4	24	90	start	t	2023-03-12 18:10:19.424399	2023-03-12 18:10:19.424399
301	115	4	24	90	start	t	2023-03-12 18:10:19.428325	2023-03-12 18:10:19.428325
302	107	4	24	90	start	t	2023-03-12 18:10:19.432187	2023-03-12 18:10:19.432187
303	121	4	24	90	start	t	2023-03-12 18:10:19.436199	2023-03-12 18:10:19.436199
304	120	4	24	90	start	t	2023-03-12 18:10:19.439934	2023-03-12 18:10:19.439934
306	535	17	24	90	start	\N	2023-03-12 18:10:19.447603	2023-03-12 18:10:19.447603
307	544	17	24	90	start	\N	2023-03-12 18:10:19.451546	2023-03-12 18:10:19.451546
308	543	17	24	90	start	\N	2023-03-12 18:10:19.455368	2023-03-12 18:10:19.455368
309	539	17	24	90	start	\N	2023-03-12 18:10:19.459414	2023-03-12 18:10:19.459414
311	548	17	24	90	start	\N	2023-03-12 18:10:19.467192	2023-03-12 18:10:19.467192
314	560	17	24	90	start	\N	2023-03-12 18:10:19.479061	2023-03-12 18:10:19.479061
316	561	17	24	90	start	\N	2023-03-12 18:10:19.486775	2023-03-12 18:10:19.486775
317	562	17	24	31	substitute	\N	2023-03-12 18:10:19.53592	2023-03-12 18:10:19.53592
310	538	17	24	59	start	\N	2023-03-12 18:10:19.4634	2023-03-12 18:10:19.53849
318	555	17	24	30	substitute	\N	2023-03-12 18:10:19.572383	2023-03-12 18:10:19.572383
313	550	17	24	60	start	\N	2023-03-12 18:10:19.47529	2023-03-12 18:10:19.578303
319	554	17	24	16	substitute	\N	2023-03-12 18:10:19.597446	2023-03-12 18:10:19.597446
312	551	17	24	74	start	\N	2023-03-12 18:10:19.471317	2023-03-12 18:10:19.600426
320	100	4	24	13	substitute	t	2023-03-12 18:10:19.608811	2023-03-12 18:10:19.608811
297	95	4	24	77	start	t	2023-03-12 18:10:19.411784	2023-03-12 18:10:19.611504
321	110	4	24	13	substitute	t	2023-03-12 18:10:19.619899	2023-03-12 18:10:19.619899
305	755	4	24	77	start	t	2023-03-12 18:10:19.443843	2023-03-12 18:10:19.622531
322	559	17	24	7	substitute	\N	2023-03-12 18:10:19.638311	2023-03-12 18:10:19.638311
315	558	17	24	83	start	\N	2023-03-12 18:10:19.483085	2023-03-12 18:10:19.640857
323	98	4	24	0	substitute	t	2023-03-12 18:10:19.648561	2023-03-12 18:10:19.648561
324	302	10	26	90	start	t	2023-03-12 18:10:28.145231	2023-03-12 18:10:28.145231
325	309	10	26	90	start	t	2023-03-12 18:10:28.149656	2023-03-12 18:10:28.149656
326	310	10	26	90	start	t	2023-03-12 18:10:28.154219	2023-03-12 18:10:28.154219
327	313	10	26	90	start	t	2023-03-12 18:10:28.15824	2023-03-12 18:10:28.15824
328	305	10	26	90	start	t	2023-03-12 18:10:28.162294	2023-03-12 18:10:28.162294
329	322	10	26	90	start	t	2023-03-12 18:10:28.166768	2023-03-12 18:10:28.166768
330	318	10	26	90	start	t	2023-03-12 18:10:28.17084	2023-03-12 18:10:28.17084
331	320	10	26	90	start	t	2023-03-12 18:10:28.174579	2023-03-12 18:10:28.174579
335	200	7	26	90	start	\N	2023-03-12 18:10:28.190434	2023-03-12 18:10:28.190434
336	201	7	26	90	start	\N	2023-03-12 18:10:28.194173	2023-03-12 18:10:28.194173
337	206	7	26	90	start	\N	2023-03-12 18:10:28.197969	2023-03-12 18:10:28.197969
338	208	7	26	90	start	\N	2023-03-12 18:10:28.202022	2023-03-12 18:10:28.202022
339	216	7	26	90	start	\N	2023-03-12 18:10:28.205819	2023-03-12 18:10:28.205819
340	213	7	26	90	start	\N	2023-03-12 18:10:28.209886	2023-03-12 18:10:28.209886
342	215	7	26	90	start	\N	2023-03-12 18:10:28.217676	2023-03-12 18:10:28.217676
343	218	7	26	90	start	\N	2023-03-12 18:10:28.221574	2023-03-12 18:10:28.221574
346	222	7	26	31	substitute	\N	2023-03-12 18:10:28.243115	2023-03-12 18:10:28.243115
345	223	7	26	59	start	\N	2023-03-12 18:10:28.229065	2023-03-12 18:10:28.245424
347	330	10	26	25	substitute	t	2023-03-12 18:10:28.259011	2023-03-12 18:10:28.259011
333	327	10	26	65	start	t	2023-03-12 18:10:28.182852	2023-03-12 18:10:28.261232
348	317	10	26	25	substitute	t	2023-03-12 18:10:28.268426	2023-03-12 18:10:28.268426
334	329	10	26	65	start	t	2023-03-12 18:10:28.186496	2023-03-12 18:10:28.270837
349	214	7	26	20	substitute	\N	2023-03-12 18:10:28.284449	2023-03-12 18:10:28.284449
344	221	7	26	70	start	\N	2023-03-12 18:10:28.225345	2023-03-12 18:10:28.286884
350	328	10	26	14	substitute	t	2023-03-12 18:10:28.301572	2023-03-12 18:10:28.301572
332	316	10	26	76	start	t	2023-03-12 18:10:28.178715	2023-03-12 18:10:28.303935
351	202	7	26	2	substitute	\N	2023-03-12 18:10:28.324071	2023-03-12 18:10:28.324071
341	212	7	26	88	start	\N	2023-03-12 18:10:28.213621	2023-03-12 18:10:28.326666
352	1	1	27	90	start	t	2023-03-12 18:10:36.849007	2023-03-12 18:10:36.849007
354	10	1	27	90	start	t	2023-03-12 18:10:36.856811	2023-03-12 18:10:36.856811
355	8	1	27	90	start	t	2023-03-12 18:10:36.861125	2023-03-12 18:10:36.861125
356	9	1	27	90	start	t	2023-03-12 18:10:36.866703	2023-03-12 18:10:36.866703
357	22	1	27	90	start	t	2023-03-12 18:10:36.872771	2023-03-12 18:10:36.872771
360	16	1	27	90	start	t	2023-03-12 18:10:36.89019	2023-03-12 18:10:36.89019
363	158	6	27	90	start	\N	2023-03-12 18:10:36.903734	2023-03-12 18:10:36.903734
364	173	6	27	90	start	\N	2023-03-12 18:10:36.908463	2023-03-12 18:10:36.908463
365	164	6	27	90	start	\N	2023-03-12 18:10:36.91274	2023-03-12 18:10:36.91274
366	165	6	27	90	start	\N	2023-03-12 18:10:36.916987	2023-03-12 18:10:36.916987
368	183	6	27	90	start	\N	2023-03-12 18:10:36.925655	2023-03-12 18:10:36.925655
371	189	6	27	90	start	\N	2023-03-12 18:10:36.942513	2023-03-12 18:10:36.942513
372	188	6	27	90	start	\N	2023-03-12 18:10:36.947282	2023-03-12 18:10:36.947282
373	191	6	27	90	start	\N	2023-03-12 18:10:36.952229	2023-03-12 18:10:36.952229
374	24	1	27	44	substitute	t	2023-03-12 18:10:37.000658	2023-03-12 18:10:37.000658
361	28	1	27	46	start	t	2023-03-12 18:10:36.894941	2023-03-12 18:10:37.003838
375	176	6	27	31	substitute	\N	2023-03-12 18:10:37.021948	2023-03-12 18:10:37.021948
369	180	6	27	59	start	\N	2023-03-12 18:10:36.930567	2023-03-12 18:10:37.024822
376	18	1	27	19	substitute	t	2023-03-12 18:10:37.033607	2023-03-12 18:10:37.033607
359	27	1	27	71	start	t	2023-03-12 18:10:36.884481	2023-03-12 18:10:37.03667
377	184	6	27	17	substitute	\N	2023-03-12 18:10:37.045598	2023-03-12 18:10:37.045598
370	178	6	27	73	start	\N	2023-03-12 18:10:36.936035	2023-03-12 18:10:37.048451
378	167	6	27	5	substitute	\N	2023-03-12 18:10:37.108466	2023-03-12 18:10:37.108466
367	169	6	27	85	start	\N	2023-03-12 18:10:36.921444	2023-03-12 18:10:37.112827
379	21	1	27	4	substitute	t	2023-03-12 18:10:37.132151	2023-03-12 18:10:37.132151
358	17	1	27	86	start	t	2023-03-12 18:10:36.879531	2023-03-12 18:10:37.136104
380	13	1	27	4	substitute	t	2023-03-12 18:10:37.150188	2023-03-12 18:10:37.150188
353	11	1	27	86	start	t	2023-03-12 18:10:36.853029	2023-03-12 18:10:37.154453
381	882	1	27	4	substitute	t	2023-03-12 18:10:37.166267	2023-03-12 18:10:37.166267
362	25	1	27	86	start	t	2023-03-12 18:10:36.899458	2023-03-12 18:10:37.170104
382	33	2	28	90	start	t	2023-03-12 18:10:45.630049	2023-03-12 18:10:45.630049
383	36	2	28	90	start	t	2023-03-12 18:10:45.634431	2023-03-12 18:10:45.634431
384	39	2	28	90	start	t	2023-03-12 18:10:45.638715	2023-03-12 18:10:45.638715
385	38	2	28	90	start	t	2023-03-12 18:10:45.64322	2023-03-12 18:10:45.64322
386	45	2	28	90	start	t	2023-03-12 18:10:45.647653	2023-03-12 18:10:45.647653
388	54	2	28	90	start	t	2023-03-12 18:10:45.656401	2023-03-12 18:10:45.656401
387	51	2	28	70	start	t	2023-03-12 18:10:45.652035	2023-03-12 18:10:45.81798
389	55	2	28	90	start	t	2023-03-12 18:10:45.660304	2023-03-12 18:10:45.660304
392	57	2	28	90	start	t	2023-03-12 18:10:45.672326	2023-03-12 18:10:45.672326
393	445	14	28	90	start	\N	2023-03-12 18:10:45.676029	2023-03-12 18:10:45.676029
394	447	14	28	90	start	\N	2023-03-12 18:10:45.679873	2023-03-12 18:10:45.679873
395	449	14	28	90	start	\N	2023-03-12 18:10:45.683753	2023-03-12 18:10:45.683753
397	451	14	28	90	start	\N	2023-03-12 18:10:45.691641	2023-03-12 18:10:45.691641
398	460	14	28	90	start	\N	2023-03-12 18:10:45.695537	2023-03-12 18:10:45.695537
399	459	14	28	90	start	\N	2023-03-12 18:10:45.699519	2023-03-12 18:10:45.699519
400	457	14	28	90	start	\N	2023-03-12 18:10:45.70337	2023-03-12 18:10:45.70337
401	461	14	28	90	start	\N	2023-03-12 18:10:45.70725	2023-03-12 18:10:45.70725
402	466	14	28	90	start	\N	2023-03-12 18:10:45.71111	2023-03-12 18:10:45.71111
403	463	14	28	90	start	\N	2023-03-12 18:10:45.715087	2023-03-12 18:10:45.715087
404	448	14	28	69	substitute	\N	2023-03-12 18:10:45.74329	2023-03-12 18:10:45.74329
396	450	14	28	21	start	\N	2023-03-12 18:10:45.687811	2023-03-12 18:10:45.745629
405	59	2	28	20	substitute	t	2023-03-12 18:10:45.801507	2023-03-12 18:10:45.801507
391	56	2	28	70	start	t	2023-03-12 18:10:45.668339	2023-03-12 18:10:45.804564
406	53	2	28	20	substitute	t	2023-03-12 18:10:45.814236	2023-03-12 18:10:45.814236
407	49	2	28	7	substitute	t	2023-03-12 18:10:45.839823	2023-03-12 18:10:45.839823
390	50	2	28	83	start	t	2023-03-12 18:10:45.664395	2023-03-12 18:10:45.84277
408	43	2	28	0	substitute	t	2023-03-12 18:10:45.852156	2023-03-12 18:10:45.852156
409	331	11	29	90	start	t	2023-03-12 18:10:54.373361	2023-03-12 18:10:54.373361
410	336	11	29	90	start	t	2023-03-12 18:10:54.377693	2023-03-12 18:10:54.377693
411	338	11	29	90	start	t	2023-03-12 18:10:54.38193	2023-03-12 18:10:54.38193
412	342	11	29	90	start	t	2023-03-12 18:10:54.38638	2023-03-12 18:10:54.38638
413	337	11	29	90	start	t	2023-03-12 18:10:54.391107	2023-03-12 18:10:54.391107
414	350	11	29	90	start	t	2023-03-12 18:10:54.395519	2023-03-12 18:10:54.395519
415	355	11	29	90	start	t	2023-03-12 18:10:54.399822	2023-03-12 18:10:54.399822
419	365	11	29	90	start	t	2023-03-12 18:10:54.438674	2023-03-12 18:10:54.438674
420	127	5	29	90	start	\N	2023-03-12 18:10:54.453867	2023-03-12 18:10:54.453867
421	133	5	29	90	start	\N	2023-03-12 18:10:54.461055	2023-03-12 18:10:54.461055
422	131	5	29	90	start	\N	2023-03-12 18:10:54.467753	2023-03-12 18:10:54.467753
423	135	5	29	90	start	\N	2023-03-12 18:10:54.47416	2023-03-12 18:10:54.47416
425	143	5	29	90	start	\N	2023-03-12 18:10:54.483783	2023-03-12 18:10:54.483783
426	140	5	29	90	start	\N	2023-03-12 18:10:54.489	2023-03-12 18:10:54.489
431	651	5	29	32	substitute	\N	2023-03-12 18:10:54.535753	2023-03-12 18:10:54.535753
427	144	5	29	58	start	\N	2023-03-12 18:10:54.493521	2023-03-12 18:10:54.539014
432	149	5	29	31	substitute	\N	2023-03-12 18:10:54.547956	2023-03-12 18:10:54.547956
429	141	5	29	59	start	\N	2023-03-12 18:10:54.50355	2023-03-12 18:10:54.551387
433	156	5	29	19	substitute	\N	2023-03-12 18:10:54.585598	2023-03-12 18:10:54.585598
424	148	5	29	71	start	\N	2023-03-12 18:10:54.478951	2023-03-12 18:10:54.588818
434	134	5	29	19	substitute	\N	2023-03-12 18:10:54.597417	2023-03-12 18:10:54.597417
428	130	5	29	71	start	\N	2023-03-12 18:10:54.498268	2023-03-12 18:10:54.600595
435	364	11	29	14	substitute	t	2023-03-12 18:10:54.610053	2023-03-12 18:10:54.610053
418	363	11	29	76	start	t	2023-03-12 18:10:54.413523	2023-03-12 18:10:54.61278
436	352	11	29	14	substitute	t	2023-03-12 18:10:54.621893	2023-03-12 18:10:54.621893
416	351	11	29	76	start	t	2023-03-12 18:10:54.404503	2023-03-12 18:10:54.625143
437	150	5	29	9	substitute	\N	2023-03-12 18:10:54.634116	2023-03-12 18:10:54.634116
430	151	5	29	81	start	\N	2023-03-12 18:10:54.508437	2023-03-12 18:10:54.637085
438	356	11	29	4	substitute	t	2023-03-12 18:10:54.646039	2023-03-12 18:10:54.646039
417	353	11	29	86	start	t	2023-03-12 18:10:54.409261	2023-03-12 18:10:54.649152
439	370	12	30	90	start	t	2023-03-12 18:11:03.163932	2023-03-12 18:11:03.163932
441	376	12	30	90	start	t	2023-03-12 18:11:03.174054	2023-03-12 18:11:03.174054
442	380	12	30	90	start	t	2023-03-12 18:11:03.178202	2023-03-12 18:11:03.178202
443	375	12	30	90	start	t	2023-03-12 18:11:03.182517	2023-03-12 18:11:03.182517
444	392	12	30	90	start	t	2023-03-12 18:11:03.187236	2023-03-12 18:11:03.187236
445	394	12	30	90	start	t	2023-03-12 18:11:03.19201	2023-03-12 18:11:03.19201
446	404	12	30	90	start	t	2023-03-12 18:11:03.196527	2023-03-12 18:11:03.196527
450	469	15	30	90	start	\N	2023-03-12 18:11:03.213763	2023-03-12 18:11:03.213763
451	478	15	30	90	start	\N	2023-03-12 18:11:03.21832	2023-03-12 18:11:03.21832
452	474	15	30	90	start	\N	2023-03-12 18:11:03.222584	2023-03-12 18:11:03.222584
453	473	15	30	90	start	\N	2023-03-12 18:11:03.227061	2023-03-12 18:11:03.227061
455	485	15	30	90	start	\N	2023-03-12 18:11:03.266919	2023-03-12 18:11:03.266919
456	484	15	30	90	start	\N	2023-03-12 18:11:03.2726	2023-03-12 18:11:03.2726
457	490	15	30	90	start	\N	2023-03-12 18:11:03.279115	2023-03-12 18:11:03.279115
458	496	15	30	90	start	\N	2023-03-12 18:11:03.285669	2023-03-12 18:11:03.285669
460	497	15	30	90	start	\N	2023-03-12 18:11:03.296205	2023-03-12 18:11:03.296205
461	401	12	30	28	substitute	t	2023-03-12 18:11:03.326096	2023-03-12 18:11:03.326096
447	388	12	30	62	start	t	2023-03-12 18:11:03.200702	2023-03-12 18:11:03.328988
462	477	15	30	27	substitute	\N	2023-03-12 18:11:03.340641	2023-03-12 18:11:03.340641
459	486	15	30	63	start	\N	2023-03-12 18:11:03.291377	2023-03-12 18:11:03.3438
463	403	12	30	16	substitute	t	2023-03-12 18:11:03.370326	2023-03-12 18:11:03.370326
449	402	12	30	74	start	t	2023-03-12 18:11:03.209708	2023-03-12 18:11:03.373383
464	374	12	30	15	substitute	t	2023-03-12 18:11:03.382251	2023-03-12 18:11:03.382251
440	377	12	30	75	start	t	2023-03-12 18:11:03.169388	2023-03-12 18:11:03.385613
465	389	12	30	15	substitute	t	2023-03-12 18:11:03.39459	2023-03-12 18:11:03.39459
448	405	12	30	75	start	t	2023-03-12 18:11:03.205333	2023-03-12 18:11:03.397516
466	870	15	30	5	substitute	\N	2023-03-12 18:11:03.407045	2023-03-12 18:11:03.407045
454	483	15	30	85	start	\N	2023-03-12 18:11:03.231036	2023-03-12 18:11:03.409901
467	489	15	30	0	substitute	\N	2023-03-12 18:11:03.418575	2023-03-12 18:11:03.418575
468	228	8	31	90	start	t	2023-03-12 18:11:11.894843	2023-03-12 18:11:11.894843
469	234	8	31	90	start	t	2023-03-12 18:11:11.899736	2023-03-12 18:11:11.899736
470	236	8	31	90	start	t	2023-03-12 18:11:11.904858	2023-03-12 18:11:11.904858
471	235	8	31	90	start	t	2023-03-12 18:11:11.909822	2023-03-12 18:11:11.909822
473	250	8	31	90	start	t	2023-03-12 18:11:11.919742	2023-03-12 18:11:11.919742
474	251	8	31	90	start	t	2023-03-12 18:11:11.925099	2023-03-12 18:11:11.925099
475	245	8	31	90	start	t	2023-03-12 18:11:11.929682	2023-03-12 18:11:11.929682
476	246	8	31	90	start	t	2023-03-12 18:11:11.935008	2023-03-12 18:11:11.935008
477	261	8	31	90	start	t	2023-03-12 18:11:11.939798	2023-03-12 18:11:11.939798
479	94	4	31	90	start	\N	2023-03-12 18:11:11.949205	2023-03-12 18:11:11.949205
481	97	4	31	90	start	\N	2023-03-12 18:11:11.958871	2023-03-12 18:11:11.958871
483	102	4	31	90	start	\N	2023-03-12 18:11:11.968301	2023-03-12 18:11:11.968301
484	107	4	31	90	start	\N	2023-03-12 18:11:11.973112	2023-03-12 18:11:11.973112
472	233	8	31	61	start	t	2023-03-12 18:11:11.914552	2023-03-12 18:11:12.094432
480	95	4	31	79	start	\N	2023-03-12 18:11:11.953879	2023-03-12 18:11:12.13719
482	99	4	31	88	start	\N	2023-03-12 18:11:11.963142	2023-03-12 18:11:12.171846
478	260	8	31	89	start	t	2023-03-12 18:11:11.944219	2023-03-12 18:11:12.19605
486	121	4	31	90	start	\N	2023-03-12 18:11:11.982565	2023-03-12 18:11:11.982565
489	120	4	31	90	start	\N	2023-03-12 18:11:11.996843	2023-03-12 18:11:11.996843
490	262	8	31	29	substitute	t	2023-03-12 18:11:12.091286	2023-03-12 18:11:12.091286
491	110	4	31	21	substitute	\N	2023-03-12 18:11:12.112646	2023-03-12 18:11:12.112646
488	108	4	31	69	start	\N	2023-03-12 18:11:11.992593	2023-03-12 18:11:12.116033
492	100	4	31	11	substitute	\N	2023-03-12 18:11:12.13426	2023-03-12 18:11:12.13426
493	101	4	31	11	substitute	\N	2023-03-12 18:11:12.146316	2023-03-12 18:11:12.146316
487	113	4	31	79	start	\N	2023-03-12 18:11:11.987322	2023-03-12 18:11:12.149199
494	755	4	31	2	substitute	\N	2023-03-12 18:11:12.168844	2023-03-12 18:11:12.168844
495	112	4	31	2	substitute	\N	2023-03-12 18:11:12.180565	2023-03-12 18:11:12.180565
485	115	4	31	88	start	\N	2023-03-12 18:11:11.977632	2023-03-12 18:11:12.184016
496	239	8	31	1	substitute	t	2023-03-12 18:11:12.193197	2023-03-12 18:11:12.193197
497	237	8	31	0	substitute	t	2023-03-12 18:11:12.205431	2023-03-12 18:11:12.205431
498	638	20	32	90	start	t	2023-03-12 18:11:20.677763	2023-03-12 18:11:20.677763
499	641	20	32	90	start	t	2023-03-12 18:11:20.68283	2023-03-12 18:11:20.68283
500	643	20	32	90	start	t	2023-03-12 18:11:20.688075	2023-03-12 18:11:20.688075
501	645	20	32	90	start	t	2023-03-12 18:11:20.693191	2023-03-12 18:11:20.693191
502	650	20	32	90	start	t	2023-03-12 18:11:20.697614	2023-03-12 18:11:20.697614
504	660	20	32	90	start	t	2023-03-12 18:11:20.707909	2023-03-12 18:11:20.707909
505	654	20	32	90	start	t	2023-03-12 18:11:20.712576	2023-03-12 18:11:20.712576
507	662	20	32	90	start	t	2023-03-12 18:11:20.722162	2023-03-12 18:11:20.722162
509	370	12	32	90	start	\N	2023-03-12 18:11:20.73188	2023-03-12 18:11:20.73188
510	380	12	32	90	start	\N	2023-03-12 18:11:20.737191	2023-03-12 18:11:20.737191
511	376	12	32	90	start	\N	2023-03-12 18:11:20.74217	2023-03-12 18:11:20.74217
512	375	12	32	90	start	\N	2023-03-12 18:11:20.746644	2023-03-12 18:11:20.746644
514	392	12	32	90	start	\N	2023-03-12 18:11:20.756418	2023-03-12 18:11:20.756418
515	394	12	32	90	start	\N	2023-03-12 18:11:20.761277	2023-03-12 18:11:20.761277
516	388	12	32	90	start	\N	2023-03-12 18:11:20.765726	2023-03-12 18:11:20.765726
518	404	12	32	90	start	\N	2023-03-12 18:11:20.775757	2023-03-12 18:11:20.775757
520	377	12	32	67	substitute	\N	2023-03-12 18:11:20.791037	2023-03-12 18:11:20.791037
513	374	12	32	23	start	\N	2023-03-12 18:11:20.751647	2023-03-12 18:11:20.794484
521	405	12	32	44	substitute	\N	2023-03-12 18:11:20.835948	2023-03-12 18:11:20.835948
517	382	12	32	46	start	\N	2023-03-12 18:11:20.770833	2023-03-12 18:11:20.840545
522	402	12	32	25	substitute	\N	2023-03-12 18:11:20.868501	2023-03-12 18:11:20.868501
519	401	12	32	65	start	\N	2023-03-12 18:11:20.780125	2023-03-12 18:11:20.871816
523	656	20	32	24	substitute	t	2023-03-12 18:11:20.881353	2023-03-12 18:11:20.881353
506	658	20	32	66	start	t	2023-03-12 18:11:20.717286	2023-03-12 18:11:20.884528
524	659	20	32	24	substitute	t	2023-03-12 18:11:20.894359	2023-03-12 18:11:20.894359
503	653	20	32	66	start	t	2023-03-12 18:11:20.702899	2023-03-12 18:11:20.897318
525	663	20	32	12	substitute	t	2023-03-12 18:11:20.915316	2023-03-12 18:11:20.915316
508	661	20	32	78	start	t	2023-03-12 18:11:20.727277	2023-03-12 18:11:20.918725
526	664	20	32	0	substitute	t	2023-03-12 18:11:20.936658	2023-03-12 18:11:20.936658
527	535	17	33	90	start	t	2023-03-12 18:11:29.41367	2023-03-12 18:11:29.41367
528	538	17	33	90	start	t	2023-03-12 18:11:29.418355	2023-03-12 18:11:29.418355
530	543	17	33	90	start	t	2023-03-12 18:11:29.427546	2023-03-12 18:11:29.427546
531	539	17	33	90	start	t	2023-03-12 18:11:29.431684	2023-03-12 18:11:29.431684
532	551	17	33	90	start	t	2023-03-12 18:11:29.436415	2023-03-12 18:11:29.436415
534	550	17	33	90	start	t	2023-03-12 18:11:29.466904	2023-03-12 18:11:29.466904
536	560	17	33	90	start	t	2023-03-12 18:11:29.476459	2023-03-12 18:11:29.476459
538	267	9	33	90	start	\N	2023-03-12 18:11:29.485474	2023-03-12 18:11:29.485474
540	281	9	33	90	start	\N	2023-03-12 18:11:29.494514	2023-03-12 18:11:29.494514
541	272	9	33	90	start	\N	2023-03-12 18:11:29.498703	2023-03-12 18:11:29.498703
542	273	9	33	90	start	\N	2023-03-12 18:11:29.503545	2023-03-12 18:11:29.503545
544	299	9	33	90	start	\N	2023-03-12 18:11:29.512249	2023-03-12 18:11:29.512249
546	297	9	33	90	start	\N	2023-03-12 18:11:29.521298	2023-03-12 18:11:29.521298
548	298	9	33	90	start	\N	2023-03-12 18:11:29.530403	2023-03-12 18:11:29.530403
549	554	17	33	22	substitute	t	2023-03-12 18:11:29.557948	2023-03-12 18:11:29.557948
529	542	17	33	68	start	t	2023-03-12 18:11:29.422875	2023-03-12 18:11:29.561073
550	562	17	33	22	substitute	t	2023-03-12 18:11:29.570369	2023-03-12 18:11:29.570369
537	558	17	33	68	start	t	2023-03-12 18:11:29.48086	2023-03-12 18:11:29.573273
551	275	9	33	22	substitute	\N	2023-03-12 18:11:29.582441	2023-03-12 18:11:29.582441
539	274	9	33	68	start	\N	2023-03-12 18:11:29.489986	2023-03-12 18:11:29.5857
552	555	17	33	21	substitute	t	2023-03-12 18:11:29.595015	2023-03-12 18:11:29.595015
533	548	17	33	69	start	t	2023-03-12 18:11:29.46212	2023-03-12 18:11:29.597788
553	553	17	33	12	substitute	t	2023-03-12 18:11:29.64215	2023-03-12 18:11:29.64215
535	561	17	33	78	start	t	2023-03-12 18:11:29.471941	2023-03-12 18:11:29.646948
554	289	9	33	12	substitute	\N	2023-03-12 18:11:29.659832	2023-03-12 18:11:29.659832
543	286	9	33	78	start	\N	2023-03-12 18:11:29.507998	2023-03-12 18:11:29.662992
555	280	9	33	4	substitute	\N	2023-03-12 18:11:29.692921	2023-03-12 18:11:29.692921
545	277	9	33	86	start	\N	2023-03-12 18:11:29.516657	2023-03-12 18:11:29.695858
556	759	9	33	4	substitute	\N	2023-03-12 18:11:29.705554	2023-03-12 18:11:29.705554
547	295	9	33	86	start	\N	2023-03-12 18:11:29.526161	2023-03-12 18:11:29.708866
557	869	17	33	0	substitute	t	2023-03-12 18:11:29.735837	2023-03-12 18:11:29.735837
558	469	15	34	90	start	t	2023-03-12 18:11:38.179955	2023-03-12 18:11:38.179955
560	473	15	34	90	start	t	2023-03-12 18:11:38.197225	2023-03-12 18:11:38.197225
561	474	15	34	90	start	t	2023-03-12 18:11:38.202263	2023-03-12 18:11:38.202263
564	484	15	34	90	start	t	2023-03-12 18:11:38.215834	2023-03-12 18:11:38.215834
565	490	15	34	90	start	t	2023-03-12 18:11:38.220593	2023-03-12 18:11:38.220593
567	485	15	34	90	start	t	2023-03-12 18:11:38.229743	2023-03-12 18:11:38.229743
569	564	18	34	90	start	\N	2023-03-12 18:11:38.272255	2023-03-12 18:11:38.272255
570	575	18	34	90	start	\N	2023-03-12 18:11:38.280297	2023-03-12 18:11:38.280297
571	570	18	34	90	start	\N	2023-03-12 18:11:38.289488	2023-03-12 18:11:38.289488
572	572	18	34	90	start	\N	2023-03-12 18:11:38.294974	2023-03-12 18:11:38.294974
573	574	18	34	90	start	\N	2023-03-12 18:11:38.300712	2023-03-12 18:11:38.300712
574	584	18	34	90	start	\N	2023-03-12 18:11:38.305636	2023-03-12 18:11:38.305636
579	595	18	34	90	start	\N	2023-03-12 18:11:38.331039	2023-03-12 18:11:38.331039
580	596	18	34	31	substitute	\N	2023-03-12 18:11:38.372326	2023-03-12 18:11:38.372326
576	123	18	34	59	start	\N	2023-03-12 18:11:38.316101	2023-03-12 18:11:38.375653
581	586	18	34	31	substitute	\N	2023-03-12 18:11:38.385429	2023-03-12 18:11:38.385429
575	582	18	34	59	start	\N	2023-03-12 18:11:38.311126	2023-03-12 18:11:38.388547
582	870	15	34	20	substitute	t	2023-03-12 18:11:38.408888	2023-03-12 18:11:38.408888
559	478	15	34	70	start	t	2023-03-12 18:11:38.192202	2023-03-12 18:11:38.424938
566	496	15	34	79	start	t	2023-03-12 18:11:38.225364	2023-03-12 18:11:38.452164
562	477	15	34	79	start	t	2023-03-12 18:11:38.206574	2023-03-12 18:11:38.464759
577	581	18	34	82	start	\N	2023-03-12 18:11:38.321344	2023-03-12 18:11:38.486541
568	497	15	34	88	start	t	2023-03-12 18:11:38.255817	2023-03-12 18:11:38.508338
563	483	15	34	70	start	t	2023-03-12 18:11:38.211349	2023-03-12 18:11:38.411855
583	472	15	34	20	substitute	t	2023-03-12 18:11:38.4216	2023-03-12 18:11:38.4216
584	580	18	34	16	substitute	\N	2023-03-12 18:11:38.435775	2023-03-12 18:11:38.435775
578	583	18	34	74	start	\N	2023-03-12 18:11:38.326202	2023-03-12 18:11:38.438769
585	475	15	34	11	substitute	t	2023-03-12 18:11:38.448846	2023-03-12 18:11:38.448846
586	489	15	34	11	substitute	t	2023-03-12 18:11:38.461491	2023-03-12 18:11:38.461491
587	598	18	34	8	substitute	\N	2023-03-12 18:11:38.482912	2023-03-12 18:11:38.482912
588	476	15	34	2	substitute	t	2023-03-12 18:11:38.505014	2023-03-12 18:11:38.505014
589	409	13	35	90	start	t	2023-03-12 18:11:47.025336	2023-03-12 18:11:47.025336
590	414	13	35	90	start	t	2023-03-12 18:11:47.029818	2023-03-12 18:11:47.029818
591	412	13	35	90	start	t	2023-03-12 18:11:47.034461	2023-03-12 18:11:47.034461
592	411	13	35	90	start	t	2023-03-12 18:11:47.038855	2023-03-12 18:11:47.038855
593	417	13	35	90	start	t	2023-03-12 18:11:47.043502	2023-03-12 18:11:47.043502
594	426	13	35	90	start	t	2023-03-12 18:11:47.049713	2023-03-12 18:11:47.049713
595	430	13	35	90	start	t	2023-03-12 18:11:47.054467	2023-03-12 18:11:47.054467
598	431	13	35	90	start	t	2023-03-12 18:11:47.068615	2023-03-12 18:11:47.068615
600	302	10	35	90	start	\N	2023-03-12 18:11:47.077419	2023-03-12 18:11:47.077419
601	313	10	35	90	start	\N	2023-03-12 18:11:47.082008	2023-03-12 18:11:47.082008
602	310	10	35	90	start	\N	2023-03-12 18:11:47.087039	2023-03-12 18:11:47.087039
603	309	10	35	90	start	\N	2023-03-12 18:11:47.091646	2023-03-12 18:11:47.091646
604	305	10	35	90	start	\N	2023-03-12 18:11:47.096436	2023-03-12 18:11:47.096436
608	320	10	35	90	start	\N	2023-03-12 18:11:47.115301	2023-03-12 18:11:47.115301
609	316	10	35	90	start	\N	2023-03-12 18:11:47.120717	2023-03-12 18:11:47.120717
610	327	10	35	90	start	\N	2023-03-12 18:11:47.125292	2023-03-12 18:11:47.125292
611	416	13	35	44	substitute	t	2023-03-12 18:11:47.187325	2023-03-12 18:11:47.187325
597	427	13	35	46	start	t	2023-03-12 18:11:47.063676	2023-03-12 18:11:47.190629
612	328	10	35	35	substitute	\N	2023-03-12 18:11:47.212286	2023-03-12 18:11:47.212286
605	325	10	35	55	start	\N	2023-03-12 18:11:47.101093	2023-03-12 18:11:47.216121
613	329	10	35	35	substitute	\N	2023-03-12 18:11:47.227261	2023-03-12 18:11:47.227261
606	323	10	35	55	start	\N	2023-03-12 18:11:47.105922	2023-03-12 18:11:47.230844
614	424	13	35	15	substitute	t	2023-03-12 18:11:47.262256	2023-03-12 18:11:47.262256
596	422	13	35	75	start	t	2023-03-12 18:11:47.059298	2023-03-12 18:11:47.26631
615	425	13	35	15	substitute	t	2023-03-12 18:11:47.276935	2023-03-12 18:11:47.276935
599	440	13	35	75	start	t	2023-03-12 18:11:47.072842	2023-03-12 18:11:47.280304
616	322	10	35	1	substitute	\N	2023-03-12 18:11:47.291578	2023-03-12 18:11:47.291578
607	317	10	35	89	start	\N	2023-03-12 18:11:47.110812	2023-03-12 18:11:47.294837
617	413	13	35	0	substitute	t	2023-03-12 18:11:47.305907	2023-03-12 18:11:47.305907
618	158	6	36	90	start	t	2023-03-12 18:11:55.797561	2023-03-12 18:11:55.797561
620	164	6	36	90	start	t	2023-03-12 18:11:55.806348	2023-03-12 18:11:55.806348
621	165	6	36	90	start	t	2023-03-12 18:11:55.811016	2023-03-12 18:11:55.811016
624	176	6	36	90	start	t	2023-03-12 18:11:55.824286	2023-03-12 18:11:55.824286
626	189	6	36	90	start	t	2023-03-12 18:11:55.832798	2023-03-12 18:11:55.832798
628	191	6	36	90	start	t	2023-03-12 18:11:55.841691	2023-03-12 18:11:55.841691
629	60	3	36	90	start	\N	2023-03-12 18:11:55.846078	2023-03-12 18:11:55.846078
632	71	3	36	90	start	\N	2023-03-12 18:11:55.891259	2023-03-12 18:11:55.891259
633	72	3	36	90	start	\N	2023-03-12 18:11:55.899108	2023-03-12 18:11:55.899108
635	77	3	36	90	start	\N	2023-03-12 18:11:55.911563	2023-03-12 18:11:55.911563
636	92	3	36	90	start	\N	2023-03-12 18:11:55.916789	2023-03-12 18:11:55.916789
638	81	3	36	90	start	\N	2023-03-12 18:11:55.926355	2023-03-12 18:11:55.926355
639	91	3	36	90	start	\N	2023-03-12 18:11:55.930591	2023-03-12 18:11:55.930591
640	89	3	36	44	substitute	\N	2023-03-12 18:11:56.003781	2023-03-12 18:11:56.003781
630	68	3	36	46	start	\N	2023-03-12 18:11:55.850335	2023-03-12 18:11:56.006903
641	85	3	36	44	substitute	\N	2023-03-12 18:11:56.019431	2023-03-12 18:11:56.019431
637	78	3	36	46	start	\N	2023-03-12 18:11:55.921769	2023-03-12 18:11:56.022568
642	184	6	36	44	substitute	t	2023-03-12 18:11:56.032888	2023-03-12 18:11:56.032888
623	183	6	36	46	start	t	2023-03-12 18:11:55.819782	2023-03-12 18:11:56.03623
643	178	6	36	21	substitute	t	2023-03-12 18:11:56.057239	2023-03-12 18:11:56.057239
627	188	6	36	69	start	t	2023-03-12 18:11:55.83738	2023-03-12 18:11:56.060478
644	167	6	36	21	substitute	t	2023-03-12 18:11:56.070294	2023-03-12 18:11:56.070294
622	169	6	36	69	start	t	2023-03-12 18:11:55.815182	2023-03-12 18:11:56.073273
645	171	6	36	20	substitute	t	2023-03-12 18:11:56.082866	2023-03-12 18:11:56.082866
625	180	6	36	70	start	t	2023-03-12 18:11:55.828647	2023-03-12 18:11:56.086312
634	75	3	36	77	start	\N	2023-03-12 18:11:55.906628	2023-03-12 18:11:56.098521
647	79	3	36	8	substitute	\N	2023-03-12 18:11:56.116108	2023-03-12 18:11:56.116108
646	84	3	36	82	substitute	\N	2023-03-12 18:11:56.095603	2023-03-12 18:11:56.1193
648	886	3	36	8	substitute	\N	2023-03-12 18:11:56.128562	2023-03-12 18:11:56.128562
631	67	3	36	82	start	\N	2023-03-12 18:11:55.885998	2023-03-12 18:11:56.13156
649	193	6	36	7	substitute	t	2023-03-12 18:11:56.140935	2023-03-12 18:11:56.140935
619	173	6	36	83	start	t	2023-03-12 18:11:55.802203	2023-03-12 18:11:56.144144
650	445	14	37	90	start	t	2023-03-12 18:12:04.650162	2023-03-12 18:12:04.650162
651	447	14	37	90	start	t	2023-03-12 18:12:04.686787	2023-03-12 18:12:04.686787
652	449	14	37	90	start	t	2023-03-12 18:12:04.695631	2023-03-12 18:12:04.695631
653	448	14	37	90	start	t	2023-03-12 18:12:04.702334	2023-03-12 18:12:04.702334
655	461	14	37	90	start	t	2023-03-12 18:12:04.713036	2023-03-12 18:12:04.713036
656	459	14	37	90	start	t	2023-03-12 18:12:04.718028	2023-03-12 18:12:04.718028
659	463	14	37	90	start	t	2023-03-12 18:12:04.731897	2023-03-12 18:12:04.731897
661	502	16	37	90	start	\N	2023-03-12 18:12:04.741396	2023-03-12 18:12:04.741396
663	506	16	37	90	start	\N	2023-03-12 18:12:04.750789	2023-03-12 18:12:04.750789
664	510	16	37	90	start	\N	2023-03-12 18:12:04.755315	2023-03-12 18:12:04.755315
654	451	14	37	61	start	t	2023-03-12 18:12:04.708004	2023-03-12 18:12:04.839323
657	468	14	37	61	start	t	2023-03-12 18:12:04.722562	2023-03-12 18:12:04.852275
662	511	16	37	74	start	\N	2023-03-12 18:12:04.746171	2023-03-12 18:12:04.894307
660	466	14	37	84	start	t	2023-03-12 18:12:04.736873	2023-03-12 18:12:04.927124
658	460	14	37	89	start	t	2023-03-12 18:12:04.727479	2023-03-12 18:12:04.964765
665	509	16	37	90	start	\N	2023-03-12 18:12:04.759994	2023-03-12 18:12:04.759994
668	522	16	37	90	start	\N	2023-03-12 18:12:04.773635	2023-03-12 18:12:04.773635
669	519	16	37	90	start	\N	2023-03-12 18:12:04.778357	2023-03-12 18:12:04.778357
670	518	16	37	90	start	\N	2023-03-12 18:12:04.782913	2023-03-12 18:12:04.782913
672	512	16	37	33	substitute	\N	2023-03-12 18:12:04.82373	2023-03-12 18:12:04.82373
666	507	16	37	57	start	\N	2023-03-12 18:12:04.76453	2023-03-12 18:12:04.826968
673	457	14	37	29	substitute	t	2023-03-12 18:12:04.836476	2023-03-12 18:12:04.836476
674	467	14	37	29	substitute	t	2023-03-12 18:12:04.848859	2023-03-12 18:12:04.848859
675	521	16	37	23	substitute	\N	2023-03-12 18:12:04.870349	2023-03-12 18:12:04.870349
671	531	16	37	67	start	\N	2023-03-12 18:12:04.787513	2023-03-12 18:12:04.873418
676	517	16	37	16	substitute	\N	2023-03-12 18:12:04.891026	2023-03-12 18:12:04.891026
677	530	16	37	16	substitute	\N	2023-03-12 18:12:04.903352	2023-03-12 18:12:04.903352
667	528	16	37	74	start	\N	2023-03-12 18:12:04.769231	2023-03-12 18:12:04.906104
678	462	14	37	6	substitute	t	2023-03-12 18:12:04.924122	2023-03-12 18:12:04.924122
679	464	14	37	1	substitute	t	2023-03-12 18:12:04.961616	2023-03-12 18:12:04.961616
680	601	19	38	90	start	t	2023-03-12 18:12:13.475953	2023-03-12 18:12:13.475953
681	606	19	38	90	start	t	2023-03-12 18:12:13.485926	2023-03-12 18:12:13.485926
683	612	19	38	90	start	t	2023-03-12 18:12:13.497627	2023-03-12 18:12:13.497627
684	608	19	38	90	start	t	2023-03-12 18:12:13.502835	2023-03-12 18:12:13.502835
687	609	19	38	90	start	t	2023-03-12 18:12:13.517046	2023-03-12 18:12:13.517046
688	634	19	38	90	start	t	2023-03-12 18:12:13.521775	2023-03-12 18:12:13.521775
689	621	19	38	90	start	t	2023-03-12 18:12:13.526639	2023-03-12 18:12:13.526639
691	331	11	38	90	start	\N	2023-03-12 18:12:13.53558	2023-03-12 18:12:13.53558
692	336	11	38	90	start	\N	2023-03-12 18:12:13.540132	2023-03-12 18:12:13.540132
693	338	11	38	90	start	\N	2023-03-12 18:12:13.545248	2023-03-12 18:12:13.545248
694	342	11	38	90	start	\N	2023-03-12 18:12:13.549685	2023-03-12 18:12:13.549685
695	337	11	38	90	start	\N	2023-03-12 18:12:13.554547	2023-03-12 18:12:13.554547
696	350	11	38	90	start	\N	2023-03-12 18:12:13.559138	2023-03-12 18:12:13.559138
697	355	11	38	90	start	\N	2023-03-12 18:12:13.563491	2023-03-12 18:12:13.563491
701	365	11	38	90	start	\N	2023-03-12 18:12:13.582516	2023-03-12 18:12:13.582516
702	635	19	38	21	substitute	t	2023-03-12 18:12:13.630443	2023-03-12 18:12:13.630443
690	622	19	38	69	start	t	2023-03-12 18:12:13.531085	2023-03-12 18:12:13.633975
703	364	11	38	16	substitute	\N	2023-03-12 18:12:13.652781	2023-03-12 18:12:13.652781
700	363	11	38	74	start	\N	2023-03-12 18:12:13.577985	2023-03-12 18:12:13.655913
704	352	11	38	16	substitute	\N	2023-03-12 18:12:13.666034	2023-03-12 18:12:13.666034
698	351	11	38	74	start	\N	2023-03-12 18:12:13.568521	2023-03-12 18:12:13.670343
705	627	19	38	15	substitute	t	2023-03-12 18:12:13.680855	2023-03-12 18:12:13.680855
686	623	19	38	75	start	t	2023-03-12 18:12:13.512445	2023-03-12 18:12:13.684318
706	632	19	38	15	substitute	t	2023-03-12 18:12:13.69426	2023-03-12 18:12:13.69426
682	605	19	38	75	start	t	2023-03-12 18:12:13.492307	2023-03-12 18:12:13.697511
707	625	19	38	15	substitute	t	2023-03-12 18:12:13.707266	2023-03-12 18:12:13.707266
685	626	19	38	75	start	t	2023-03-12 18:12:13.50769	2023-03-12 18:12:13.710373
708	356	11	38	7	substitute	\N	2023-03-12 18:12:13.739015	2023-03-12 18:12:13.739015
699	353	11	38	83	start	\N	2023-03-12 18:12:13.573237	2023-03-12 18:12:13.742214
709	633	19	38	0	substitute	t	2023-03-12 18:12:13.769786	2023-03-12 18:12:13.769786
710	340	11	38	0	substitute	\N	2023-03-12 18:12:13.781463	2023-03-12 18:12:13.781463
711	200	7	39	90	start	t	2023-03-12 18:12:22.28876	2023-03-12 18:12:22.28876
712	201	7	39	90	start	t	2023-03-12 18:12:22.293793	2023-03-12 18:12:22.293793
713	208	7	39	90	start	t	2023-03-12 18:12:22.298367	2023-03-12 18:12:22.298367
714	206	7	39	90	start	t	2023-03-12 18:12:22.30317	2023-03-12 18:12:22.30317
716	213	7	39	90	start	t	2023-03-12 18:12:22.312141	2023-03-12 18:12:22.312141
717	218	7	39	90	start	t	2023-03-12 18:12:22.316735	2023-03-12 18:12:22.316735
721	222	7	39	90	start	t	2023-03-12 18:12:22.335434	2023-03-12 18:12:22.335434
722	1	1	39	90	start	\N	2023-03-12 18:12:22.339894	2023-03-12 18:12:22.339894
723	11	1	39	90	start	\N	2023-03-12 18:12:22.344449	2023-03-12 18:12:22.344449
724	10	1	39	90	start	\N	2023-03-12 18:12:22.348706	2023-03-12 18:12:22.348706
725	8	1	39	90	start	\N	2023-03-12 18:12:22.353611	2023-03-12 18:12:22.353611
726	9	1	39	90	start	\N	2023-03-12 18:12:22.358223	2023-03-12 18:12:22.358223
727	22	1	39	90	start	\N	2023-03-12 18:12:22.36282	2023-03-12 18:12:22.36282
728	17	1	39	90	start	\N	2023-03-12 18:12:22.369459	2023-03-12 18:12:22.369459
730	16	1	39	90	start	\N	2023-03-12 18:12:22.379776	2023-03-12 18:12:22.379776
732	25	1	39	90	start	\N	2023-03-12 18:12:22.390689	2023-03-12 18:12:22.390689
733	214	7	39	27	substitute	t	2023-03-12 18:12:22.424182	2023-03-12 18:12:22.424182
720	216	7	39	63	start	t	2023-03-12 18:12:22.330737	2023-03-12 18:12:22.427924
734	882	1	39	22	substitute	\N	2023-03-12 18:12:22.438895	2023-03-12 18:12:22.438895
731	27	1	39	68	start	\N	2023-03-12 18:12:22.385647	2023-03-12 18:12:22.442211
735	223	7	39	13	substitute	t	2023-03-12 18:12:22.452958	2023-03-12 18:12:22.452958
718	221	7	39	77	start	t	2023-03-12 18:12:22.321542	2023-03-12 18:12:22.455793
736	19	1	39	10	substitute	\N	2023-03-12 18:12:22.464619	2023-03-12 18:12:22.464619
729	28	1	39	80	start	\N	2023-03-12 18:12:22.3739	2023-03-12 18:12:22.468089
737	204	7	39	1	substitute	t	2023-03-12 18:12:22.485507	2023-03-12 18:12:22.485507
715	215	7	39	89	start	t	2023-03-12 18:12:22.307529	2023-03-12 18:12:22.488451
738	202	7	39	1	substitute	t	2023-03-12 18:12:22.497604	2023-03-12 18:12:22.497604
719	212	7	39	89	start	t	2023-03-12 18:12:22.325995	2023-03-12 18:12:22.500604
739	200	7	39	90	start	t	2023-03-12 18:17:39.113833	2023-03-12 18:17:39.113833
740	201	7	39	90	start	t	2023-03-12 18:17:39.118383	2023-03-12 18:17:39.118383
741	208	7	39	90	start	t	2023-03-12 18:17:39.123323	2023-03-12 18:17:39.123323
742	206	7	39	90	start	t	2023-03-12 18:17:39.128257	2023-03-12 18:17:39.128257
743	215	7	39	90	start	t	2023-03-12 18:17:39.132623	2023-03-12 18:17:39.132623
744	213	7	39	90	start	t	2023-03-12 18:17:39.136982	2023-03-12 18:17:39.136982
745	218	7	39	90	start	t	2023-03-12 18:17:39.141884	2023-03-12 18:17:39.141884
746	221	7	39	90	start	t	2023-03-12 18:17:39.146494	2023-03-12 18:17:39.146494
747	212	7	39	90	start	t	2023-03-12 18:17:39.150731	2023-03-12 18:17:39.150731
748	216	7	39	90	start	t	2023-03-12 18:17:39.15512	2023-03-12 18:17:39.15512
749	222	7	39	90	start	t	2023-03-12 18:17:39.159805	2023-03-12 18:17:39.159805
750	1	1	39	90	start	\N	2023-03-12 18:17:39.164368	2023-03-12 18:17:39.164368
751	11	1	39	90	start	\N	2023-03-12 18:17:39.168395	2023-03-12 18:17:39.168395
752	10	1	39	90	start	\N	2023-03-12 18:17:39.172972	2023-03-12 18:17:39.172972
753	8	1	39	90	start	\N	2023-03-12 18:17:39.177338	2023-03-12 18:17:39.177338
754	9	1	39	90	start	\N	2023-03-12 18:17:39.181758	2023-03-12 18:17:39.181758
755	22	1	39	90	start	\N	2023-03-12 18:17:39.18588	2023-03-12 18:17:39.18588
756	17	1	39	90	start	\N	2023-03-12 18:17:39.190535	2023-03-12 18:17:39.190535
757	28	1	39	90	start	\N	2023-03-12 18:17:39.195195	2023-03-12 18:17:39.195195
758	16	1	39	90	start	\N	2023-03-12 18:17:39.199508	2023-03-12 18:17:39.199508
759	27	1	39	90	start	\N	2023-03-12 18:17:39.203505	2023-03-12 18:17:39.203505
760	25	1	39	90	start	\N	2023-03-12 18:17:39.208299	2023-03-12 18:17:39.208299
761	214	7	39	27	substitute	t	2023-03-12 18:17:39.238851	2023-03-12 18:17:39.238851
762	882	1	39	22	substitute	\N	2023-03-12 18:17:39.250892	2023-03-12 18:17:39.250892
763	223	7	39	13	substitute	t	2023-03-12 18:17:39.263009	2023-03-12 18:17:39.263009
764	19	1	39	10	substitute	\N	2023-03-12 18:17:39.274468	2023-03-12 18:17:39.274468
765	204	7	39	1	substitute	t	2023-03-12 18:17:39.29451	2023-03-12 18:17:39.29451
766	202	7	39	1	substitute	t	2023-03-12 18:17:39.305674	2023-03-12 18:17:39.305674
767	200	7	39	90	start	t	2023-03-12 18:20:05.167603	2023-03-12 18:20:05.167603
768	201	7	39	90	start	t	2023-03-12 18:20:05.172777	2023-03-12 18:20:05.172777
769	208	7	39	90	start	t	2023-03-12 18:20:05.177698	2023-03-12 18:20:05.177698
770	206	7	39	90	start	t	2023-03-12 18:20:05.181854	2023-03-12 18:20:05.181854
771	215	7	39	90	start	t	2023-03-12 18:20:05.187375	2023-03-12 18:20:05.187375
772	213	7	39	90	start	t	2023-03-12 18:20:05.192278	2023-03-12 18:20:05.192278
773	218	7	39	90	start	t	2023-03-12 18:20:05.196768	2023-03-12 18:20:05.196768
774	221	7	39	90	start	t	2023-03-12 18:20:05.200957	2023-03-12 18:20:05.200957
775	212	7	39	90	start	t	2023-03-12 18:20:05.205653	2023-03-12 18:20:05.205653
776	216	7	39	90	start	t	2023-03-12 18:20:05.210463	2023-03-12 18:20:05.210463
777	222	7	39	90	start	t	2023-03-12 18:20:05.215046	2023-03-12 18:20:05.215046
778	1	1	39	90	start	\N	2023-03-12 18:20:05.220196	2023-03-12 18:20:05.220196
779	11	1	39	90	start	\N	2023-03-12 18:20:05.225379	2023-03-12 18:20:05.225379
780	10	1	39	90	start	\N	2023-03-12 18:20:05.229935	2023-03-12 18:20:05.229935
781	8	1	39	90	start	\N	2023-03-12 18:20:05.234008	2023-03-12 18:20:05.234008
782	9	1	39	90	start	\N	2023-03-12 18:20:05.238997	2023-03-12 18:20:05.238997
783	22	1	39	90	start	\N	2023-03-12 18:20:05.243645	2023-03-12 18:20:05.243645
784	17	1	39	90	start	\N	2023-03-12 18:20:05.247771	2023-03-12 18:20:05.247771
785	28	1	39	90	start	\N	2023-03-12 18:20:05.252406	2023-03-12 18:20:05.252406
786	16	1	39	90	start	\N	2023-03-12 18:20:05.256934	2023-03-12 18:20:05.256934
787	27	1	39	90	start	\N	2023-03-12 18:20:05.261831	2023-03-12 18:20:05.261831
788	25	1	39	90	start	\N	2023-03-12 18:20:05.265908	2023-03-12 18:20:05.265908
789	214	7	39	27	substitute	t	2023-03-12 18:20:05.29325	2023-03-12 18:20:05.29325
790	882	1	39	22	substitute	\N	2023-03-12 18:20:05.304474	2023-03-12 18:20:05.304474
791	223	7	39	13	substitute	t	2023-03-12 18:20:05.315896	2023-03-12 18:20:05.315896
792	19	1	39	10	substitute	\N	2023-03-12 18:20:05.340147	2023-03-12 18:20:05.340147
793	204	7	39	1	substitute	t	2023-03-12 18:20:05.388805	2023-03-12 18:20:05.388805
794	202	7	39	1	substitute	t	2023-03-12 18:20:05.400666	2023-03-12 18:20:05.400666
795	200	7	39	90	start	t	2023-03-12 18:20:14.592108	2023-03-12 18:20:14.592108
796	201	7	39	90	start	t	2023-03-12 18:20:14.597545	2023-03-12 18:20:14.597545
797	208	7	39	90	start	t	2023-03-12 18:20:14.602436	2023-03-12 18:20:14.602436
798	206	7	39	90	start	t	2023-03-12 18:20:14.607245	2023-03-12 18:20:14.607245
799	215	7	39	90	start	t	2023-03-12 18:20:14.61208	2023-03-12 18:20:14.61208
800	213	7	39	90	start	t	2023-03-12 18:20:14.616658	2023-03-12 18:20:14.616658
801	218	7	39	90	start	t	2023-03-12 18:20:14.621539	2023-03-12 18:20:14.621539
802	221	7	39	90	start	t	2023-03-12 18:20:14.626464	2023-03-12 18:20:14.626464
803	212	7	39	90	start	t	2023-03-12 18:20:14.630705	2023-03-12 18:20:14.630705
804	216	7	39	90	start	t	2023-03-12 18:20:14.634938	2023-03-12 18:20:14.634938
805	222	7	39	90	start	t	2023-03-12 18:20:14.639967	2023-03-12 18:20:14.639967
806	1	1	39	90	start	\N	2023-03-12 18:20:14.65276	2023-03-12 18:20:14.65276
807	11	1	39	90	start	\N	2023-03-12 18:20:14.658221	2023-03-12 18:20:14.658221
808	10	1	39	90	start	\N	2023-03-12 18:20:14.663031	2023-03-12 18:20:14.663031
809	8	1	39	90	start	\N	2023-03-12 18:20:14.667914	2023-03-12 18:20:14.667914
810	9	1	39	90	start	\N	2023-03-12 18:20:14.672848	2023-03-12 18:20:14.672848
811	22	1	39	90	start	\N	2023-03-12 18:20:14.6779	2023-03-12 18:20:14.6779
812	17	1	39	90	start	\N	2023-03-12 18:20:14.682393	2023-03-12 18:20:14.682393
813	28	1	39	90	start	\N	2023-03-12 18:20:14.686998	2023-03-12 18:20:14.686998
814	16	1	39	90	start	\N	2023-03-12 18:20:14.692126	2023-03-12 18:20:14.692126
815	27	1	39	90	start	\N	2023-03-12 18:20:14.696614	2023-03-12 18:20:14.696614
816	25	1	39	90	start	\N	2023-03-12 18:20:14.700985	2023-03-12 18:20:14.700985
817	214	7	39	27	substitute	t	2023-03-12 18:21:18.076628	2023-03-12 18:21:18.076628
818	882	1	39	22	substitute	\N	2023-03-12 18:21:18.089672	2023-03-12 18:21:18.089672
819	223	7	39	13	substitute	t	2023-03-12 18:21:18.109129	2023-03-12 18:21:18.109129
820	19	1	39	10	substitute	\N	2023-03-12 18:21:18.141659	2023-03-12 18:21:18.141659
821	204	7	39	1	substitute	t	2023-03-12 18:22:14.11497	2023-03-12 18:22:14.11497
822	202	7	39	1	substitute	t	2023-03-12 18:22:14.128601	2023-03-12 18:22:14.128601
823	200	7	39	90	start	t	2023-03-12 18:27:57.869581	2023-03-12 18:27:57.869581
824	201	7	39	90	start	t	2023-03-12 18:27:57.874797	2023-03-12 18:27:57.874797
825	208	7	39	90	start	t	2023-03-12 18:27:57.879871	2023-03-12 18:27:57.879871
826	206	7	39	90	start	t	2023-03-12 18:27:57.88429	2023-03-12 18:27:57.88429
827	215	7	39	90	start	t	2023-03-12 18:27:57.888695	2023-03-12 18:27:57.888695
828	213	7	39	90	start	t	2023-03-12 18:27:57.89332	2023-03-12 18:27:57.89332
829	218	7	39	90	start	t	2023-03-12 18:27:57.89826	2023-03-12 18:27:57.89826
830	221	7	39	90	start	t	2023-03-12 18:27:57.902612	2023-03-12 18:27:57.902612
831	212	7	39	90	start	t	2023-03-12 18:27:57.906768	2023-03-12 18:27:57.906768
832	216	7	39	90	start	t	2023-03-12 18:27:57.911808	2023-03-12 18:27:57.911808
833	222	7	39	90	start	t	2023-03-12 18:27:57.91646	2023-03-12 18:27:57.91646
834	1	1	39	90	start	\N	2023-03-12 18:27:57.921518	2023-03-12 18:27:57.921518
835	11	1	39	90	start	\N	2023-03-12 18:27:57.925954	2023-03-12 18:27:57.925954
836	10	1	39	90	start	\N	2023-03-12 18:27:57.9306	2023-03-12 18:27:57.9306
837	8	1	39	90	start	\N	2023-03-12 18:27:57.934981	2023-03-12 18:27:57.934981
838	9	1	39	90	start	\N	2023-03-12 18:27:57.939028	2023-03-12 18:27:57.939028
839	22	1	39	90	start	\N	2023-03-12 18:27:57.943304	2023-03-12 18:27:57.943304
840	17	1	39	90	start	\N	2023-03-12 18:27:57.94804	2023-03-12 18:27:57.94804
841	28	1	39	90	start	\N	2023-03-12 18:27:57.952243	2023-03-12 18:27:57.952243
842	16	1	39	90	start	\N	2023-03-12 18:27:57.956496	2023-03-12 18:27:57.956496
843	27	1	39	90	start	\N	2023-03-12 18:27:57.961507	2023-03-12 18:27:57.961507
844	25	1	39	90	start	\N	2023-03-12 18:27:57.966163	2023-03-12 18:27:57.966163
845	18	1	39	0	substitute	\N	2023-03-12 18:31:13.041396	2023-03-12 18:31:13.041396
846	200	7	39	90	start	t	2023-03-12 18:31:44.205422	2023-03-12 18:31:44.205422
847	201	7	39	90	start	t	2023-03-12 18:31:44.210267	2023-03-12 18:31:44.210267
848	208	7	39	90	start	t	2023-03-12 18:31:44.215582	2023-03-12 18:31:44.215582
849	206	7	39	90	start	t	2023-03-12 18:31:44.220742	2023-03-12 18:31:44.220742
850	215	7	39	90	start	t	2023-03-12 18:31:44.225344	2023-03-12 18:31:44.225344
851	213	7	39	90	start	t	2023-03-12 18:31:44.230134	2023-03-12 18:31:44.230134
852	218	7	39	90	start	t	2023-03-12 18:31:44.234887	2023-03-12 18:31:44.234887
853	221	7	39	90	start	t	2023-03-12 18:31:44.240271	2023-03-12 18:31:44.240271
854	212	7	39	90	start	t	2023-03-12 18:31:44.24494	2023-03-12 18:31:44.24494
855	216	7	39	90	start	t	2023-03-12 18:31:44.249613	2023-03-12 18:31:44.249613
856	222	7	39	90	start	t	2023-03-12 18:31:44.254253	2023-03-12 18:31:44.254253
857	1	1	39	90	start	\N	2023-03-12 18:31:44.258865	2023-03-12 18:31:44.258865
858	11	1	39	90	start	\N	2023-03-12 18:31:44.263667	2023-03-12 18:31:44.263667
859	10	1	39	90	start	\N	2023-03-12 18:31:44.268635	2023-03-12 18:31:44.268635
860	8	1	39	90	start	\N	2023-03-12 18:31:44.273266	2023-03-12 18:31:44.273266
861	9	1	39	90	start	\N	2023-03-12 18:31:44.277926	2023-03-12 18:31:44.277926
862	22	1	39	90	start	\N	2023-03-12 18:31:44.282586	2023-03-12 18:31:44.282586
863	17	1	39	90	start	\N	2023-03-12 18:31:44.287329	2023-03-12 18:31:44.287329
864	28	1	39	90	start	\N	2023-03-12 18:31:44.292254	2023-03-12 18:31:44.292254
865	16	1	39	90	start	\N	2023-03-12 18:31:44.296779	2023-03-12 18:31:44.296779
866	27	1	39	90	start	\N	2023-03-12 18:31:44.333004	2023-03-12 18:31:44.333004
867	25	1	39	90	start	\N	2023-03-12 18:31:44.342684	2023-03-12 18:31:44.342684
868	214	7	39	27	substitute	t	2023-03-12 18:31:47.738046	2023-03-12 18:31:47.738046
869	882	1	39	22	substitute	\N	2023-03-12 18:31:47.750544	2023-03-12 18:31:47.750544
870	223	7	39	13	substitute	t	2023-03-12 18:31:47.762274	2023-03-12 18:31:47.762274
871	19	1	39	10	substitute	\N	2023-03-12 18:31:47.77417	2023-03-12 18:31:47.77417
872	204	7	39	1	substitute	t	2023-03-12 18:31:49.42517	2023-03-12 18:31:49.42517
873	202	7	39	1	substitute	t	2023-03-12 18:31:49.43714	2023-03-12 18:31:49.43714
874	18	1	39	0	substitute	\N	2023-03-12 18:31:50.66236	2023-03-12 18:31:50.66236
875	214	7	39	27	substitute	t	2023-03-12 18:31:53.259797	2023-03-12 18:31:53.259797
876	882	1	39	22	substitute	\N	2023-03-12 18:31:53.274895	2023-03-12 18:31:53.274895
877	223	7	39	13	substitute	t	2023-03-12 18:31:53.292704	2023-03-12 18:31:53.292704
878	19	1	39	10	substitute	\N	2023-03-12 18:31:53.397514	2023-03-12 18:31:53.397514
879	204	7	39	1	substitute	t	2023-03-12 18:31:54.765843	2023-03-12 18:31:54.765843
880	202	7	39	1	substitute	t	2023-03-12 18:31:54.77921	2023-03-12 18:31:54.77921
881	18	1	39	0	substitute	\N	2023-03-12 18:31:56.005886	2023-03-12 18:31:56.005886
882	127	5	40	90	start	t	2023-03-12 18:32:52.259035	2023-03-12 18:32:52.259035
883	134	5	40	90	start	t	2023-03-12 18:32:52.264184	2023-03-12 18:32:52.264184
884	131	5	40	90	start	t	2023-03-12 18:32:52.269725	2023-03-12 18:32:52.269725
885	135	5	40	90	start	t	2023-03-12 18:32:52.274434	2023-03-12 18:32:52.274434
886	133	5	40	90	start	t	2023-03-12 18:32:52.27927	2023-03-12 18:32:52.27927
887	143	5	40	90	start	t	2023-03-12 18:32:52.284161	2023-03-12 18:32:52.284161
888	140	5	40	90	start	t	2023-03-12 18:32:52.288935	2023-03-12 18:32:52.288935
889	144	5	40	90	start	t	2023-03-12 18:32:52.320625	2023-03-12 18:32:52.320625
891	149	5	40	90	start	t	2023-03-12 18:32:52.341765	2023-03-12 18:32:52.341765
893	33	2	40	90	start	\N	2023-03-12 18:32:52.355029	2023-03-12 18:32:52.355029
894	36	2	40	90	start	\N	2023-03-12 18:32:52.359902	2023-03-12 18:32:52.359902
895	39	2	40	90	start	\N	2023-03-12 18:32:52.364796	2023-03-12 18:32:52.364796
896	38	2	40	90	start	\N	2023-03-12 18:32:52.36943	2023-03-12 18:32:52.36943
899	53	2	40	90	start	\N	2023-03-12 18:32:52.383348	2023-03-12 18:32:52.383348
900	55	2	40	90	start	\N	2023-03-12 18:32:52.387683	2023-03-12 18:32:52.387683
903	57	2	40	90	start	\N	2023-03-12 18:32:52.401871	2023-03-12 18:32:52.401871
904	127	5	40	90	start	t	2023-03-12 18:33:29.631666	2023-03-12 18:33:29.631666
905	134	5	40	90	start	t	2023-03-12 18:33:29.637043	2023-03-12 18:33:29.637043
906	131	5	40	90	start	t	2023-03-12 18:33:29.642176	2023-03-12 18:33:29.642176
907	135	5	40	90	start	t	2023-03-12 18:33:29.646881	2023-03-12 18:33:29.646881
908	133	5	40	90	start	t	2023-03-12 18:33:29.65113	2023-03-12 18:33:29.65113
909	143	5	40	90	start	t	2023-03-12 18:33:29.655555	2023-03-12 18:33:29.655555
910	140	5	40	90	start	t	2023-03-12 18:33:29.660193	2023-03-12 18:33:29.660193
911	144	5	40	90	start	t	2023-03-12 18:33:29.664675	2023-03-12 18:33:29.664675
912	151	5	40	90	start	t	2023-03-12 18:33:29.668589	2023-03-12 18:33:29.668589
913	149	5	40	90	start	t	2023-03-12 18:33:29.672751	2023-03-12 18:33:29.672751
914	148	5	40	90	start	t	2023-03-12 18:33:29.67754	2023-03-12 18:33:29.67754
915	33	2	40	90	start	\N	2023-03-12 18:33:29.682664	2023-03-12 18:33:29.682664
916	36	2	40	90	start	\N	2023-03-12 18:33:29.686587	2023-03-12 18:33:29.686587
917	39	2	40	90	start	\N	2023-03-12 18:33:29.690755	2023-03-12 18:33:29.690755
918	38	2	40	90	start	\N	2023-03-12 18:33:29.695373	2023-03-12 18:33:29.695373
919	45	2	40	90	start	\N	2023-03-12 18:33:29.699514	2023-03-12 18:33:29.699514
920	51	2	40	90	start	\N	2023-03-12 18:33:29.703398	2023-03-12 18:33:29.703398
921	53	2	40	90	start	\N	2023-03-12 18:33:29.70757	2023-03-12 18:33:29.70757
922	55	2	40	90	start	\N	2023-03-12 18:33:29.712084	2023-03-12 18:33:29.712084
923	50	2	40	90	start	\N	2023-03-12 18:33:29.716095	2023-03-12 18:33:29.716095
924	59	2	40	90	start	\N	2023-03-12 18:33:29.719881	2023-03-12 18:33:29.719881
925	57	2	40	90	start	\N	2023-03-12 18:33:29.723811	2023-03-12 18:33:29.723811
926	42	2	40	25	substitute	\N	2023-03-12 18:33:29.813799	2023-03-12 18:33:29.813799
897	45	2	40	65	start	\N	2023-03-12 18:32:52.373574	2023-03-12 18:33:29.826093
927	48	2	40	25	substitute	\N	2023-03-12 18:33:29.835928	2023-03-12 18:33:29.835928
902	59	2	40	65	start	\N	2023-03-12 18:32:52.397015	2023-03-12 18:33:29.839364
928	141	5	40	7	substitute	t	2023-03-12 18:33:29.850029	2023-03-12 18:33:29.850029
890	151	5	40	83	start	t	2023-03-12 18:32:52.332664	2023-03-12 18:33:29.852917
929	49	2	40	7	substitute	\N	2023-03-12 18:33:29.862158	2023-03-12 18:33:29.862158
901	50	2	40	83	start	\N	2023-03-12 18:32:52.392398	2023-03-12 18:33:29.864934
930	150	5	40	6	substitute	t	2023-03-12 18:33:29.8738	2023-03-12 18:33:29.8738
892	148	5	40	84	start	t	2023-03-12 18:32:52.349745	2023-03-12 18:33:29.876861
931	52	2	40	6	substitute	\N	2023-03-12 18:33:29.885213	2023-03-12 18:33:29.885213
898	51	2	40	84	start	\N	2023-03-12 18:32:52.378463	2023-03-12 18:33:29.88805
932	651	5	40	0	substitute	t	2023-03-12 18:33:29.897767	2023-03-12 18:33:29.897767
933	47	2	40	0	substitute	\N	2023-03-12 18:33:29.909019	2023-03-12 18:33:29.909019
934	61	3	41	90	start	t	2023-03-12 18:33:38.45397	2023-03-12 18:33:38.45397
935	68	3	41	90	start	t	2023-03-12 18:33:38.461571	2023-03-12 18:33:38.461571
936	67	3	41	90	start	t	2023-03-12 18:33:38.466955	2023-03-12 18:33:38.466955
937	66	3	41	90	start	t	2023-03-12 18:33:38.473404	2023-03-12 18:33:38.473404
939	81	3	41	90	start	t	2023-03-12 18:33:38.482797	2023-03-12 18:33:38.482797
940	75	3	41	90	start	t	2023-03-12 18:33:38.487954	2023-03-12 18:33:38.487954
941	77	3	41	90	start	t	2023-03-12 18:33:38.49306	2023-03-12 18:33:38.49306
944	89	3	41	90	start	t	2023-03-12 18:33:38.508641	2023-03-12 18:33:38.508641
945	127	5	41	90	start	\N	2023-03-12 18:33:38.513132	2023-03-12 18:33:38.513132
947	131	5	41	90	start	\N	2023-03-12 18:33:38.522919	2023-03-12 18:33:38.522919
948	135	5	41	90	start	\N	2023-03-12 18:33:38.52794	2023-03-12 18:33:38.52794
949	133	5	41	90	start	\N	2023-03-12 18:33:38.532422	2023-03-12 18:33:38.532422
951	140	5	41	90	start	\N	2023-03-12 18:33:38.5436	2023-03-12 18:33:38.5436
952	144	5	41	90	start	\N	2023-03-12 18:33:38.547971	2023-03-12 18:33:38.547971
953	148	5	41	90	start	\N	2023-03-12 18:33:38.552995	2023-03-12 18:33:38.552995
954	149	5	41	90	start	\N	2023-03-12 18:33:38.558233	2023-03-12 18:33:38.558233
956	130	5	41	30	substitute	\N	2023-03-12 18:33:38.574346	2023-03-12 18:33:38.574346
946	134	5	41	60	start	\N	2023-03-12 18:33:38.517729	2023-03-12 18:33:38.577541
957	64	3	41	21	substitute	t	2023-03-12 18:33:38.597484	2023-03-12 18:33:38.597484
938	72	3	41	69	start	t	2023-03-12 18:33:38.478166	2023-03-12 18:33:38.600659
958	156	5	41	15	substitute	\N	2023-03-12 18:33:38.611754	2023-03-12 18:33:38.611754
955	151	5	41	75	start	\N	2023-03-12 18:33:38.562714	2023-03-12 18:33:38.614885
959	141	5	41	15	substitute	\N	2023-03-12 18:33:38.627466	2023-03-12 18:33:38.627466
950	143	5	41	75	start	\N	2023-03-12 18:33:38.538463	2023-03-12 18:33:38.631178
960	91	3	41	13	substitute	t	2023-03-12 18:33:38.642604	2023-03-12 18:33:38.642604
942	78	3	41	86	start	t	2023-03-12 18:33:38.498102	2023-03-12 18:33:38.659855
943	85	3	41	77	start	t	2023-03-12 18:33:38.503331	2023-03-12 18:33:38.645796
961	92	3	41	4	substitute	t	2023-03-12 18:33:38.656263	2023-03-12 18:33:38.656263
962	228	8	42	90	start	t	2023-03-12 18:33:47.216963	2023-03-12 18:33:47.216963
964	236	8	42	90	start	t	2023-03-12 18:33:47.225914	2023-03-12 18:33:47.225914
965	235	8	42	90	start	t	2023-03-12 18:33:47.230083	2023-03-12 18:33:47.230083
966	233	8	42	90	start	t	2023-03-12 18:33:47.234402	2023-03-12 18:33:47.234402
968	249	8	42	90	start	t	2023-03-12 18:33:47.243411	2023-03-12 18:33:47.243411
969	251	8	42	90	start	t	2023-03-12 18:33:47.252093	2023-03-12 18:33:47.252093
972	261	8	42	90	start	t	2023-03-12 18:33:47.265631	2023-03-12 18:33:47.265631
973	638	20	42	90	start	\N	2023-03-12 18:33:47.270582	2023-03-12 18:33:47.270582
974	641	20	42	90	start	\N	2023-03-12 18:33:47.275465	2023-03-12 18:33:47.275465
975	643	20	42	90	start	\N	2023-03-12 18:33:47.279596	2023-03-12 18:33:47.279596
976	644	20	42	90	start	\N	2023-03-12 18:33:47.284248	2023-03-12 18:33:47.284248
977	650	20	42	90	start	\N	2023-03-12 18:33:47.288998	2023-03-12 18:33:47.288998
978	659	20	42	90	start	\N	2023-03-12 18:33:47.293638	2023-03-12 18:33:47.293638
981	663	20	42	90	start	\N	2023-03-12 18:33:47.307303	2023-03-12 18:33:47.307303
982	662	20	42	90	start	\N	2023-03-12 18:33:47.31112	2023-03-12 18:33:47.31112
984	239	8	42	25	substitute	t	2023-03-12 18:33:47.365196	2023-03-12 18:33:47.365196
963	234	8	42	65	start	t	2023-03-12 18:33:47.22177	2023-03-12 18:33:47.368477
985	653	20	42	17	substitute	\N	2023-03-12 18:33:47.385546	2023-03-12 18:33:47.385546
980	654	20	42	73	start	\N	2023-03-12 18:33:47.302758	2023-03-12 18:33:47.388718
986	658	20	42	17	substitute	\N	2023-03-12 18:33:47.396785	2023-03-12 18:33:47.396785
983	656	20	42	73	start	\N	2023-03-12 18:33:47.315321	2023-03-12 18:33:47.399636
987	247	8	42	9	substitute	t	2023-03-12 18:33:47.430924	2023-03-12 18:33:47.430924
967	246	8	42	81	start	t	2023-03-12 18:33:47.23937	2023-03-12 18:33:47.434983
988	661	20	42	7	substitute	\N	2023-03-12 18:33:47.446303	2023-03-12 18:33:47.446303
979	660	20	42	83	start	\N	2023-03-12 18:33:47.297855	2023-03-12 18:33:47.449622
989	237	8	42	2	substitute	t	2023-03-12 18:33:47.460139	2023-03-12 18:33:47.460139
970	245	8	42	88	start	t	2023-03-12 18:33:47.2571	2023-03-12 18:33:47.463131
990	262	8	42	2	substitute	t	2023-03-12 18:33:47.473373	2023-03-12 18:33:47.473373
971	260	8	42	88	start	t	2023-03-12 18:33:47.261582	2023-03-12 18:33:47.476298
991	94	4	43	90	start	t	2023-03-12 18:33:55.990072	2023-03-12 18:33:55.990072
992	95	4	43	90	start	t	2023-03-12 18:33:55.994219	2023-03-12 18:33:55.994219
993	97	4	43	90	start	t	2023-03-12 18:33:55.997929	2023-03-12 18:33:55.997929
994	99	4	43	90	start	t	2023-03-12 18:33:56.00286	2023-03-12 18:33:56.00286
995	102	4	43	90	start	t	2023-03-12 18:33:56.006685	2023-03-12 18:33:56.006685
996	107	4	43	90	start	t	2023-03-12 18:33:56.010816	2023-03-12 18:33:56.010816
997	115	4	43	90	start	t	2023-03-12 18:33:56.014749	2023-03-12 18:33:56.014749
998	121	4	43	90	start	t	2023-03-12 18:33:56.019441	2023-03-12 18:33:56.019441
1000	108	4	43	90	start	t	2023-03-12 18:33:56.027631	2023-03-12 18:33:56.027631
1001	120	4	43	90	start	t	2023-03-12 18:33:56.031348	2023-03-12 18:33:56.031348
1002	469	15	43	90	start	\N	2023-03-12 18:33:56.036119	2023-03-12 18:33:56.036119
1004	474	15	43	90	start	\N	2023-03-12 18:33:56.044257	2023-03-12 18:33:56.044257
1005	473	15	43	90	start	\N	2023-03-12 18:33:56.049347	2023-03-12 18:33:56.049347
1006	483	15	43	90	start	\N	2023-03-12 18:33:56.054461	2023-03-12 18:33:56.054461
1008	484	15	43	90	start	\N	2023-03-12 18:33:56.062969	2023-03-12 18:33:56.062969
1011	485	15	43	90	start	\N	2023-03-12 18:33:56.109733	2023-03-12 18:33:56.109733
1012	496	15	43	90	start	\N	2023-03-12 18:33:56.118238	2023-03-12 18:33:56.118238
1013	489	15	43	27	substitute	\N	2023-03-12 18:33:56.167214	2023-03-12 18:33:56.167214
1010	477	15	43	63	start	\N	2023-03-12 18:33:56.104487	2023-03-12 18:33:56.170551
1014	497	15	43	27	substitute	\N	2023-03-12 18:33:56.179394	2023-03-12 18:33:56.179394
1009	870	15	43	63	start	\N	2023-03-12 18:33:56.067638	2023-03-12 18:33:56.182564
1015	472	15	43	26	substitute	\N	2023-03-12 18:33:56.191806	2023-03-12 18:33:56.191806
1003	478	15	43	64	start	\N	2023-03-12 18:33:56.040244	2023-03-12 18:33:56.194631
1016	110	4	43	12	substitute	t	2023-03-12 18:33:56.211751	2023-03-12 18:33:56.211751
999	113	4	43	78	start	t	2023-03-12 18:33:56.023577	2023-03-12 18:33:56.214536
1017	499	15	43	11	substitute	\N	2023-03-12 18:33:56.223363	2023-03-12 18:33:56.223363
1007	490	15	43	79	start	\N	2023-03-12 18:33:56.058885	2023-03-12 18:33:56.226155
1018	112	4	43	0	substitute	t	2023-03-12 18:33:56.243001	2023-03-12 18:33:56.243001
1019	564	18	44	90	start	t	2023-03-12 18:34:04.752901	2023-03-12 18:34:04.752901
1020	575	18	44	90	start	t	2023-03-12 18:34:04.757615	2023-03-12 18:34:04.757615
1021	570	18	44	90	start	t	2023-03-12 18:34:04.761724	2023-03-12 18:34:04.761724
1022	572	18	44	90	start	t	2023-03-12 18:34:04.766429	2023-03-12 18:34:04.766429
1023	574	18	44	90	start	t	2023-03-12 18:34:04.771448	2023-03-12 18:34:04.771448
1024	584	18	44	90	start	t	2023-03-12 18:34:04.776112	2023-03-12 18:34:04.776112
1025	582	18	44	90	start	t	2023-03-12 18:34:04.780621	2023-03-12 18:34:04.780621
1028	583	18	44	90	start	t	2023-03-12 18:34:04.794563	2023-03-12 18:34:04.794563
1030	267	9	44	90	start	\N	2023-03-12 18:34:04.804898	2023-03-12 18:34:04.804898
1031	273	9	44	90	start	\N	2023-03-12 18:34:04.80963	2023-03-12 18:34:04.80963
1032	281	9	44	90	start	\N	2023-03-12 18:34:04.813975	2023-03-12 18:34:04.813975
1033	272	9	44	90	start	\N	2023-03-12 18:34:04.819001	2023-03-12 18:34:04.819001
1034	277	9	44	90	start	\N	2023-03-12 18:34:04.823649	2023-03-12 18:34:04.823649
1035	289	9	44	90	start	\N	2023-03-12 18:34:04.828272	2023-03-12 18:34:04.828272
1036	286	9	44	90	start	\N	2023-03-12 18:34:04.833471	2023-03-12 18:34:04.833471
1037	299	9	44	90	start	\N	2023-03-12 18:34:04.839467	2023-03-12 18:34:04.839467
1038	295	9	44	90	start	\N	2023-03-12 18:34:04.844706	2023-03-12 18:34:04.844706
1039	298	9	44	90	start	\N	2023-03-12 18:34:04.84941	2023-03-12 18:34:04.84941
1040	297	9	44	90	start	\N	2023-03-12 18:34:04.854696	2023-03-12 18:34:04.854696
1029	595	18	44	32	start	t	2023-03-12 18:34:04.799737	2023-03-12 18:34:04.884693
1042	586	18	44	26	substitute	t	2023-03-12 18:34:04.936423	2023-03-12 18:34:04.936423
1026	596	18	44	64	start	t	2023-03-12 18:34:04.785324	2023-03-12 18:34:04.939208
1043	592	18	44	14	substitute	t	2023-03-12 18:34:04.992095	2023-03-12 18:34:04.992095
1041	598	18	44	76	substitute	t	2023-03-12 18:34:04.881423	2023-03-12 18:34:05.006265
1044	123	18	44	14	substitute	t	2023-03-12 18:34:05.017216	2023-03-12 18:34:05.017216
1027	581	18	44	76	start	t	2023-03-12 18:34:04.790091	2023-03-12 18:34:05.020576
1045	302	10	45	90	start	t	2023-03-12 18:34:13.502468	2023-03-12 18:34:13.502468
1046	305	10	45	90	start	t	2023-03-12 18:34:13.506769	2023-03-12 18:34:13.506769
1047	322	10	45	90	start	t	2023-03-12 18:34:13.511016	2023-03-12 18:34:13.511016
1048	309	10	45	90	start	t	2023-03-12 18:34:13.515181	2023-03-12 18:34:13.515181
1049	314	10	45	90	start	t	2023-03-12 18:34:13.520139	2023-03-12 18:34:13.520139
1050	325	10	45	90	start	t	2023-03-12 18:34:13.524174	2023-03-12 18:34:13.524174
1051	318	10	45	90	start	t	2023-03-12 18:34:13.528316	2023-03-12 18:34:13.528316
1053	320	10	45	90	start	t	2023-03-12 18:34:13.537672	2023-03-12 18:34:13.537672
1054	316	10	45	90	start	t	2023-03-12 18:34:13.54179	2023-03-12 18:34:13.54179
1052	317	10	45	76	start	t	2023-03-12 18:34:13.532982	2023-03-12 18:34:13.659104
1055	327	10	45	87	start	t	2023-03-12 18:34:13.545783	2023-03-12 18:34:13.678392
1056	1	1	45	90	start	\N	2023-03-12 18:34:13.550124	2023-03-12 18:34:13.550124
1057	11	1	45	90	start	\N	2023-03-12 18:34:13.554772	2023-03-12 18:34:13.554772
1058	10	1	45	90	start	\N	2023-03-12 18:34:13.558882	2023-03-12 18:34:13.558882
1059	8	1	45	90	start	\N	2023-03-12 18:34:13.562698	2023-03-12 18:34:13.562698
1060	9	1	45	90	start	\N	2023-03-12 18:34:13.567181	2023-03-12 18:34:13.567181
1061	22	1	45	90	start	\N	2023-03-12 18:34:13.571627	2023-03-12 18:34:13.571627
1062	17	1	45	90	start	\N	2023-03-12 18:34:13.575731	2023-03-12 18:34:13.575731
1064	16	1	45	90	start	\N	2023-03-12 18:34:13.583974	2023-03-12 18:34:13.583974
1067	19	1	45	31	substitute	\N	2023-03-12 18:34:13.633239	2023-03-12 18:34:13.633239
1063	28	1	45	59	start	\N	2023-03-12 18:34:13.579576	2023-03-12 18:34:13.636414
1068	882	1	45	22	substitute	\N	2023-03-12 18:34:13.644685	2023-03-12 18:34:13.644685
1065	27	1	45	68	start	\N	2023-03-12 18:34:13.588456	2023-03-12 18:34:13.647502
1069	328	10	45	14	substitute	t	2023-03-12 18:34:13.656339	2023-03-12 18:34:13.656339
1070	330	10	45	3	substitute	t	2023-03-12 18:34:13.675826	2023-03-12 18:34:13.675826
1071	18	1	45	3	substitute	\N	2023-03-12 18:34:13.687224	2023-03-12 18:34:13.687224
1066	25	1	45	87	start	\N	2023-03-12 18:34:13.592219	2023-03-12 18:34:13.689846
1072	370	12	46	90	start	t	2023-03-12 18:34:22.241185	2023-03-12 18:34:22.241185
1073	377	12	46	90	start	t	2023-03-12 18:34:22.246154	2023-03-12 18:34:22.246154
1074	380	12	46	90	start	t	2023-03-12 18:34:22.254685	2023-03-12 18:34:22.254685
1075	376	12	46	90	start	t	2023-03-12 18:34:22.259846	2023-03-12 18:34:22.259846
1077	394	12	46	90	start	t	2023-03-12 18:34:22.273722	2023-03-12 18:34:22.273722
1078	392	12	46	90	start	t	2023-03-12 18:34:22.279193	2023-03-12 18:34:22.279193
1079	404	12	46	90	start	t	2023-03-12 18:34:22.286823	2023-03-12 18:34:22.286823
1082	402	12	46	90	start	t	2023-03-12 18:34:22.305022	2023-03-12 18:34:22.305022
1083	331	11	46	90	start	\N	2023-03-12 18:34:22.310186	2023-03-12 18:34:22.310186
1084	336	11	46	90	start	\N	2023-03-12 18:34:22.317045	2023-03-12 18:34:22.317045
1085	338	11	46	90	start	\N	2023-03-12 18:34:22.32338	2023-03-12 18:34:22.32338
1086	342	11	46	90	start	\N	2023-03-12 18:34:22.328816	2023-03-12 18:34:22.328816
1087	337	11	46	90	start	\N	2023-03-12 18:34:22.33668	2023-03-12 18:34:22.33668
1088	350	11	46	90	start	\N	2023-03-12 18:34:22.341872	2023-03-12 18:34:22.341872
1089	356	11	46	90	start	\N	2023-03-12 18:34:22.34763	2023-03-12 18:34:22.34763
1090	351	11	46	90	start	\N	2023-03-12 18:34:22.355029	2023-03-12 18:34:22.355029
1092	363	11	46	90	start	\N	2023-03-12 18:34:22.366767	2023-03-12 18:34:22.366767
1093	365	11	46	90	start	\N	2023-03-12 18:34:22.373012	2023-03-12 18:34:22.373012
1094	390	12	46	23	substitute	t	2023-03-12 18:34:22.43089	2023-03-12 18:34:22.43089
1080	405	12	46	67	start	t	2023-03-12 18:34:22.292536	2023-03-12 18:34:22.439683
1095	379	12	46	18	substitute	t	2023-03-12 18:34:22.452468	2023-03-12 18:34:22.452468
1076	375	12	46	72	start	t	2023-03-12 18:34:22.26795	2023-03-12 18:34:22.455874
1096	364	11	46	14	substitute	\N	2023-03-12 18:34:22.466273	2023-03-12 18:34:22.466273
1091	353	11	46	76	start	\N	2023-03-12 18:34:22.360597	2023-03-12 18:34:22.471078
1097	382	12	46	5	substitute	t	2023-03-12 18:34:22.481083	2023-03-12 18:34:22.481083
1081	388	12	46	85	start	t	2023-03-12 18:34:22.298422	2023-03-12 18:34:22.487264
1098	502	16	47	90	start	t	2023-03-12 18:34:31.055747	2023-03-12 18:34:31.055747
1099	511	16	47	90	start	t	2023-03-12 18:34:31.075515	2023-03-12 18:34:31.075515
1100	510	16	47	90	start	t	2023-03-12 18:34:31.08688	2023-03-12 18:34:31.08688
1101	509	16	47	90	start	t	2023-03-12 18:34:31.095337	2023-03-12 18:34:31.095337
1102	506	16	47	90	start	t	2023-03-12 18:34:31.102043	2023-03-12 18:34:31.102043
1103	522	16	47	90	start	t	2023-03-12 18:34:31.106954	2023-03-12 18:34:31.106954
1107	529	16	47	90	start	t	2023-03-12 18:34:31.126424	2023-03-12 18:34:31.126424
1109	535	17	47	90	start	\N	2023-03-12 18:34:31.137116	2023-03-12 18:34:31.137116
1111	542	17	47	90	start	\N	2023-03-12 18:34:31.145991	2023-03-12 18:34:31.145991
1112	543	17	47	90	start	\N	2023-03-12 18:34:31.152372	2023-03-12 18:34:31.152372
1113	539	17	47	90	start	\N	2023-03-12 18:34:31.157019	2023-03-12 18:34:31.157019
1115	555	17	47	90	start	\N	2023-03-12 18:34:31.166049	2023-03-12 18:34:31.166049
1118	560	17	47	90	start	\N	2023-03-12 18:34:31.180016	2023-03-12 18:34:31.180016
1120	531	16	47	36	substitute	t	2023-03-12 18:34:31.195344	2023-03-12 18:34:31.195344
1108	530	16	47	54	start	t	2023-03-12 18:34:31.130955	2023-03-12 18:34:31.198493
1121	553	17	47	22	substitute	\N	2023-03-12 18:34:31.219172	2023-03-12 18:34:31.219172
1114	554	17	47	68	start	\N	2023-03-12 18:34:31.161204	2023-03-12 18:34:31.222434
1122	551	17	47	22	substitute	\N	2023-03-12 18:34:31.231254	2023-03-12 18:34:31.231254
1119	562	17	47	68	start	\N	2023-03-12 18:34:31.186179	2023-03-12 18:34:31.236021
1123	552	17	47	22	substitute	\N	2023-03-12 18:34:31.246433	2023-03-12 18:34:31.246433
1117	561	17	47	68	start	\N	2023-03-12 18:34:31.175653	2023-03-12 18:34:31.251203
1124	528	16	47	14	substitute	t	2023-03-12 18:34:31.270595	2023-03-12 18:34:31.270595
1106	518	16	47	76	start	t	2023-03-12 18:34:31.122096	2023-03-12 18:34:31.273408
1125	516	16	47	14	substitute	t	2023-03-12 18:34:31.282827	2023-03-12 18:34:31.282827
1105	519	16	47	76	start	t	2023-03-12 18:34:31.117164	2023-03-12 18:34:31.286809
1126	558	17	47	11	substitute	\N	2023-03-12 18:34:31.298114	2023-03-12 18:34:31.298114
1116	550	17	47	79	start	\N	2023-03-12 18:34:31.171498	2023-03-12 18:34:31.302476
1127	559	17	47	11	substitute	\N	2023-03-12 18:34:31.311892	2023-03-12 18:34:31.311892
1110	538	17	47	79	start	\N	2023-03-12 18:34:31.141378	2023-03-12 18:34:31.315175
1128	507	16	47	10	substitute	t	2023-03-12 18:34:31.327041	2023-03-12 18:34:31.327041
1104	517	16	47	80	start	t	2023-03-12 18:34:31.11166	2023-03-12 18:34:31.330398
1129	200	7	48	90	start	t	2023-03-12 18:34:39.854805	2023-03-12 18:34:39.854805
1130	201	7	48	90	start	t	2023-03-12 18:34:39.859012	2023-03-12 18:34:39.859012
1131	208	7	48	90	start	t	2023-03-12 18:34:39.863449	2023-03-12 18:34:39.863449
1132	206	7	48	90	start	t	2023-03-12 18:34:39.889744	2023-03-12 18:34:39.889744
1134	217	7	48	90	start	t	2023-03-12 18:34:39.917372	2023-03-12 18:34:39.917372
1136	216	7	48	90	start	t	2023-03-12 18:34:39.929837	2023-03-12 18:34:39.929837
1137	213	7	48	90	start	t	2023-03-12 18:34:39.935291	2023-03-12 18:34:39.935291
1139	222	7	48	90	start	t	2023-03-12 18:34:39.94433	2023-03-12 18:34:39.94433
1135	218	7	48	60	start	t	2023-03-12 18:34:39.924456	2023-03-12 18:34:40.054757
1133	204	7	48	73	start	t	2023-03-12 18:34:39.907631	2023-03-12 18:34:40.110632
1138	221	7	48	86	start	t	2023-03-12 18:34:39.939846	2023-03-12 18:34:40.130763
1140	409	13	48	90	start	\N	2023-03-12 18:34:39.948742	2023-03-12 18:34:39.948742
1142	411	13	48	90	start	\N	2023-03-12 18:34:39.958438	2023-03-12 18:34:39.958438
1143	415	13	48	90	start	\N	2023-03-12 18:34:39.962825	2023-03-12 18:34:39.962825
1144	417	13	48	90	start	\N	2023-03-12 18:34:39.968166	2023-03-12 18:34:39.968166
1147	429	13	48	90	start	\N	2023-03-12 18:34:39.981288	2023-03-12 18:34:39.981288
1148	427	13	48	90	start	\N	2023-03-12 18:34:39.98652	2023-03-12 18:34:39.98652
1149	440	13	48	90	start	\N	2023-03-12 18:34:39.990915	2023-03-12 18:34:39.990915
1151	424	13	48	44	substitute	\N	2023-03-12 18:34:40.030022	2023-03-12 18:34:40.030022
1145	426	13	48	46	start	\N	2023-03-12 18:34:39.972618	2023-03-12 18:34:40.033519
1152	212	7	48	30	substitute	t	2023-03-12 18:34:40.051709	2023-03-12 18:34:40.051709
1153	425	13	48	24	substitute	\N	2023-03-12 18:34:40.072407	2023-03-12 18:34:40.072407
1150	431	13	48	66	start	\N	2023-03-12 18:34:39.994827	2023-03-12 18:34:40.075141
1154	413	13	48	24	substitute	\N	2023-03-12 18:34:40.083978	2023-03-12 18:34:40.083978
1146	422	13	48	66	start	\N	2023-03-12 18:34:39.977157	2023-03-12 18:34:40.087037
1155	441	13	48	24	substitute	\N	2023-03-12 18:34:40.095381	2023-03-12 18:34:40.095381
1141	416	13	48	66	start	\N	2023-03-12 18:34:39.954154	2023-03-12 18:34:40.098101
1156	215	7	48	17	substitute	t	2023-03-12 18:34:40.107713	2023-03-12 18:34:40.107713
1157	202	7	48	4	substitute	t	2023-03-12 18:34:40.128023	2023-03-12 18:34:40.128023
1158	158	6	49	90	start	t	2023-03-12 18:34:48.648618	2023-03-12 18:34:48.648618
1160	164	6	49	90	start	t	2023-03-12 18:34:48.659274	2023-03-12 18:34:48.659274
1161	165	6	49	90	start	t	2023-03-12 18:34:48.663545	2023-03-12 18:34:48.663545
1163	183	6	49	90	start	t	2023-03-12 18:34:48.674264	2023-03-12 18:34:48.674264
1164	176	6	49	90	start	t	2023-03-12 18:34:48.678455	2023-03-12 18:34:48.678455
1166	189	6	49	90	start	t	2023-03-12 18:34:48.68834	2023-03-12 18:34:48.68834
1167	188	6	49	90	start	t	2023-03-12 18:34:48.692554	2023-03-12 18:34:48.692554
1168	191	6	49	90	start	t	2023-03-12 18:34:48.696593	2023-03-12 18:34:48.696593
1169	33	2	49	90	start	\N	2023-03-12 18:34:48.724305	2023-03-12 18:34:48.724305
1170	36	2	49	90	start	\N	2023-03-12 18:34:48.750159	2023-03-12 18:34:48.750159
1171	40	2	49	90	start	\N	2023-03-12 18:34:48.762885	2023-03-12 18:34:48.762885
1172	45	2	49	90	start	\N	2023-03-12 18:34:48.772174	2023-03-12 18:34:48.772174
1173	42	2	49	90	start	\N	2023-03-12 18:34:48.776785	2023-03-12 18:34:48.776785
1174	51	2	49	90	start	\N	2023-03-12 18:34:48.781632	2023-03-12 18:34:48.781632
1175	53	2	49	90	start	\N	2023-03-12 18:34:48.787371	2023-03-12 18:34:48.787371
1176	55	2	49	90	start	\N	2023-03-12 18:34:48.791679	2023-03-12 18:34:48.791679
1180	59	2	49	26	substitute	\N	2023-03-12 18:34:48.838429	2023-03-12 18:34:48.838429
1178	58	2	49	64	start	\N	2023-03-12 18:34:48.801915	2023-03-12 18:34:48.841633
1181	49	2	49	26	substitute	\N	2023-03-12 18:34:48.852412	2023-03-12 18:34:48.852412
1179	48	2	49	64	start	\N	2023-03-12 18:34:48.806563	2023-03-12 18:34:48.855378
1182	178	6	49	19	substitute	t	2023-03-12 18:34:48.864497	2023-03-12 18:34:48.864497
1165	180	6	49	71	start	t	2023-03-12 18:34:48.683535	2023-03-12 18:34:48.869503
1183	167	6	49	19	substitute	t	2023-03-12 18:34:48.878892	2023-03-12 18:34:48.878892
1162	169	6	49	71	start	t	2023-03-12 18:34:48.669743	2023-03-12 18:34:48.882974
1184	184	6	49	19	substitute	t	2023-03-12 18:34:48.893915	2023-03-12 18:34:48.893915
1159	173	6	49	71	start	t	2023-03-12 18:34:48.654668	2023-03-12 18:34:48.896707
1185	52	2	49	6	substitute	\N	2023-03-12 18:34:48.909015	2023-03-12 18:34:48.909015
1177	50	2	49	84	start	\N	2023-03-12 18:34:48.796049	2023-03-12 18:34:48.911997
1186	445	14	50	90	start	t	2023-03-12 18:34:57.399051	2023-03-12 18:34:57.399051
1187	447	14	50	90	start	t	2023-03-12 18:34:57.404467	2023-03-12 18:34:57.404467
1189	448	14	50	90	start	t	2023-03-12 18:34:57.412858	2023-03-12 18:34:57.412858
1191	457	14	50	90	start	t	2023-03-12 18:34:57.422225	2023-03-12 18:34:57.422225
1193	461	14	50	90	start	t	2023-03-12 18:34:57.430542	2023-03-12 18:34:57.430542
1194	467	14	50	90	start	t	2023-03-12 18:34:57.435126	2023-03-12 18:34:57.435126
1197	601	19	50	90	start	\N	2023-03-12 18:34:57.447408	2023-03-12 18:34:57.447408
1198	608	19	50	90	start	\N	2023-03-12 18:34:57.452428	2023-03-12 18:34:57.452428
1199	606	19	50	90	start	\N	2023-03-12 18:34:57.456596	2023-03-12 18:34:57.456596
1201	612	19	50	90	start	\N	2023-03-12 18:34:57.464564	2023-03-12 18:34:57.464564
1204	627	19	50	90	start	\N	2023-03-12 18:34:57.477525	2023-03-12 18:34:57.477525
1205	623	19	50	90	start	\N	2023-03-12 18:34:57.481261	2023-03-12 18:34:57.481261
1208	464	14	50	35	substitute	t	2023-03-12 18:34:57.572267	2023-03-12 18:34:57.572267
1195	463	14	50	55	start	t	2023-03-12 18:34:57.439625	2023-03-12 18:34:57.575005
1209	468	14	50	35	substitute	t	2023-03-12 18:34:57.584361	2023-03-12 18:34:57.584361
1192	459	14	50	55	start	t	2023-03-12 18:34:57.426575	2023-03-12 18:34:57.587547
1210	635	19	50	32	substitute	\N	2023-03-12 18:34:57.595973	2023-03-12 18:34:57.595973
1207	621	19	50	58	start	\N	2023-03-12 18:34:57.490214	2023-03-12 18:34:57.59876
1211	632	19	50	32	substitute	\N	2023-03-12 18:34:57.608084	2023-03-12 18:34:57.608084
1206	634	19	50	58	start	\N	2023-03-12 18:34:57.486335	2023-03-12 18:34:57.610918
1212	462	14	50	22	substitute	t	2023-03-12 18:34:57.627824	2023-03-12 18:34:57.627824
1190	451	14	50	68	start	t	2023-03-12 18:34:57.417378	2023-03-12 18:34:57.630386
1213	609	19	50	21	substitute	\N	2023-03-12 18:34:57.639809	2023-03-12 18:34:57.639809
1202	616	19	50	69	start	\N	2023-03-12 18:34:57.469286	2023-03-12 18:34:57.64246
1214	620	19	50	21	substitute	\N	2023-03-12 18:34:57.651271	2023-03-12 18:34:57.651271
1203	626	19	50	69	start	\N	2023-03-12 18:34:57.473472	2023-03-12 18:34:57.654212
1215	460	14	50	21	substitute	t	2023-03-12 18:34:57.662267	2023-03-12 18:34:57.662267
1196	466	14	50	69	start	t	2023-03-12 18:34:57.443677	2023-03-12 18:34:57.66486
1216	454	14	50	15	substitute	t	2023-03-12 18:34:57.674226	2023-03-12 18:34:57.674226
1188	449	14	50	75	start	t	2023-03-12 18:34:57.408711	2023-03-12 18:34:57.676766
1217	604	19	50	12	substitute	\N	2023-03-12 18:34:57.692768	2023-03-12 18:34:57.692768
1200	625	19	50	78	start	\N	2023-03-12 18:34:57.460499	2023-03-12 18:34:57.695433
1218	638	20	51	90	start	t	2023-03-12 18:35:06.209251	2023-03-12 18:35:06.209251
1220	643	20	51	90	start	t	2023-03-12 18:35:06.22348	2023-03-12 18:35:06.22348
1221	644	20	51	90	start	t	2023-03-12 18:35:06.228319	2023-03-12 18:35:06.228319
1222	650	20	51	90	start	t	2023-03-12 18:35:06.233972	2023-03-12 18:35:06.233972
1223	653	20	51	90	start	t	2023-03-12 18:35:06.24062	2023-03-12 18:35:06.24062
1224	660	20	51	90	start	t	2023-03-12 18:35:06.245558	2023-03-12 18:35:06.245558
1226	663	20	51	90	start	t	2023-03-12 18:35:06.257579	2023-03-12 18:35:06.257579
1227	659	20	51	90	start	t	2023-03-12 18:35:06.262589	2023-03-12 18:35:06.262589
1228	662	20	51	90	start	t	2023-03-12 18:35:06.287964	2023-03-12 18:35:06.287964
1229	445	14	51	90	start	\N	2023-03-12 18:35:06.312446	2023-03-12 18:35:06.312446
1231	449	14	51	90	start	\N	2023-03-12 18:35:06.331622	2023-03-12 18:35:06.331622
1232	448	14	51	90	start	\N	2023-03-12 18:35:06.338171	2023-03-12 18:35:06.338171
1233	451	14	51	90	start	\N	2023-03-12 18:35:06.343175	2023-03-12 18:35:06.343175
1234	460	14	51	90	start	\N	2023-03-12 18:35:06.347708	2023-03-12 18:35:06.347708
1235	459	14	51	90	start	\N	2023-03-12 18:35:06.353642	2023-03-12 18:35:06.353642
1236	457	14	51	90	start	\N	2023-03-12 18:35:06.358513	2023-03-12 18:35:06.358513
1225	654	20	51	65	start	t	2023-03-12 18:35:06.251195	2023-03-12 18:35:06.46137
1237	461	14	51	73	start	\N	2023-03-12 18:35:06.363762	2023-03-12 18:35:06.486528
1230	447	14	51	80	start	\N	2023-03-12 18:35:06.322501	2023-03-12 18:35:06.511492
1238	466	14	51	90	start	\N	2023-03-12 18:35:06.369778	2023-03-12 18:35:06.369778
1239	463	14	51	90	start	\N	2023-03-12 18:35:06.374555	2023-03-12 18:35:06.374555
1240	647	20	51	63	substitute	t	2023-03-12 18:35:06.395619	2023-03-12 18:35:06.395619
1219	641	20	51	27	start	t	2023-03-12 18:35:06.214606	2023-03-12 18:35:06.399011
1241	658	20	51	25	substitute	t	2023-03-12 18:35:06.458079	2023-03-12 18:35:06.458079
1242	468	14	51	17	substitute	\N	2023-03-12 18:35:06.482274	2023-03-12 18:35:06.482274
1243	450	14	51	10	substitute	\N	2023-03-12 18:35:06.508319	2023-03-12 18:35:06.508319
1244	656	20	51	0	substitute	t	2023-03-12 18:35:06.523484	2023-03-12 18:35:06.523484
1245	535	17	52	90	start	t	2023-03-12 18:35:15.022081	2023-03-12 18:35:15.022081
1246	538	17	52	90	start	t	2023-03-12 18:35:15.026757	2023-03-12 18:35:15.026757
1247	544	17	52	90	start	t	2023-03-12 18:35:15.030699	2023-03-12 18:35:15.030699
1248	543	17	52	90	start	t	2023-03-12 18:35:15.035422	2023-03-12 18:35:15.035422
1249	539	17	52	90	start	t	2023-03-12 18:35:15.04005	2023-03-12 18:35:15.04005
1254	560	17	52	90	start	t	2023-03-12 18:35:15.061074	2023-03-12 18:35:15.061074
1256	564	18	52	90	start	\N	2023-03-12 18:35:15.070571	2023-03-12 18:35:15.070571
1258	570	18	52	90	start	\N	2023-03-12 18:35:15.078891	2023-03-12 18:35:15.078891
1259	572	18	52	90	start	\N	2023-03-12 18:35:15.082578	2023-03-12 18:35:15.082578
1260	574	18	52	90	start	\N	2023-03-12 18:35:15.087638	2023-03-12 18:35:15.087638
1261	584	18	52	90	start	\N	2023-03-12 18:35:15.091626	2023-03-12 18:35:15.091626
1264	581	18	52	90	start	\N	2023-03-12 18:35:15.104047	2023-03-12 18:35:15.104047
1267	592	18	52	44	substitute	\N	2023-03-12 18:35:15.15566	2023-03-12 18:35:15.15566
1265	583	18	52	46	start	\N	2023-03-12 18:35:15.108048	2023-03-12 18:35:15.158539
1268	593	18	52	31	substitute	\N	2023-03-12 18:35:15.176536	2023-03-12 18:35:15.176536
1263	596	18	52	59	start	\N	2023-03-12 18:35:15.099285	2023-03-12 18:35:15.179408
1269	551	17	52	31	substitute	t	2023-03-12 18:35:15.189293	2023-03-12 18:35:15.189293
1255	562	17	52	59	start	t	2023-03-12 18:35:15.065058	2023-03-12 18:35:15.192275
1270	552	17	52	31	substitute	t	2023-03-12 18:35:15.201398	2023-03-12 18:35:15.201398
1250	554	17	52	59	start	t	2023-03-12 18:35:15.04418	2023-03-12 18:35:15.204761
1271	586	18	52	31	substitute	\N	2023-03-12 18:35:15.213932	2023-03-12 18:35:15.213932
1266	598	18	52	59	start	\N	2023-03-12 18:35:15.111826	2023-03-12 18:35:15.216924
1272	542	17	52	23	substitute	t	2023-03-12 18:35:15.226788	2023-03-12 18:35:15.226788
1251	555	17	52	67	start	t	2023-03-12 18:35:15.048094	2023-03-12 18:35:15.229738
1273	568	18	52	20	substitute	\N	2023-03-12 18:35:15.239838	2023-03-12 18:35:15.239838
1257	577	18	52	70	start	\N	2023-03-12 18:35:15.07489	2023-03-12 18:35:15.242802
1274	553	17	52	7	substitute	t	2023-03-12 18:35:15.271756	2023-03-12 18:35:15.271756
1252	550	17	52	83	start	t	2023-03-12 18:35:15.052758	2023-03-12 18:35:15.2748
1275	558	17	52	7	substitute	t	2023-03-12 18:35:15.28411	2023-03-12 18:35:15.28411
1253	561	17	52	83	start	t	2023-03-12 18:35:15.057182	2023-03-12 18:35:15.287444
1276	599	18	52	4	substitute	\N	2023-03-12 18:35:15.296068	2023-03-12 18:35:15.296068
1262	582	18	52	86	start	\N	2023-03-12 18:35:15.095587	2023-03-12 18:35:15.298633
1277	469	15	53	90	start	t	2023-03-12 18:35:23.849306	2023-03-12 18:35:23.849306
1278	478	15	53	90	start	t	2023-03-12 18:35:23.854722	2023-03-12 18:35:23.854722
1279	474	15	53	90	start	t	2023-03-12 18:35:23.85874	2023-03-12 18:35:23.85874
1280	473	15	53	90	start	t	2023-03-12 18:35:23.862783	2023-03-12 18:35:23.862783
1281	483	15	53	90	start	t	2023-03-12 18:35:23.866951	2023-03-12 18:35:23.866951
1282	485	15	53	90	start	t	2023-03-12 18:35:23.871772	2023-03-12 18:35:23.871772
1283	484	15	53	90	start	t	2023-03-12 18:35:23.87608	2023-03-12 18:35:23.87608
1284	490	15	53	90	start	t	2023-03-12 18:35:23.879939	2023-03-12 18:35:23.879939
1287	497	15	53	90	start	t	2023-03-12 18:35:23.89388	2023-03-12 18:35:23.89388
1288	302	10	53	90	start	\N	2023-03-12 18:35:23.898187	2023-03-12 18:35:23.898187
1289	305	10	53	90	start	\N	2023-03-12 18:35:23.903287	2023-03-12 18:35:23.903287
1290	322	10	53	90	start	\N	2023-03-12 18:35:23.907767	2023-03-12 18:35:23.907767
1291	309	10	53	90	start	\N	2023-03-12 18:35:23.91217	2023-03-12 18:35:23.91217
1292	314	10	53	90	start	\N	2023-03-12 18:35:23.916319	2023-03-12 18:35:23.916319
1293	318	10	53	90	start	\N	2023-03-12 18:35:23.921866	2023-03-12 18:35:23.921866
1298	330	10	53	90	start	\N	2023-03-12 18:35:23.944834	2023-03-12 18:35:23.944834
1299	313	10	53	44	substitute	\N	2023-03-12 18:35:24.008062	2023-03-12 18:35:24.008062
1296	316	10	53	46	start	\N	2023-03-12 18:35:23.935845	2023-03-12 18:35:24.010754
1300	320	10	53	18	substitute	\N	2023-03-12 18:35:24.037923	2023-03-12 18:35:24.037923
1294	325	10	53	72	start	\N	2023-03-12 18:35:23.926252	2023-03-12 18:35:24.040803
1301	310	10	53	18	substitute	\N	2023-03-12 18:35:24.048801	2023-03-12 18:35:24.048801
1295	317	10	53	72	start	\N	2023-03-12 18:35:23.930479	2023-03-12 18:35:24.052254
1302	327	10	53	18	substitute	\N	2023-03-12 18:35:24.060793	2023-03-12 18:35:24.060793
1297	328	10	53	72	start	\N	2023-03-12 18:35:23.940466	2023-03-12 18:35:24.063535
1303	499	15	53	6	substitute	t	2023-03-12 18:35:24.072751	2023-03-12 18:35:24.072751
1286	870	15	53	84	start	t	2023-03-12 18:35:23.889552	2023-03-12 18:35:24.075499
1304	477	15	53	1	substitute	t	2023-03-12 18:35:24.083797	2023-03-12 18:35:24.083797
1285	496	15	53	89	start	t	2023-03-12 18:35:23.884629	2023-03-12 18:35:24.087363
1305	491	15	53	0	substitute	t	2023-03-12 18:35:24.095782	2023-03-12 18:35:24.095782
1306	472	15	53	0	substitute	t	2023-03-12 18:35:24.138575	2023-03-12 18:35:24.138575
1307	409	13	54	90	start	t	2023-03-12 18:35:32.626979	2023-03-12 18:35:32.626979
1308	418	13	54	90	start	t	2023-03-12 18:35:32.631451	2023-03-12 18:35:32.631451
1309	411	13	54	90	start	t	2023-03-12 18:35:32.636413	2023-03-12 18:35:32.636413
1310	415	13	54	90	start	t	2023-03-12 18:35:32.641067	2023-03-12 18:35:32.641067
1312	414	13	54	90	start	t	2023-03-12 18:35:32.649129	2023-03-12 18:35:32.649129
1317	440	13	54	90	start	t	2023-03-12 18:35:32.67289	2023-03-12 18:35:32.67289
1318	370	12	54	90	start	\N	2023-03-12 18:35:32.677329	2023-03-12 18:35:32.677329
1319	380	12	54	90	start	\N	2023-03-12 18:35:32.681502	2023-03-12 18:35:32.681502
1320	376	12	54	90	start	\N	2023-03-12 18:35:32.686788	2023-03-12 18:35:32.686788
1313	430	13	54	60	start	t	2023-03-12 18:35:32.654605	2023-03-12 18:35:32.769174
1316	425	13	54	60	start	t	2023-03-12 18:35:32.667516	2023-03-12 18:35:32.78066
1315	417	13	54	71	start	t	2023-03-12 18:35:32.663169	2023-03-12 18:35:32.79975
1314	424	13	54	72	start	t	2023-03-12 18:35:32.658856	2023-03-12 18:35:32.811536
1311	426	13	54	83	start	t	2023-03-12 18:35:32.645084	2023-03-12 18:35:32.877637
1321	382	12	54	90	start	\N	2023-03-12 18:35:32.69131	2023-03-12 18:35:32.69131
1322	377	12	54	90	start	\N	2023-03-12 18:35:32.695572	2023-03-12 18:35:32.695572
1323	392	12	54	90	start	\N	2023-03-12 18:35:32.699859	2023-03-12 18:35:32.699859
1324	394	12	54	90	start	\N	2023-03-12 18:35:32.705156	2023-03-12 18:35:32.705156
1327	404	12	54	90	start	\N	2023-03-12 18:35:32.717569	2023-03-12 18:35:32.717569
1329	441	13	54	30	substitute	t	2023-03-12 18:35:32.765678	2023-03-12 18:35:32.765678
1330	427	13	54	30	substitute	t	2023-03-12 18:35:32.77794	2023-03-12 18:35:32.77794
1331	413	13	54	19	substitute	t	2023-03-12 18:35:32.797228	2023-03-12 18:35:32.797228
1332	431	13	54	18	substitute	t	2023-03-12 18:35:32.809002	2023-03-12 18:35:32.809002
1333	405	12	54	16	substitute	\N	2023-03-12 18:35:32.820361	2023-03-12 18:35:32.820361
1328	402	12	54	74	start	\N	2023-03-12 18:35:32.722192	2023-03-12 18:35:32.823136
1334	422	13	54	7	substitute	t	2023-03-12 18:35:32.871608	2023-03-12 18:35:32.871608
1335	379	12	54	7	substitute	\N	2023-03-12 18:35:32.890115	2023-03-12 18:35:32.890115
1326	390	12	54	83	start	\N	2023-03-12 18:35:32.713496	2023-03-12 18:35:32.893114
1336	403	12	54	4	substitute	\N	2023-03-12 18:35:32.903425	2023-03-12 18:35:32.903425
1325	388	12	54	86	start	\N	2023-03-12 18:35:32.709564	2023-03-12 18:35:32.906627
1337	267	9	55	90	start	t	2023-03-12 18:35:41.392306	2023-03-12 18:35:41.392306
1338	273	9	55	90	start	t	2023-03-12 18:35:41.396691	2023-03-12 18:35:41.396691
1339	281	9	55	90	start	t	2023-03-12 18:35:41.400917	2023-03-12 18:35:41.400917
1340	272	9	55	90	start	t	2023-03-12 18:35:41.405749	2023-03-12 18:35:41.405749
1341	277	9	55	90	start	t	2023-03-12 18:35:41.409722	2023-03-12 18:35:41.409722
1343	286	9	55	90	start	t	2023-03-12 18:35:41.417608	2023-03-12 18:35:41.417608
1344	299	9	55	90	start	t	2023-03-12 18:35:41.422365	2023-03-12 18:35:41.422365
1345	298	9	55	90	start	t	2023-03-12 18:35:41.426574	2023-03-12 18:35:41.426574
1346	300	9	55	90	start	t	2023-03-12 18:35:41.430279	2023-03-12 18:35:41.430279
1348	158	6	55	90	start	\N	2023-03-12 18:35:41.439261	2023-03-12 18:35:41.439261
1350	164	6	55	90	start	\N	2023-03-12 18:35:41.447249	2023-03-12 18:35:41.447249
1351	165	6	55	90	start	\N	2023-03-12 18:35:41.451546	2023-03-12 18:35:41.451546
1354	176	6	55	90	start	\N	2023-03-12 18:35:41.464089	2023-03-12 18:35:41.464089
1356	189	6	55	90	start	\N	2023-03-12 18:35:41.472717	2023-03-12 18:35:41.472717
1358	191	6	55	90	start	\N	2023-03-12 18:35:41.480355	2023-03-12 18:35:41.480355
1359	188	6	55	44	substitute	\N	2023-03-12 18:35:41.496849	2023-03-12 18:35:41.496849
1355	184	6	55	46	start	\N	2023-03-12 18:35:41.468311	2023-03-12 18:35:41.499688
1360	169	6	55	31	substitute	\N	2023-03-12 18:35:41.508685	2023-03-12 18:35:41.508685
1352	167	6	55	59	start	\N	2023-03-12 18:35:41.456151	2023-03-12 18:35:41.511461
1361	178	6	55	31	substitute	\N	2023-03-12 18:35:41.520152	2023-03-12 18:35:41.520152
1349	173	6	55	59	start	\N	2023-03-12 18:35:41.443399	2023-03-12 18:35:41.52314
1362	290	9	55	28	substitute	t	2023-03-12 18:35:41.530887	2023-03-12 18:35:41.530887
1342	289	9	55	62	start	t	2023-03-12 18:35:41.413717	2023-03-12 18:35:41.53363
1363	170	6	55	10	substitute	\N	2023-03-12 18:35:41.550992	2023-03-12 18:35:41.550992
1353	183	6	55	80	start	\N	2023-03-12 18:35:41.46007	2023-03-12 18:35:41.554199
1364	190	6	55	10	substitute	\N	2023-03-12 18:35:41.562552	2023-03-12 18:35:41.562552
1357	192	6	55	80	start	\N	2023-03-12 18:35:41.476459	2023-03-12 18:35:41.565082
1365	295	9	55	8	substitute	t	2023-03-12 18:35:41.574266	2023-03-12 18:35:41.574266
1347	297	9	55	82	start	t	2023-03-12 18:35:41.434868	2023-03-12 18:35:41.576958
1366	1	1	56	90	start	t	2023-03-12 18:35:50.109497	2023-03-12 18:35:50.109497
1367	11	1	56	90	start	t	2023-03-12 18:35:50.113779	2023-03-12 18:35:50.113779
1368	10	1	56	90	start	t	2023-03-12 18:35:50.12034	2023-03-12 18:35:50.12034
1370	9	1	56	90	start	t	2023-03-12 18:35:50.128861	2023-03-12 18:35:50.128861
1371	22	1	56	90	start	t	2023-03-12 18:35:50.133124	2023-03-12 18:35:50.133124
1372	17	1	56	90	start	t	2023-03-12 18:35:50.137795	2023-03-12 18:35:50.137795
1374	16	1	56	90	start	t	2023-03-12 18:35:50.145993	2023-03-12 18:35:50.145993
1377	228	8	56	90	start	\N	2023-03-12 18:35:50.158821	2023-03-12 18:35:50.158821
1379	236	8	56	90	start	\N	2023-03-12 18:35:50.167009	2023-03-12 18:35:50.167009
1380	235	8	56	90	start	\N	2023-03-12 18:35:50.17156	2023-03-12 18:35:50.17156
1384	251	8	56	90	start	\N	2023-03-12 18:35:50.188591	2023-03-12 18:35:50.188591
1385	245	8	56	90	start	\N	2023-03-12 18:35:50.192506	2023-03-12 18:35:50.192506
1386	260	8	56	90	start	\N	2023-03-12 18:35:50.196613	2023-03-12 18:35:50.196613
1387	261	8	56	90	start	\N	2023-03-12 18:35:50.200813	2023-03-12 18:35:50.200813
1388	882	1	56	32	substitute	t	2023-03-12 18:35:50.22742	2023-03-12 18:35:50.22742
1373	26	1	56	58	start	t	2023-03-12 18:35:50.141941	2023-03-12 18:35:50.230196
1389	18	1	56	23	substitute	t	2023-03-12 18:35:50.256194	2023-03-12 18:35:50.256194
1375	27	1	56	67	start	t	2023-03-12 18:35:50.150024	2023-03-12 18:35:50.258919
1390	247	8	56	17	substitute	\N	2023-03-12 18:35:50.275951	2023-03-12 18:35:50.275951
1382	246	8	56	73	start	\N	2023-03-12 18:35:50.179616	2023-03-12 18:35:50.278541
1391	262	8	56	16	substitute	\N	2023-03-12 18:35:50.287794	2023-03-12 18:35:50.287794
1381	252	8	56	74	start	\N	2023-03-12 18:35:50.175826	2023-03-12 18:35:50.290628
1392	248	8	56	16	substitute	\N	2023-03-12 18:35:50.298639	2023-03-12 18:35:50.298639
1383	249	8	56	74	start	\N	2023-03-12 18:35:50.183794	2023-03-12 18:35:50.301663
1393	19	1	56	10	substitute	t	2023-03-12 18:35:50.326579	2023-03-12 18:35:50.326579
1376	25	1	56	80	start	t	2023-03-12 18:35:50.154886	2023-03-12 18:35:50.329369
1394	239	8	56	10	substitute	\N	2023-03-12 18:35:50.338482	2023-03-12 18:35:50.338482
1378	234	8	56	80	start	\N	2023-03-12 18:35:50.162797	2023-03-12 18:35:50.341155
1395	7	1	56	10	substitute	t	2023-03-12 18:35:50.349409	2023-03-12 18:35:50.349409
1369	8	1	56	80	start	t	2023-03-12 18:35:50.124895	2023-03-12 18:35:50.352662
1396	33	2	57	90	start	t	2023-03-12 18:35:58.867846	2023-03-12 18:35:58.867846
1397	36	2	57	90	start	t	2023-03-12 18:35:58.872705	2023-03-12 18:35:58.872705
1398	39	2	57	90	start	t	2023-03-12 18:35:58.876779	2023-03-12 18:35:58.876779
1399	38	2	57	90	start	t	2023-03-12 18:35:58.880885	2023-03-12 18:35:58.880885
1401	51	2	57	90	start	t	2023-03-12 18:35:58.890045	2023-03-12 18:35:58.890045
1402	53	2	57	90	start	t	2023-03-12 18:35:58.894243	2023-03-12 18:35:58.894243
1403	55	2	57	90	start	t	2023-03-12 18:35:58.898081	2023-03-12 18:35:58.898081
1405	58	2	57	90	start	t	2023-03-12 18:35:58.90689	2023-03-12 18:35:58.90689
1407	502	16	57	90	start	\N	2023-03-12 18:35:58.914662	2023-03-12 18:35:58.914662
1408	506	16	57	90	start	\N	2023-03-12 18:35:58.918716	2023-03-12 18:35:58.918716
1409	510	16	57	90	start	\N	2023-03-12 18:35:58.923566	2023-03-12 18:35:58.923566
1410	509	16	57	90	start	\N	2023-03-12 18:35:58.927596	2023-03-12 18:35:58.927596
1413	522	16	57	90	start	\N	2023-03-12 18:35:58.93998	2023-03-12 18:35:58.93998
1414	519	16	57	90	start	\N	2023-03-12 18:35:58.943979	2023-03-12 18:35:58.943979
1415	528	16	57	90	start	\N	2023-03-12 18:35:58.947824	2023-03-12 18:35:58.947824
1412	518	16	57	62	start	\N	2023-03-12 18:35:58.935913	2023-03-12 18:35:58.985243
1411	507	16	57	63	start	\N	2023-03-12 18:35:58.931461	2023-03-12 18:35:58.996797
1416	530	16	57	63	start	\N	2023-03-12 18:35:58.951805	2023-03-12 18:35:59.008428
1406	48	2	57	70	start	t	2023-03-12 18:35:58.910772	2023-03-12 18:35:59.027347
1404	50	2	57	70	start	t	2023-03-12 18:35:58.902448	2023-03-12 18:35:59.038914
1400	42	2	57	79	start	t	2023-03-12 18:35:58.885518	2023-03-12 18:35:59.049439
1417	529	16	57	90	start	\N	2023-03-12 18:35:58.956179	2023-03-12 18:35:58.956179
1418	517	16	57	28	substitute	\N	2023-03-12 18:35:58.982272	2023-03-12 18:35:58.982272
1419	511	16	57	27	substitute	\N	2023-03-12 18:35:58.993979	2023-03-12 18:35:58.993979
1420	531	16	57	27	substitute	\N	2023-03-12 18:35:59.00548	2023-03-12 18:35:59.00548
1421	52	2	57	20	substitute	t	2023-03-12 18:35:59.024755	2023-03-12 18:35:59.024755
1422	49	2	57	20	substitute	t	2023-03-12 18:35:59.035727	2023-03-12 18:35:59.035727
1423	45	2	57	11	substitute	t	2023-03-12 18:35:59.046917	2023-03-12 18:35:59.046917
1424	59	2	57	0	substitute	t	2023-03-12 18:35:59.068801	2023-03-12 18:35:59.068801
1425	601	19	58	90	start	t	2023-03-12 18:36:07.634431	2023-03-12 18:36:07.634431
1426	606	19	58	90	start	t	2023-03-12 18:36:07.639899	2023-03-12 18:36:07.639899
1427	605	19	58	90	start	t	2023-03-12 18:36:07.644476	2023-03-12 18:36:07.644476
1428	612	19	58	90	start	t	2023-03-12 18:36:07.648612	2023-03-12 18:36:07.648612
1429	608	19	58	90	start	t	2023-03-12 18:36:07.653448	2023-03-12 18:36:07.653448
1430	626	19	58	90	start	t	2023-03-12 18:36:07.658078	2023-03-12 18:36:07.658078
1432	616	19	58	90	start	t	2023-03-12 18:36:07.666492	2023-03-12 18:36:07.666492
1433	621	19	58	90	start	t	2023-03-12 18:36:07.671308	2023-03-12 18:36:07.671308
1436	61	3	58	90	start	\N	2023-03-12 18:36:07.684231	2023-03-12 18:36:07.684231
1437	68	3	58	90	start	\N	2023-03-12 18:36:07.689107	2023-03-12 18:36:07.689107
1438	67	3	58	90	start	\N	2023-03-12 18:36:07.693424	2023-03-12 18:36:07.693424
1439	66	3	58	90	start	\N	2023-03-12 18:36:07.697309	2023-03-12 18:36:07.697309
1441	75	3	58	90	start	\N	2023-03-12 18:36:07.706413	2023-03-12 18:36:07.706413
1442	77	3	58	90	start	\N	2023-03-12 18:36:07.7107	2023-03-12 18:36:07.7107
1444	85	3	58	90	start	\N	2023-03-12 18:36:07.71911	2023-03-12 18:36:07.71911
1445	81	3	58	90	start	\N	2023-03-12 18:36:07.72368	2023-03-12 18:36:07.72368
1446	89	3	58	90	start	\N	2023-03-12 18:36:07.727693	2023-03-12 18:36:07.727693
1447	64	3	58	44	substitute	\N	2023-03-12 18:36:07.770866	2023-03-12 18:36:07.770866
1440	72	3	58	46	start	\N	2023-03-12 18:36:07.701955	2023-03-12 18:36:07.773787
1448	632	19	58	23	substitute	t	2023-03-12 18:36:07.798139	2023-03-12 18:36:07.798139
1434	622	19	58	67	start	t	2023-03-12 18:36:07.675756	2023-03-12 18:36:07.800813
1449	620	19	58	14	substitute	t	2023-03-12 18:36:07.817841	2023-03-12 18:36:07.817841
1431	625	19	58	76	start	t	2023-03-12 18:36:07.662217	2023-03-12 18:36:07.821105
1450	635	19	58	5	substitute	t	2023-03-12 18:36:07.829236	2023-03-12 18:36:07.829236
1435	634	19	58	85	start	t	2023-03-12 18:36:07.680205	2023-03-12 18:36:07.831832
1451	92	3	58	5	substitute	\N	2023-03-12 18:36:07.840827	2023-03-12 18:36:07.840827
1443	78	3	58	85	start	\N	2023-03-12 18:36:07.714565	2023-03-12 18:36:07.84343
1452	69	3	58	0	substitute	\N	2023-03-12 18:36:07.85962	2023-03-12 18:36:07.85962
1453	91	3	58	0	substitute	\N	2023-03-12 18:36:07.870197	2023-03-12 18:36:07.870197
1454	331	11	59	90	start	t	2023-03-12 18:36:16.38286	2023-03-12 18:36:16.38286
1455	339	11	59	90	start	t	2023-03-12 18:36:16.387844	2023-03-12 18:36:16.387844
1456	338	11	59	90	start	t	2023-03-12 18:36:16.391853	2023-03-12 18:36:16.391853
1457	343	11	59	90	start	t	2023-03-12 18:36:16.3958	2023-03-12 18:36:16.3958
1458	337	11	59	90	start	t	2023-03-12 18:36:16.399563	2023-03-12 18:36:16.399563
1459	355	11	59	90	start	t	2023-03-12 18:36:16.403802	2023-03-12 18:36:16.403802
1460	350	11	59	90	start	t	2023-03-12 18:36:16.408062	2023-03-12 18:36:16.408062
1461	352	11	59	90	start	t	2023-03-12 18:36:16.412113	2023-03-12 18:36:16.412113
1462	364	11	59	90	start	t	2023-03-12 18:36:16.416027	2023-03-12 18:36:16.416027
1465	94	4	59	90	start	\N	2023-03-12 18:36:16.428716	2023-03-12 18:36:16.428716
1466	95	4	59	90	start	\N	2023-03-12 18:36:16.432732	2023-03-12 18:36:16.432732
1467	97	4	59	90	start	\N	2023-03-12 18:36:16.437284	2023-03-12 18:36:16.437284
1468	99	4	59	90	start	\N	2023-03-12 18:36:16.441524	2023-03-12 18:36:16.441524
1470	107	4	59	90	start	\N	2023-03-12 18:36:16.449394	2023-03-12 18:36:16.449394
1475	120	4	59	90	start	\N	2023-03-12 18:36:16.470255	2023-03-12 18:36:16.470255
1476	100	4	59	61	substitute	\N	2023-03-12 18:36:16.486557	2023-03-12 18:36:16.486557
1469	102	4	59	29	start	\N	2023-03-12 18:36:16.445628	2023-03-12 18:36:16.489247
1477	122	4	59	30	substitute	\N	2023-03-12 18:36:16.524417	2023-03-12 18:36:16.524417
1474	108	4	59	60	start	\N	2023-03-12 18:36:16.465977	2023-03-12 18:36:16.527181
1478	123	4	59	30	substitute	\N	2023-03-12 18:36:16.535285	2023-03-12 18:36:16.535285
1472	121	4	59	60	start	\N	2023-03-12 18:36:16.458232	2023-03-12 18:36:16.538415
1479	110	4	59	29	substitute	\N	2023-03-12 18:36:16.546644	2023-03-12 18:36:16.546644
1473	113	4	59	61	start	\N	2023-03-12 18:36:16.46209	2023-03-12 18:36:16.549402
1480	353	11	59	12	substitute	t	2023-03-12 18:36:16.582817	2023-03-12 18:36:16.582817
1464	365	11	59	78	start	t	2023-03-12 18:36:16.42467	2023-03-12 18:36:16.585951
1481	351	11	59	6	substitute	t	2023-03-12 18:36:16.602992	2023-03-12 18:36:16.602992
1463	363	11	59	84	start	t	2023-03-12 18:36:16.420309	2023-03-12 18:36:16.606163
1482	124	4	59	5	substitute	\N	2023-03-12 18:36:16.614477	2023-03-12 18:36:16.614477
1471	115	4	59	85	start	\N	2023-03-12 18:36:16.453892	2023-03-12 18:36:16.617015
1483	127	5	60	90	start	t	2023-03-12 18:36:25.15433	2023-03-12 18:36:25.15433
1484	133	5	60	90	start	t	2023-03-12 18:36:25.159616	2023-03-12 18:36:25.159616
1485	131	5	60	90	start	t	2023-03-12 18:36:25.16424	2023-03-12 18:36:25.16424
1486	135	5	60	90	start	t	2023-03-12 18:36:25.169092	2023-03-12 18:36:25.169092
1487	130	5	60	90	start	t	2023-03-12 18:36:25.174288	2023-03-12 18:36:25.174288
1488	143	5	60	90	start	t	2023-03-12 18:36:25.178871	2023-03-12 18:36:25.178871
1489	140	5	60	90	start	t	2023-03-12 18:36:25.183614	2023-03-12 18:36:25.183614
1490	144	5	60	90	start	t	2023-03-12 18:36:25.188793	2023-03-12 18:36:25.188793
1494	200	7	60	90	start	\N	2023-03-12 18:36:25.208005	2023-03-12 18:36:25.208005
1495	201	7	60	90	start	\N	2023-03-12 18:36:25.212582	2023-03-12 18:36:25.212582
1496	208	7	60	90	start	\N	2023-03-12 18:36:25.217016	2023-03-12 18:36:25.217016
1497	206	7	60	90	start	\N	2023-03-12 18:36:25.221908	2023-03-12 18:36:25.221908
1500	213	7	60	90	start	\N	2023-03-12 18:36:25.235259	2023-03-12 18:36:25.235259
1492	152	5	60	46	start	t	2023-03-12 18:36:25.197863	2023-03-12 18:36:25.290573
1501	216	7	60	56	start	\N	2023-03-12 18:36:25.240149	2023-03-12 18:36:25.301693
1499	217	7	60	56	start	\N	2023-03-12 18:36:25.230833	2023-03-12 18:36:25.313136
1502	212	7	60	73	start	\N	2023-03-12 18:36:25.24433	2023-03-12 18:36:25.324842
1498	204	7	60	73	start	\N	2023-03-12 18:36:25.226463	2023-03-12 18:36:25.336079
1491	148	5	60	82	start	t	2023-03-12 18:36:25.193427	2023-03-12 18:36:25.363924
1493	141	5	60	82	start	t	2023-03-12 18:36:25.202715	2023-03-12 18:36:25.375814
1503	221	7	60	83	start	\N	2023-03-12 18:36:25.248383	2023-03-12 18:36:25.387276
1504	222	7	60	90	start	\N	2023-03-12 18:36:25.253034	2023-03-12 18:36:25.253034
1505	151	5	60	44	substitute	t	2023-03-12 18:36:25.287678	2023-03-12 18:36:25.287678
1506	214	7	60	34	substitute	\N	2023-03-12 18:36:25.298802	2023-03-12 18:36:25.298802
1507	215	7	60	34	substitute	\N	2023-03-12 18:36:25.310498	2023-03-12 18:36:25.310498
1508	224	7	60	17	substitute	\N	2023-03-12 18:36:25.32207	2023-03-12 18:36:25.32207
1509	211	7	60	17	substitute	\N	2023-03-12 18:36:25.332906	2023-03-12 18:36:25.332906
1510	156	5	60	8	substitute	t	2023-03-12 18:36:25.361205	2023-03-12 18:36:25.361205
1511	150	5	60	8	substitute	t	2023-03-12 18:36:25.373017	2023-03-12 18:36:25.373017
1512	223	7	60	7	substitute	\N	2023-03-12 18:36:25.384077	2023-03-12 18:36:25.384077
1513	228	8	62	90	start	t	2023-03-12 18:36:42.576352	2023-03-12 18:36:42.576352
1514	234	8	62	90	start	t	2023-03-12 18:36:42.580804	2023-03-12 18:36:42.580804
1515	236	8	62	90	start	t	2023-03-12 18:36:42.58522	2023-03-12 18:36:42.58522
1516	235	8	62	90	start	t	2023-03-12 18:36:42.59006	2023-03-12 18:36:42.59006
1518	246	8	62	90	start	t	2023-03-12 18:36:42.598422	2023-03-12 18:36:42.598422
1523	261	8	62	90	start	t	2023-03-12 18:36:42.620034	2023-03-12 18:36:42.620034
1524	267	9	62	90	start	\N	2023-03-12 18:36:42.62456	2023-03-12 18:36:42.62456
1526	275	9	62	90	start	\N	2023-03-12 18:36:42.632335	2023-03-12 18:36:42.632335
1527	272	9	62	90	start	\N	2023-03-12 18:36:42.636819	2023-03-12 18:36:42.636819
1528	277	9	62	90	start	\N	2023-03-12 18:36:42.64118	2023-03-12 18:36:42.64118
1529	299	9	62	90	start	\N	2023-03-12 18:36:42.645427	2023-03-12 18:36:42.645427
1530	286	9	62	90	start	\N	2023-03-12 18:36:42.649542	2023-03-12 18:36:42.649542
1533	295	9	62	90	start	\N	2023-03-12 18:36:42.662421	2023-03-12 18:36:42.662421
1535	244	8	62	44	substitute	t	2023-03-12 18:36:42.696807	2023-03-12 18:36:42.696807
1519	422	8	62	46	start	t	2023-03-12 18:36:42.603012	2023-03-12 18:36:42.699641
1536	274	9	62	44	substitute	\N	2023-03-12 18:36:42.709114	2023-03-12 18:36:42.709114
1531	290	9	62	46	start	\N	2023-03-12 18:36:42.654005	2023-03-12 18:36:42.711787
1537	298	9	62	29	substitute	\N	2023-03-12 18:36:42.728738	2023-03-12 18:36:42.728738
1534	300	9	62	61	start	\N	2023-03-12 18:36:42.666522	2023-03-12 18:36:42.731379
1538	278	9	62	29	substitute	\N	2023-03-12 18:36:42.7401	2023-03-12 18:36:42.7401
1525	279	9	62	61	start	\N	2023-03-12 18:36:42.628417	2023-03-12 18:36:42.742855
1539	262	8	62	18	substitute	t	2023-03-12 18:36:42.76744	2023-03-12 18:36:42.76744
1522	496	8	62	72	start	t	2023-03-12 18:36:42.615712	2023-03-12 18:36:42.770519
1540	248	8	62	18	substitute	t	2023-03-12 18:36:42.779091	2023-03-12 18:36:42.779091
1520	251	8	62	72	start	t	2023-03-12 18:36:42.607455	2023-03-12 18:36:42.78198
1541	289	9	62	12	substitute	\N	2023-03-12 18:36:42.79104	2023-03-12 18:36:42.79104
1532	288	9	62	78	start	\N	2023-03-12 18:36:42.658507	2023-03-12 18:36:42.793839
1542	233	8	62	9	substitute	t	2023-03-12 18:36:42.811026	2023-03-12 18:36:42.811026
1517	252	8	62	81	start	t	2023-03-12 18:36:42.594341	2023-03-12 18:36:42.813627
1543	247	8	62	8	substitute	t	2023-03-12 18:36:42.853673	2023-03-12 18:36:42.853673
1521	245	8	62	82	start	t	2023-03-12 18:36:42.611707	2023-03-12 18:36:42.860551
1544	502	16	63	90	start	t	2023-03-12 18:36:51.344789	2023-03-12 18:36:51.344789
1545	511	16	63	90	start	t	2023-03-12 18:36:51.348639	2023-03-12 18:36:51.348639
1546	512	16	63	90	start	t	2023-03-12 18:36:51.353043	2023-03-12 18:36:51.353043
1547	509	16	63	90	start	t	2023-03-12 18:36:51.357604	2023-03-12 18:36:51.357604
1548	507	16	63	90	start	t	2023-03-12 18:36:51.361666	2023-03-12 18:36:51.361666
1551	517	16	63	90	start	t	2023-03-12 18:36:51.374474	2023-03-12 18:36:51.374474
1553	529	16	63	90	start	t	2023-03-12 18:36:51.382789	2023-03-12 18:36:51.382789
1555	1	1	63	90	start	\N	2023-03-12 18:36:51.391766	2023-03-12 18:36:51.391766
1556	13	1	63	90	start	\N	2023-03-12 18:36:51.395711	2023-03-12 18:36:51.395711
1557	10	1	63	90	start	\N	2023-03-12 18:36:51.399403	2023-03-12 18:36:51.399403
1558	8	1	63	90	start	\N	2023-03-12 18:36:51.403934	2023-03-12 18:36:51.403934
1559	12	1	63	90	start	\N	2023-03-12 18:36:51.408128	2023-03-12 18:36:51.408128
1560	19	1	63	90	start	\N	2023-03-12 18:36:51.412189	2023-03-12 18:36:51.412189
1563	16	1	63	90	start	\N	2023-03-12 18:36:51.425531	2023-03-12 18:36:51.425531
1564	25	1	63	90	start	\N	2023-03-12 18:36:51.429636	2023-03-12 18:36:51.429636
1566	518	16	63	34	substitute	t	2023-03-12 18:36:51.460104	2023-03-12 18:36:51.460104
1554	530	16	63	56	start	t	2023-03-12 18:36:51.387152	2023-03-12 18:36:51.462657
1567	22	1	63	21	substitute	\N	2023-03-12 18:36:51.471919	2023-03-12 18:36:51.471919
1565	895	1	63	69	start	\N	2023-03-12 18:36:51.433872	2023-03-12 18:36:51.474795
1568	30	1	63	20	substitute	\N	2023-03-12 18:36:51.483372	2023-03-12 18:36:51.483372
1562	26	1	63	70	start	\N	2023-03-12 18:36:51.420851	2023-03-12 18:36:51.486384
1569	519	16	63	19	substitute	t	2023-03-12 18:36:51.494983	2023-03-12 18:36:51.494983
1549	522	16	63	71	start	t	2023-03-12 18:36:51.365496	2023-03-12 18:36:51.497687
1570	528	16	63	19	substitute	t	2023-03-12 18:36:51.506821	2023-03-12 18:36:51.506821
1552	531	16	63	71	start	t	2023-03-12 18:36:51.378563	2023-03-12 18:36:51.509802
1571	18	1	63	7	substitute	\N	2023-03-12 18:36:51.537165	2023-03-12 18:36:51.537165
1561	17	1	63	83	start	\N	2023-03-12 18:36:51.41649	2023-03-12 18:36:51.540334
1572	516	16	63	6	substitute	t	2023-03-12 18:36:51.549291	2023-03-12 18:36:51.549291
1550	521	16	63	84	start	t	2023-03-12 18:36:51.369997	2023-03-12 18:36:51.552666
1573	94	4	64	90	start	t	2023-03-12 18:37:00.140828	2023-03-12 18:37:00.140828
1574	95	4	64	90	start	t	2023-03-12 18:37:00.146045	2023-03-12 18:37:00.146045
1575	97	4	64	90	start	t	2023-03-12 18:37:00.150569	2023-03-12 18:37:00.150569
1576	99	4	64	90	start	t	2023-03-12 18:37:00.155714	2023-03-12 18:37:00.155714
1577	102	4	64	90	start	t	2023-03-12 18:37:00.160626	2023-03-12 18:37:00.160626
1578	115	4	64	90	start	t	2023-03-12 18:37:00.164784	2023-03-12 18:37:00.164784
1581	113	4	64	90	start	t	2023-03-12 18:37:00.178272	2023-03-12 18:37:00.178272
1583	124	4	64	90	start	t	2023-03-12 18:37:00.187056	2023-03-12 18:37:00.187056
1584	407	13	64	90	start	\N	2023-03-12 18:37:00.191742	2023-03-12 18:37:00.191742
1586	411	13	64	90	start	\N	2023-03-12 18:37:00.199947	2023-03-12 18:37:00.199947
1587	415	13	64	90	start	\N	2023-03-12 18:37:00.204606	2023-03-12 18:37:00.204606
1580	121	4	64	68	start	t	2023-03-12 18:37:00.173799	2023-03-12 18:37:00.316325
1579	107	4	64	68	start	t	2023-03-12 18:37:00.169154	2023-03-12 18:37:00.327828
1585	412	13	64	79	start	\N	2023-03-12 18:37:00.195884	2023-03-12 18:37:00.36737
1582	122	4	64	83	start	t	2023-03-12 18:37:00.182596	2023-03-12 18:37:00.402178
1588	416	13	64	90	start	\N	2023-03-12 18:37:00.209155	2023-03-12 18:37:00.209155
1593	896	13	64	90	start	\N	2023-03-12 18:37:00.230607	2023-03-12 18:37:00.230607
1594	431	13	64	90	start	\N	2023-03-12 18:37:00.234911	2023-03-12 18:37:00.234911
1595	422	13	64	34	substitute	\N	2023-03-12 18:37:00.285971	2023-03-12 18:37:00.285971
1590	428	13	64	56	start	\N	2023-03-12 18:37:00.217556	2023-03-12 18:37:00.288842
1596	109	4	64	22	substitute	t	2023-03-12 18:37:00.313615	2023-03-12 18:37:00.313615
1597	110	4	64	22	substitute	t	2023-03-12 18:37:00.325256	2023-03-12 18:37:00.325256
1598	430	13	64	11	substitute	\N	2023-03-12 18:37:00.352696	2023-03-12 18:37:00.352696
1591	424	13	64	79	start	\N	2023-03-12 18:37:00.222055	2023-03-12 18:37:00.355755
1599	417	13	64	11	substitute	\N	2023-03-12 18:37:00.364407	2023-03-12 18:37:00.364407
1600	432	13	64	11	substitute	\N	2023-03-12 18:37:00.376482	2023-03-12 18:37:00.376482
1592	434	13	64	79	start	\N	2023-03-12 18:37:00.226654	2023-03-12 18:37:00.379047
1601	429	13	64	10	substitute	\N	2023-03-12 18:37:00.387799	2023-03-12 18:37:00.387799
1589	427	13	64	80	start	\N	2023-03-12 18:37:00.213512	2023-03-12 18:37:00.390842
1602	111	4	64	7	substitute	t	2023-03-12 18:37:00.399222	2023-03-12 18:37:00.399222
1603	112	4	64	0	substitute	t	2023-03-12 18:37:00.418863	2023-03-12 18:37:00.418863
1604	123	4	64	0	substitute	t	2023-03-12 18:37:00.430282	2023-03-12 18:37:00.430282
1605	158	6	67	90	start	t	2023-03-12 18:37:25.729199	2023-03-12 18:37:25.729199
1607	166	6	67	90	start	t	2023-03-12 18:37:25.739026	2023-03-12 18:37:25.739026
1608	165	6	67	90	start	t	2023-03-12 18:37:25.743993	2023-03-12 18:37:25.743993
1609	167	6	67	90	start	t	2023-03-12 18:37:25.748508	2023-03-12 18:37:25.748508
1610	183	6	67	90	start	t	2023-03-12 18:37:25.752959	2023-03-12 18:37:25.752959
1611	176	6	67	90	start	t	2023-03-12 18:37:25.757575	2023-03-12 18:37:25.757575
1613	189	6	67	90	start	t	2023-03-12 18:37:25.766032	2023-03-12 18:37:25.766032
1616	127	5	67	90	start	\N	2023-03-12 18:37:25.778992	2023-03-12 18:37:25.778992
1617	134	5	67	90	start	\N	2023-03-12 18:37:25.78288	2023-03-12 18:37:25.78288
1618	378	5	67	90	start	\N	2023-03-12 18:37:25.787067	2023-03-12 18:37:25.787067
1619	135	5	67	90	start	\N	2023-03-12 18:37:25.791348	2023-03-12 18:37:25.791348
1621	140	5	67	90	start	\N	2023-03-12 18:37:25.799397	2023-03-12 18:37:25.799397
1622	900	5	67	90	start	\N	2023-03-12 18:37:25.803793	2023-03-12 18:37:25.803793
1627	130	5	67	66	substitute	\N	2023-03-12 18:37:25.838091	2023-03-12 18:37:25.838091
1620	137	5	67	24	start	\N	2023-03-12 18:37:25.795459	2023-03-12 18:37:25.840988
1628	156	5	67	44	substitute	\N	2023-03-12 18:37:25.868061	2023-03-12 18:37:25.868061
1623	901	5	67	46	start	\N	2023-03-12 18:37:25.808108	2023-03-12 18:37:25.871338
1629	902	5	67	26	substitute	\N	2023-03-12 18:37:25.921086	2023-03-12 18:37:25.921086
1625	143	5	67	64	start	\N	2023-03-12 18:37:25.816272	2023-03-12 18:37:25.925063
1630	141	5	67	26	substitute	\N	2023-03-12 18:37:25.940272	2023-03-12 18:37:25.940272
1624	144	5	67	64	start	\N	2023-03-12 18:37:25.812221	2023-03-12 18:37:25.94401
1631	899	6	67	14	substitute	t	2023-03-12 18:37:25.974452	2023-03-12 18:37:25.974452
1614	190	6	67	76	start	t	2023-03-12 18:37:25.7706	2023-03-12 18:37:25.977943
1632	154	5	67	11	substitute	\N	2023-03-12 18:37:25.996823	2023-03-12 18:37:25.996823
1626	149	5	67	79	start	\N	2023-03-12 18:37:25.820698	2023-03-12 18:37:26.000042
1633	180	6	67	11	substitute	t	2023-03-12 18:37:26.010278	2023-03-12 18:37:26.010278
1612	171	6	67	79	start	t	2023-03-12 18:37:25.762099	2023-03-12 18:37:26.013271
1634	188	6	67	1	substitute	t	2023-03-12 18:37:26.022672	2023-03-12 18:37:26.022672
1615	192	6	67	89	start	t	2023-03-12 18:37:25.774827	2023-03-12 18:37:26.025895
1635	178	6	67	1	substitute	t	2023-03-12 18:37:26.034856	2023-03-12 18:37:26.034856
1606	173	6	67	89	start	t	2023-03-12 18:37:25.733815	2023-03-12 18:37:26.038176
1636	445	14	68	90	start	t	2023-03-12 18:37:34.51088	2023-03-12 18:37:34.51088
1638	449	14	68	90	start	t	2023-03-12 18:37:34.519743	2023-03-12 18:37:34.519743
1639	453	14	68	90	start	t	2023-03-12 18:37:34.524538	2023-03-12 18:37:34.524538
1640	450	14	68	90	start	t	2023-03-12 18:37:34.529138	2023-03-12 18:37:34.529138
1641	459	14	68	90	start	t	2023-03-12 18:37:34.533415	2023-03-12 18:37:34.533415
1643	468	14	68	90	start	t	2023-03-12 18:37:34.542857	2023-03-12 18:37:34.542857
1644	467	14	68	90	start	t	2023-03-12 18:37:34.547048	2023-03-12 18:37:34.547048
1645	458	14	68	90	start	t	2023-03-12 18:37:34.551527	2023-03-12 18:37:34.551527
1646	466	14	68	90	start	t	2023-03-12 18:37:34.556288	2023-03-12 18:37:34.556288
1647	331	11	68	90	start	\N	2023-03-12 18:37:34.560986	2023-03-12 18:37:34.560986
1648	339	11	68	90	start	\N	2023-03-12 18:37:34.56514	2023-03-12 18:37:34.56514
1649	338	11	68	90	start	\N	2023-03-12 18:37:34.56977	2023-03-12 18:37:34.56977
1652	350	11	68	90	start	\N	2023-03-12 18:37:34.583363	2023-03-12 18:37:34.583363
1655	353	11	68	90	start	\N	2023-03-12 18:37:34.597609	2023-03-12 18:37:34.597609
1656	363	11	68	90	start	\N	2023-03-12 18:37:34.601929	2023-03-12 18:37:34.601929
1657	365	11	68	90	start	\N	2023-03-12 18:37:34.606853	2023-03-12 18:37:34.606853
1658	352	11	68	21	substitute	\N	2023-03-12 18:37:34.745012	2023-03-12 18:37:34.745012
1654	351	11	68	69	start	\N	2023-03-12 18:37:34.593054	2023-03-12 18:37:34.747816
1659	356	11	68	15	substitute	\N	2023-03-12 18:37:34.756713	2023-03-12 18:37:34.756713
1653	355	11	68	75	start	\N	2023-03-12 18:37:34.588339	2023-03-12 18:37:34.759835
1660	364	11	68	12	substitute	\N	2023-03-12 18:37:34.771805	2023-03-12 18:37:34.771805
1651	337	11	68	78	start	\N	2023-03-12 18:37:34.578853	2023-03-12 18:37:34.775862
1661	343	11	68	12	substitute	\N	2023-03-12 18:37:34.787059	2023-03-12 18:37:34.787059
1650	342	11	68	78	start	\N	2023-03-12 18:37:34.574352	2023-03-12 18:37:34.790659
1662	461	14	68	9	substitute	t	2023-03-12 18:37:34.800728	2023-03-12 18:37:34.800728
1642	457	14	68	81	start	t	2023-03-12 18:37:34.538007	2023-03-12 18:37:34.804123
1663	447	14	68	7	substitute	t	2023-03-12 18:37:34.815019	2023-03-12 18:37:34.815019
1637	454	14	68	83	start	t	2023-03-12 18:37:34.51526	2023-03-12 18:37:34.817955
1664	448	14	68	0	substitute	t	2023-03-12 18:37:34.827624	2023-03-12 18:37:34.827624
1665	638	20	71	90	start	t	2023-03-12 18:38:00.157092	2023-03-12 18:38:00.157092
1666	647	20	71	90	start	t	2023-03-12 18:38:00.162568	2023-03-12 18:38:00.162568
1667	643	20	71	90	start	t	2023-03-12 18:38:00.167061	2023-03-12 18:38:00.167061
1668	644	20	71	90	start	t	2023-03-12 18:38:00.171927	2023-03-12 18:38:00.171927
1669	650	20	71	90	start	t	2023-03-12 18:38:00.177071	2023-03-12 18:38:00.177071
1672	654	20	71	90	start	t	2023-03-12 18:38:00.191211	2023-03-12 18:38:00.191211
1675	662	20	71	90	start	t	2023-03-12 18:38:00.206004	2023-03-12 18:38:00.206004
1676	200	7	71	90	start	\N	2023-03-12 18:38:00.211083	2023-03-12 18:38:00.211083
1677	201	7	71	90	start	\N	2023-03-12 18:38:00.215648	2023-03-12 18:38:00.215648
1678	208	7	71	90	start	\N	2023-03-12 18:38:00.220455	2023-03-12 18:38:00.220455
1679	206	7	71	90	start	\N	2023-03-12 18:38:00.224948	2023-03-12 18:38:00.224948
1681	213	7	71	90	start	\N	2023-03-12 18:38:00.235044	2023-03-12 18:38:00.235044
1671	660	20	71	44	start	t	2023-03-12 18:38:00.186623	2023-03-12 18:38:00.283339
1680	204	7	71	46	start	\N	2023-03-12 18:38:00.230337	2023-03-12 18:38:00.305125
1682	217	7	71	46	start	\N	2023-03-12 18:38:00.239966	2023-03-12 18:38:00.317637
1673	663	20	71	67	start	t	2023-03-12 18:38:00.196288	2023-03-12 18:38:00.381013
1670	659	20	71	67	start	t	2023-03-12 18:38:00.181749	2023-03-12 18:38:00.394883
1674	658	20	71	84	start	t	2023-03-12 18:38:00.20085	2023-03-12 18:38:00.454247
1683	215	7	71	90	start	\N	2023-03-12 18:38:00.244821	2023-03-12 18:38:00.244821
1687	653	20	71	46	substitute	t	2023-03-12 18:38:00.280326	2023-03-12 18:38:00.280326
1688	207	7	71	44	substitute	\N	2023-03-12 18:38:00.301944	2023-03-12 18:38:00.301944
1689	212	7	71	44	substitute	\N	2023-03-12 18:38:00.314491	2023-03-12 18:38:00.314491
1690	656	20	71	23	substitute	t	2023-03-12 18:38:00.377829	2023-03-12 18:38:00.377829
1691	651	20	71	23	substitute	t	2023-03-12 18:38:00.391314	2023-03-12 18:38:00.391314
1692	214	7	71	19	substitute	\N	2023-03-12 18:38:00.404487	2023-03-12 18:38:00.404487
1685	221	7	71	71	start	\N	2023-03-12 18:38:00.254367	2023-03-12 18:38:00.407382
1693	223	7	71	19	substitute	\N	2023-03-12 18:38:00.417172	2023-03-12 18:38:00.417172
1686	222	7	71	71	start	\N	2023-03-12 18:38:00.258833	2023-03-12 18:38:00.420487
1694	224	7	71	11	substitute	\N	2023-03-12 18:38:00.42995	2023-03-12 18:38:00.42995
1684	216	7	71	79	start	\N	2023-03-12 18:38:00.249733	2023-03-12 18:38:00.432934
1695	661	20	71	6	substitute	t	2023-03-12 18:38:00.451013	2023-03-12 18:38:00.451013
1696	535	17	72	90	start	t	2023-03-12 18:38:08.930915	2023-03-12 18:38:08.930915
1697	545	17	72	90	start	t	2023-03-12 18:38:08.936082	2023-03-12 18:38:08.936082
1698	544	17	72	90	start	t	2023-03-12 18:38:08.940823	2023-03-12 18:38:08.940823
1699	543	17	72	90	start	t	2023-03-12 18:38:08.945477	2023-03-12 18:38:08.945477
1700	538	17	72	90	start	t	2023-03-12 18:38:08.950132	2023-03-12 18:38:08.950132
1704	539	17	72	90	start	t	2023-03-12 18:38:08.96929	2023-03-12 18:38:08.96929
1706	560	17	72	90	start	t	2023-03-12 18:38:08.978988	2023-03-12 18:38:08.978988
1707	228	8	72	90	start	\N	2023-03-12 18:38:08.983583	2023-03-12 18:38:08.983583
1709	236	8	72	90	start	\N	2023-03-12 18:38:08.992881	2023-03-12 18:38:08.992881
1710	235	8	72	90	start	\N	2023-03-12 18:38:09.000897	2023-03-12 18:38:09.000897
1711	233	8	72	90	start	\N	2023-03-12 18:38:09.007635	2023-03-12 18:38:09.007635
1712	248	8	72	90	start	\N	2023-03-12 18:38:09.013497	2023-03-12 18:38:09.013497
1714	251	8	72	90	start	\N	2023-03-12 18:38:09.025873	2023-03-12 18:38:09.025873
1715	245	8	72	90	start	\N	2023-03-12 18:38:09.033491	2023-03-12 18:38:09.033491
1716	260	8	72	90	start	\N	2023-03-12 18:38:09.039968	2023-03-12 18:38:09.039968
1718	552	17	72	27	substitute	t	2023-03-12 18:38:09.092784	2023-03-12 18:38:09.092784
1702	555	17	72	63	start	t	2023-03-12 18:38:08.95986	2023-03-12 18:38:09.096592
1719	553	17	72	27	substitute	t	2023-03-12 18:38:09.105879	2023-03-12 18:38:09.105879
1701	551	17	72	63	start	t	2023-03-12 18:38:08.95487	2023-03-12 18:38:09.109035
1720	554	17	72	21	substitute	t	2023-03-12 18:38:09.137269	2023-03-12 18:38:09.137269
1703	550	17	72	69	start	t	2023-03-12 18:38:08.96477	2023-03-12 18:38:09.155656
1721	558	17	72	14	substitute	t	2023-03-12 18:38:09.1724	2023-03-12 18:38:09.1724
1705	561	17	72	76	start	t	2023-03-12 18:38:08.97375	2023-03-12 18:38:09.177229
1722	249	8	72	12	substitute	\N	2023-03-12 18:38:09.188329	2023-03-12 18:38:09.188329
1713	244	8	72	78	start	\N	2023-03-12 18:38:09.020396	2023-03-12 18:38:09.191476
1723	262	8	72	12	substitute	\N	2023-03-12 18:38:09.20185	2023-03-12 18:38:09.20185
1717	261	8	72	78	start	\N	2023-03-12 18:38:09.045718	2023-03-12 18:38:09.205018
1724	239	8	72	4	substitute	\N	2023-03-12 18:38:09.215237	2023-03-12 18:38:09.215237
1708	234	8	72	86	start	\N	2023-03-12 18:38:08.988083	2023-03-12 18:38:09.21841
1725	264	8	72	0	substitute	\N	2023-03-12 18:38:09.23683	2023-03-12 18:38:09.23683
1726	254	8	72	0	substitute	\N	2023-03-12 18:38:09.268922	2023-03-12 18:38:09.268922
1727	268	9	75	90	start	t	2023-03-12 18:38:34.580175	2023-03-12 18:38:34.580175
1728	273	9	75	90	start	t	2023-03-12 18:38:34.584785	2023-03-12 18:38:34.584785
1729	281	9	75	90	start	t	2023-03-12 18:38:34.589483	2023-03-12 18:38:34.589483
1730	272	9	75	90	start	t	2023-03-12 18:38:34.593987	2023-03-12 18:38:34.593987
1731	277	9	75	90	start	t	2023-03-12 18:38:34.598416	2023-03-12 18:38:34.598416
1732	286	9	75	90	start	t	2023-03-12 18:38:34.602979	2023-03-12 18:38:34.602979
1733	290	9	75	90	start	t	2023-03-12 18:38:34.607508	2023-03-12 18:38:34.607508
1734	299	9	75	90	start	t	2023-03-12 18:38:34.612086	2023-03-12 18:38:34.612086
1738	370	12	75	90	start	\N	2023-03-12 18:38:34.629537	2023-03-12 18:38:34.629537
1739	377	12	75	90	start	\N	2023-03-12 18:38:34.633908	2023-03-12 18:38:34.633908
1740	376	12	75	90	start	\N	2023-03-12 18:38:34.638601	2023-03-12 18:38:34.638601
1741	380	12	75	90	start	\N	2023-03-12 18:38:34.642956	2023-03-12 18:38:34.642956
1742	375	12	75	90	start	\N	2023-03-12 18:38:34.647195	2023-03-12 18:38:34.647195
1743	392	12	75	90	start	\N	2023-03-12 18:38:34.6514	2023-03-12 18:38:34.6514
1744	394	12	75	90	start	\N	2023-03-12 18:38:34.655933	2023-03-12 18:38:34.655933
1745	404	12	75	90	start	\N	2023-03-12 18:38:34.659992	2023-03-12 18:38:34.659992
1749	405	12	75	29	substitute	\N	2023-03-12 18:38:34.699722	2023-03-12 18:38:34.699722
1747	388	12	75	61	start	\N	2023-03-12 18:38:34.668552	2023-03-12 18:38:34.702762
1750	403	12	75	29	substitute	\N	2023-03-12 18:38:34.712184	2023-03-12 18:38:34.712184
1746	390	12	75	61	start	\N	2023-03-12 18:38:34.664427	2023-03-12 18:38:34.714897
1751	401	12	75	20	substitute	\N	2023-03-12 18:38:34.73231	2023-03-12 18:38:34.73231
1748	402	12	75	70	start	\N	2023-03-12 18:38:34.673109	2023-03-12 18:38:34.735029
1752	295	9	75	16	substitute	t	2023-03-12 18:38:34.74379	2023-03-12 18:38:34.74379
1737	297	9	75	74	start	t	2023-03-12 18:38:34.625171	2023-03-12 18:38:34.746872
1753	288	9	75	9	substitute	t	2023-03-12 18:38:34.787635	2023-03-12 18:38:34.787635
1735	298	9	75	81	start	t	2023-03-12 18:38:34.616351	2023-03-12 18:38:34.791355
1754	759	9	75	1	substitute	t	2023-03-12 18:38:34.807618	2023-03-12 18:38:34.807618
1736	300	9	75	89	start	t	2023-03-12 18:38:34.620816	2023-03-12 18:38:34.811194
1755	382	12	75	0	substitute	\N	2023-03-12 18:38:34.840698	2023-03-12 18:38:34.840698
1756	1	1	76	90	start	t	2023-03-12 18:38:43.356723	2023-03-12 18:38:43.356723
1758	10	1	76	90	start	t	2023-03-12 18:38:43.365858	2023-03-12 18:38:43.365858
1759	8	1	76	90	start	t	2023-03-12 18:38:43.37076	2023-03-12 18:38:43.37076
1760	12	1	76	90	start	t	2023-03-12 18:38:43.374898	2023-03-12 18:38:43.374898
1761	18	1	76	90	start	t	2023-03-12 18:38:43.379284	2023-03-12 18:38:43.379284
1763	25	1	76	90	start	t	2023-03-12 18:38:43.38933	2023-03-12 18:38:43.38933
1764	16	1	76	90	start	t	2023-03-12 18:38:43.394102	2023-03-12 18:38:43.394102
1765	30	1	76	59	start	t	2023-03-12 18:38:43.398799	2023-03-12 18:38:43.597114
1762	904	1	76	82	start	t	2023-03-12 18:38:43.384347	2023-03-12 18:38:43.676681
1757	11	1	76	82	start	t	2023-03-12 18:38:43.361289	2023-03-12 18:38:43.6904
1767	564	18	76	90	start	\N	2023-03-12 18:38:43.407941	2023-03-12 18:38:43.407941
1768	568	18	76	90	start	\N	2023-03-12 18:38:43.412455	2023-03-12 18:38:43.412455
1769	570	18	76	90	start	\N	2023-03-12 18:38:43.417563	2023-03-12 18:38:43.417563
1770	906	18	76	90	start	\N	2023-03-12 18:38:43.421984	2023-03-12 18:38:43.421984
1772	907	18	76	90	start	\N	2023-03-12 18:38:43.431905	2023-03-12 18:38:43.431905
1773	584	18	76	90	start	\N	2023-03-12 18:38:43.436661	2023-03-12 18:38:43.436661
1776	597	18	76	90	start	\N	2023-03-12 18:38:43.451972	2023-03-12 18:38:43.451972
1778	593	18	76	82	substitute	\N	2023-03-12 18:38:43.477652	2023-03-12 18:38:43.477652
1774	596	18	76	8	start	\N	2023-03-12 18:38:43.441469	2023-03-12 18:38:43.481306
1779	569	18	76	67	substitute	\N	2023-03-12 18:38:43.49149	2023-03-12 18:38:43.49149
1771	574	18	76	23	start	\N	2023-03-12 18:38:43.426273	2023-03-12 18:38:43.495121
1780	27	1	76	31	substitute	t	2023-03-12 18:38:43.580072	2023-03-12 18:38:43.580072
1766	895	1	76	59	start	t	2023-03-12 18:38:43.403492	2023-03-12 18:38:43.583416
1781	20	1	76	31	substitute	t	2023-03-12 18:38:43.592956	2023-03-12 18:38:43.592956
1782	908	18	76	27	substitute	\N	2023-03-12 18:38:43.616671	2023-03-12 18:38:43.616671
1777	592	18	76	63	start	\N	2023-03-12 18:38:43.456686	2023-03-12 18:38:43.620252
1783	581	18	76	27	substitute	\N	2023-03-12 18:38:43.630738	2023-03-12 18:38:43.630738
1775	583	18	76	63	start	\N	2023-03-12 18:38:43.446735	2023-03-12 18:38:43.634336
1784	5	1	76	8	substitute	t	2023-03-12 18:38:43.673434	2023-03-12 18:38:43.673434
1785	9	1	76	8	substitute	t	2023-03-12 18:38:43.687396	2023-03-12 18:38:43.687396
1786	599	18	76	0	substitute	\N	2023-03-12 18:38:43.701356	2023-03-12 18:38:43.701356
1787	600	18	76	0	substitute	\N	2023-03-12 18:38:43.713921	2023-03-12 18:38:43.713921
1788	33	2	77	90	start	t	2023-03-12 18:38:52.205012	2023-03-12 18:38:52.205012
1789	36	2	77	90	start	t	2023-03-12 18:38:52.209614	2023-03-12 18:38:52.209614
1790	39	2	77	90	start	t	2023-03-12 18:38:52.214093	2023-03-12 18:38:52.214093
1791	45	2	77	90	start	t	2023-03-12 18:38:52.21834	2023-03-12 18:38:52.21834
1792	42	2	77	90	start	t	2023-03-12 18:38:52.222902	2023-03-12 18:38:52.222902
1793	51	2	77	90	start	t	2023-03-12 18:38:52.227271	2023-03-12 18:38:52.227271
1795	55	2	77	90	start	t	2023-03-12 18:38:52.237428	2023-03-12 18:38:52.237428
1797	58	2	77	90	start	t	2023-03-12 18:38:52.247633	2023-03-12 18:38:52.247633
1799	61	3	77	90	start	\N	2023-03-12 18:38:52.257846	2023-03-12 18:38:52.257846
1800	68	3	77	90	start	\N	2023-03-12 18:38:52.263768	2023-03-12 18:38:52.263768
1801	67	3	77	90	start	\N	2023-03-12 18:38:52.26911	2023-03-12 18:38:52.26911
1802	71	3	77	90	start	\N	2023-03-12 18:38:52.274294	2023-03-12 18:38:52.274294
1803	72	3	77	90	start	\N	2023-03-12 18:38:52.279096	2023-03-12 18:38:52.279096
1804	75	3	77	90	start	\N	2023-03-12 18:38:52.284678	2023-03-12 18:38:52.284678
1805	77	3	77	90	start	\N	2023-03-12 18:38:52.289582	2023-03-12 18:38:52.289582
1807	85	3	77	90	start	\N	2023-03-12 18:38:52.300101	2023-03-12 18:38:52.300101
1809	89	3	77	90	start	\N	2023-03-12 18:38:52.310466	2023-03-12 18:38:52.310466
1810	49	2	77	19	substitute	t	2023-03-12 18:38:52.375099	2023-03-12 18:38:52.375099
1798	48	2	77	71	start	t	2023-03-12 18:38:52.253099	2023-03-12 18:38:52.378529
1811	53	2	77	18	substitute	t	2023-03-12 18:38:52.425161	2023-03-12 18:38:52.425161
1794	54	2	77	72	start	t	2023-03-12 18:38:52.231971	2023-03-12 18:38:52.433324
1812	92	3	77	10	substitute	\N	2023-03-12 18:38:52.446301	2023-03-12 18:38:52.446301
1806	81	3	77	80	start	\N	2023-03-12 18:38:52.293999	2023-03-12 18:38:52.450459
1813	69	3	77	3	substitute	\N	2023-03-12 18:38:52.460467	2023-03-12 18:38:52.460467
1808	78	3	77	87	start	\N	2023-03-12 18:38:52.305568	2023-03-12 18:38:52.464561
1814	59	2	77	1	substitute	t	2023-03-12 18:38:52.474649	2023-03-12 18:38:52.474649
1796	50	2	77	89	start	t	2023-03-12 18:38:52.241862	2023-03-12 18:38:52.477887
1815	91	3	77	0	substitute	\N	2023-03-12 18:38:52.498082	2023-03-12 18:38:52.498082
1816	65	3	77	0	substitute	\N	2023-03-12 18:38:52.510357	2023-03-12 18:38:52.510357
1817	601	19	78	90	start	t	2023-03-12 18:39:00.954493	2023-03-12 18:39:00.954493
1820	612	19	78	90	start	t	2023-03-12 18:39:00.967515	2023-03-12 18:39:00.967515
1822	626	19	78	90	start	t	2023-03-12 18:39:00.976574	2023-03-12 18:39:00.976574
1824	616	19	78	90	start	t	2023-03-12 18:39:00.985632	2023-03-12 18:39:00.985632
1825	621	19	78	90	start	t	2023-03-12 18:39:00.990392	2023-03-12 18:39:00.990392
1826	634	19	78	90	start	t	2023-03-12 18:39:00.994715	2023-03-12 18:39:00.994715
1828	94	4	78	90	start	\N	2023-03-12 18:39:01.003687	2023-03-12 18:39:01.003687
1829	95	4	78	90	start	\N	2023-03-12 18:39:01.007937	2023-03-12 18:39:01.007937
1830	97	4	78	90	start	\N	2023-03-12 18:39:01.012276	2023-03-12 18:39:01.012276
1831	101	4	78	90	start	\N	2023-03-12 18:39:01.016606	2023-03-12 18:39:01.016606
1832	99	4	78	90	start	\N	2023-03-12 18:39:01.021194	2023-03-12 18:39:01.021194
1833	107	4	78	90	start	\N	2023-03-12 18:39:01.025459	2023-03-12 18:39:01.025459
1834	115	4	78	90	start	\N	2023-03-12 18:39:01.0295	2023-03-12 18:39:01.0295
1837	121	4	78	90	start	\N	2023-03-12 18:39:01.042442	2023-03-12 18:39:01.042442
1838	120	4	78	90	start	\N	2023-03-12 18:39:01.046822	2023-03-12 18:39:01.046822
1839	606	19	78	27	substitute	t	2023-03-12 18:39:01.131416	2023-03-12 18:39:01.131416
1818	615	19	78	63	start	t	2023-03-12 18:39:00.959051	2023-03-12 18:39:01.134425
1840	622	19	78	27	substitute	t	2023-03-12 18:39:01.180844	2023-03-12 18:39:01.180844
1819	605	19	78	63	start	t	2023-03-12 18:39:00.963178	2023-03-12 18:39:01.185055
1841	123	4	78	21	substitute	\N	2023-03-12 18:39:01.196098	2023-03-12 18:39:01.196098
1835	122	4	78	69	start	\N	2023-03-12 18:39:01.033655	2023-03-12 18:39:01.199303
1842	623	19	78	20	substitute	t	2023-03-12 18:39:01.209121	2023-03-12 18:39:01.209121
1823	627	19	78	70	start	t	2023-03-12 18:39:00.981324	2023-03-12 18:39:01.2123
1843	633	19	78	20	substitute	t	2023-03-12 18:39:01.221913	2023-03-12 18:39:01.221913
1827	632	19	78	70	start	t	2023-03-12 18:39:00.999247	2023-03-12 18:39:01.224837
1844	110	4	78	7	substitute	\N	2023-03-12 18:39:01.251473	2023-03-12 18:39:01.251473
1836	113	4	78	83	start	\N	2023-03-12 18:39:01.038305	2023-03-12 18:39:01.254673
1845	635	19	78	2	substitute	t	2023-03-12 18:39:01.263364	2023-03-12 18:39:01.263364
1821	608	19	78	88	start	t	2023-03-12 18:39:00.97253	2023-03-12 18:39:01.266135
1846	124	4	78	0	substitute	\N	2023-03-12 18:39:01.275397	2023-03-12 18:39:01.275397
1847	108	4	78	0	substitute	\N	2023-03-12 18:39:01.286475	2023-03-12 18:39:01.286475
1848	331	11	79	90	start	t	2023-03-12 18:39:09.778782	2023-03-12 18:39:09.778782
1850	338	11	79	90	start	t	2023-03-12 18:39:09.786609	2023-03-12 18:39:09.786609
1851	343	11	79	90	start	t	2023-03-12 18:39:09.790326	2023-03-12 18:39:09.790326
1853	350	11	79	90	start	t	2023-03-12 18:39:09.798108	2023-03-12 18:39:09.798108
1854	355	11	79	90	start	t	2023-03-12 18:39:09.801893	2023-03-12 18:39:09.801893
1855	352	11	79	90	start	t	2023-03-12 18:39:09.806146	2023-03-12 18:39:09.806146
1858	365	11	79	90	start	t	2023-03-12 18:39:09.817843	2023-03-12 18:39:09.817843
1859	302	10	79	90	start	\N	2023-03-12 18:39:09.822209	2023-03-12 18:39:09.822209
1852	351	11	79	55	start	t	2023-03-12 18:39:09.793881	2023-03-12 18:39:09.970464
1849	336	11	79	59	start	t	2023-03-12 18:39:09.782788	2023-03-12 18:39:09.984926
1857	364	11	79	59	start	t	2023-03-12 18:39:09.813659	2023-03-12 18:39:09.997797
1856	353	11	79	70	start	t	2023-03-12 18:39:09.80987	2023-03-12 18:39:10.019948
1860	313	10	79	90	start	\N	2023-03-12 18:39:09.826195	2023-03-12 18:39:09.826195
1861	309	10	79	90	start	\N	2023-03-12 18:39:09.830372	2023-03-12 18:39:09.830372
1862	306	10	79	90	start	\N	2023-03-12 18:39:09.834199	2023-03-12 18:39:09.834199
1863	305	10	79	90	start	\N	2023-03-12 18:39:09.838532	2023-03-12 18:39:09.838532
1865	318	10	79	90	start	\N	2023-03-12 18:39:09.847001	2023-03-12 18:39:09.847001
1866	317	10	79	90	start	\N	2023-03-12 18:39:09.851078	2023-03-12 18:39:09.851078
1868	316	10	79	90	start	\N	2023-03-12 18:39:09.859824	2023-03-12 18:39:09.859824
1870	337	11	79	35	substitute	t	2023-03-12 18:39:09.966322	2023-03-12 18:39:09.966322
1871	339	11	79	31	substitute	t	2023-03-12 18:39:09.981865	2023-03-12 18:39:09.981865
1872	363	11	79	31	substitute	t	2023-03-12 18:39:09.994536	2023-03-12 18:39:09.994536
1873	356	11	79	20	substitute	t	2023-03-12 18:39:10.016503	2023-03-12 18:39:10.016503
1874	327	10	79	16	substitute	\N	2023-03-12 18:39:10.037591	2023-03-12 18:39:10.037591
1869	330	10	79	74	start	\N	2023-03-12 18:39:09.863977	2023-03-12 18:39:10.040659
1875	328	10	79	16	substitute	\N	2023-03-12 18:39:10.049481	2023-03-12 18:39:10.049481
1867	320	10	79	74	start	\N	2023-03-12 18:39:09.855556	2023-03-12 18:39:10.052572
1876	325	10	79	5	substitute	\N	2023-03-12 18:39:10.069748	2023-03-12 18:39:10.069748
1864	322	10	79	85	start	\N	2023-03-12 18:39:09.842684	2023-03-12 18:39:10.072659
1877	127	5	80	90	start	t	2023-03-12 18:39:18.53901	2023-03-12 18:39:18.53901
1878	133	5	80	90	start	t	2023-03-12 18:39:18.543666	2023-03-12 18:39:18.543666
1879	131	5	80	90	start	t	2023-03-12 18:39:18.548562	2023-03-12 18:39:18.548562
1880	135	5	80	90	start	t	2023-03-12 18:39:18.553386	2023-03-12 18:39:18.553386
1882	143	5	80	90	start	t	2023-03-12 18:39:18.561835	2023-03-12 18:39:18.561835
1883	140	5	80	90	start	t	2023-03-12 18:39:18.566606	2023-03-12 18:39:18.566606
1884	144	5	80	90	start	t	2023-03-12 18:39:18.571368	2023-03-12 18:39:18.571368
1888	445	14	80	90	start	\N	2023-03-12 18:39:18.589888	2023-03-12 18:39:18.589888
1889	449	14	80	90	start	\N	2023-03-12 18:39:18.594138	2023-03-12 18:39:18.594138
1890	453	14	80	90	start	\N	2023-03-12 18:39:18.599114	2023-03-12 18:39:18.599114
1891	448	14	80	90	start	\N	2023-03-12 18:39:18.603569	2023-03-12 18:39:18.603569
1892	451	14	80	90	start	\N	2023-03-12 18:39:18.607999	2023-03-12 18:39:18.607999
1897	466	14	80	90	start	\N	2023-03-12 18:39:18.6292	2023-03-12 18:39:18.6292
1899	150	5	80	20	substitute	t	2023-03-12 18:39:18.757932	2023-03-12 18:39:18.757932
1887	151	5	80	70	start	t	2023-03-12 18:39:18.585014	2023-03-12 18:39:18.761002
1900	139	5	80	20	substitute	t	2023-03-12 18:39:18.770888	2023-03-12 18:39:18.770888
1886	141	5	80	70	start	t	2023-03-12 18:39:18.58049	2023-03-12 18:39:18.773915
1901	467	14	80	19	substitute	\N	2023-03-12 18:39:18.782998	2023-03-12 18:39:18.782998
1895	461	14	80	71	start	\N	2023-03-12 18:39:18.621141	2023-03-12 18:39:18.786053
1902	468	14	80	18	substitute	\N	2023-03-12 18:39:18.794765	2023-03-12 18:39:18.794765
1896	463	14	80	72	start	\N	2023-03-12 18:39:18.62525	2023-03-12 18:39:18.797917
1903	457	14	80	18	substitute	\N	2023-03-12 18:39:18.8079	2023-03-12 18:39:18.8079
1893	460	14	80	72	start	\N	2023-03-12 18:39:18.611958	2023-03-12 18:39:18.810917
1904	464	14	80	13	substitute	\N	2023-03-12 18:39:18.820606	2023-03-12 18:39:18.820606
1898	458	14	80	77	start	\N	2023-03-12 18:39:18.633666	2023-03-12 18:39:18.823795
1905	134	5	80	9	substitute	t	2023-03-12 18:39:18.833169	2023-03-12 18:39:18.833169
1881	130	5	80	81	start	t	2023-03-12 18:39:18.557739	2023-03-12 18:39:18.83626
1906	462	14	80	9	substitute	\N	2023-03-12 18:39:18.845494	2023-03-12 18:39:18.845494
1894	459	14	80	81	start	\N	2023-03-12 18:39:18.616456	2023-03-12 18:39:18.848828
1907	147	5	80	4	substitute	t	2023-03-12 18:39:18.858163	2023-03-12 18:39:18.858163
1885	148	5	80	86	start	t	2023-03-12 18:39:18.575771	2023-03-12 18:39:18.861117
1908	61	3	81	90	start	t	2023-03-12 18:39:27.330438	2023-03-12 18:39:27.330438
1909	68	3	81	90	start	t	2023-03-12 18:39:27.33504	2023-03-12 18:39:27.33504
1910	67	3	81	90	start	t	2023-03-12 18:39:27.339736	2023-03-12 18:39:27.339736
1911	71	3	81	90	start	t	2023-03-12 18:39:27.343859	2023-03-12 18:39:27.343859
1912	72	3	81	90	start	t	2023-03-12 18:39:27.348086	2023-03-12 18:39:27.348086
1913	81	3	81	90	start	t	2023-03-12 18:39:27.352606	2023-03-12 18:39:27.352606
1914	75	3	81	90	start	t	2023-03-12 18:39:27.356932	2023-03-12 18:39:27.356932
1915	77	3	81	90	start	t	2023-03-12 18:39:27.360998	2023-03-12 18:39:27.360998
1916	85	3	81	90	start	t	2023-03-12 18:39:27.365097	2023-03-12 18:39:27.365097
1918	89	3	81	90	start	t	2023-03-12 18:39:27.373922	2023-03-12 18:39:27.373922
1919	535	17	81	90	start	\N	2023-03-12 18:39:27.377922	2023-03-12 18:39:27.377922
1922	543	17	81	90	start	\N	2023-03-12 18:39:27.390865	2023-03-12 18:39:27.390865
1923	539	17	81	90	start	\N	2023-03-12 18:39:27.394997	2023-03-12 18:39:27.394997
1925	555	17	81	90	start	\N	2023-03-12 18:39:27.403477	2023-03-12 18:39:27.403477
1926	550	17	81	90	start	\N	2023-03-12 18:39:27.408081	2023-03-12 18:39:27.408081
1928	560	17	81	90	start	\N	2023-03-12 18:39:27.416412	2023-03-12 18:39:27.416412
1930	551	17	81	29	substitute	\N	2023-03-12 18:39:27.439504	2023-03-12 18:39:27.439504
1929	553	17	81	61	start	\N	2023-03-12 18:39:27.420893	2023-03-12 18:39:27.442582
1931	538	17	81	29	substitute	\N	2023-03-12 18:39:27.45126	2023-03-12 18:39:27.45126
1920	545	17	81	61	start	\N	2023-03-12 18:39:27.38217	2023-03-12 18:39:27.454224
1932	558	17	81	29	substitute	\N	2023-03-12 18:39:27.473025	2023-03-12 18:39:27.473025
1927	561	17	81	61	start	\N	2023-03-12 18:39:27.412021	2023-03-12 18:39:27.497455
1933	542	17	81	25	substitute	\N	2023-03-12 18:39:27.511499	2023-03-12 18:39:27.511499
1921	544	17	81	65	start	\N	2023-03-12 18:39:27.386797	2023-03-12 18:39:27.516271
1934	78	3	81	18	substitute	t	2023-03-12 18:39:27.535311	2023-03-12 18:39:27.535311
1917	91	3	81	72	start	t	2023-03-12 18:39:27.369178	2023-03-12 18:39:27.5387
1935	552	17	81	6	substitute	\N	2023-03-12 18:39:27.556588	2023-03-12 18:39:27.556588
1924	554	17	81	84	start	\N	2023-03-12 18:39:27.39911	2023-03-12 18:39:27.559643
1936	228	8	82	90	start	t	2023-03-12 18:39:36.013375	2023-03-12 18:39:36.013375
1938	236	8	82	90	start	t	2023-03-12 18:39:36.023161	2023-03-12 18:39:36.023161
1939	235	8	82	90	start	t	2023-03-12 18:39:36.027361	2023-03-12 18:39:36.027361
1943	251	8	82	90	start	t	2023-03-12 18:39:36.046005	2023-03-12 18:39:36.046005
1944	245	8	82	90	start	t	2023-03-12 18:39:36.051245	2023-03-12 18:39:36.051245
1946	261	8	82	90	start	t	2023-03-12 18:39:36.060604	2023-03-12 18:39:36.060604
1947	331	11	82	90	start	\N	2023-03-12 18:39:36.065551	2023-03-12 18:39:36.065551
1948	339	11	82	90	start	\N	2023-03-12 18:39:36.070469	2023-03-12 18:39:36.070469
1949	338	11	82	90	start	\N	2023-03-12 18:39:36.075133	2023-03-12 18:39:36.075133
1951	337	11	82	90	start	\N	2023-03-12 18:39:36.084589	2023-03-12 18:39:36.084589
1953	355	11	82	90	start	\N	2023-03-12 18:39:36.093798	2023-03-12 18:39:36.093798
1954	351	11	82	71	start	\N	2023-03-12 18:39:36.100483	2023-03-12 18:39:36.177038
1950	343	11	82	71	start	\N	2023-03-12 18:39:36.079188	2023-03-12 18:39:36.217649
1940	252	8	82	73	start	t	2023-03-12 18:39:36.032149	2023-03-12 18:39:36.234572
1942	244	8	82	73	start	t	2023-03-12 18:39:36.041639	2023-03-12 18:39:36.287954
1952	350	11	82	75	start	\N	2023-03-12 18:39:36.089436	2023-03-12 18:39:36.303457
1941	246	8	82	80	start	t	2023-03-12 18:39:36.037087	2023-03-12 18:39:36.325746
1945	260	8	82	80	start	t	2023-03-12 18:39:36.056067	2023-03-12 18:39:36.340046
1937	234	8	82	89	start	t	2023-03-12 18:39:36.018648	2023-03-12 18:39:36.362556
1957	365	11	82	90	start	\N	2023-03-12 18:39:36.114574	2023-03-12 18:39:36.114574
1958	356	11	82	19	substitute	\N	2023-03-12 18:39:36.174003	2023-03-12 18:39:36.174003
1959	352	11	82	19	substitute	\N	2023-03-12 18:39:36.187923	2023-03-12 18:39:36.187923
1955	364	11	82	71	start	\N	2023-03-12 18:39:36.105578	2023-03-12 18:39:36.191199
1960	335	11	82	19	substitute	\N	2023-03-12 18:39:36.201358	2023-03-12 18:39:36.201358
1956	363	11	82	71	start	\N	2023-03-12 18:39:36.109851	2023-03-12 18:39:36.204786
1961	336	11	82	19	substitute	\N	2023-03-12 18:39:36.214333	2023-03-12 18:39:36.214333
1962	233	8	82	17	substitute	t	2023-03-12 18:39:36.230847	2023-03-12 18:39:36.230847
1963	249	8	82	17	substitute	t	2023-03-12 18:39:36.279021	2023-03-12 18:39:36.279021
1964	349	11	82	15	substitute	\N	2023-03-12 18:39:36.300069	2023-03-12 18:39:36.300069
1965	248	8	82	10	substitute	t	2023-03-12 18:39:36.322077	2023-03-12 18:39:36.322077
1966	262	8	82	10	substitute	t	2023-03-12 18:39:36.337007	2023-03-12 18:39:36.337007
1967	239	8	82	1	substitute	t	2023-03-12 18:39:36.359687	2023-03-12 18:39:36.359687
1968	502	16	83	90	start	t	2023-03-12 18:39:44.880536	2023-03-12 18:39:44.880536
1970	506	16	83	90	start	t	2023-03-12 18:39:44.891095	2023-03-12 18:39:44.891095
1971	509	16	83	90	start	t	2023-03-12 18:39:44.895323	2023-03-12 18:39:44.895323
1972	507	16	83	90	start	t	2023-03-12 18:39:44.899766	2023-03-12 18:39:44.899766
1973	517	16	83	90	start	t	2023-03-12 18:39:44.904827	2023-03-12 18:39:44.904827
1976	528	16	83	90	start	t	2023-03-12 18:39:44.918158	2023-03-12 18:39:44.918158
1978	529	16	83	90	start	t	2023-03-12 18:39:44.927049	2023-03-12 18:39:44.927049
1979	407	13	83	90	start	\N	2023-03-12 18:39:44.931823	2023-03-12 18:39:44.931823
1980	414	13	83	90	start	\N	2023-03-12 18:39:44.936803	2023-03-12 18:39:44.936803
1981	418	13	83	90	start	\N	2023-03-12 18:39:44.941357	2023-03-12 18:39:44.941357
1982	411	13	83	90	start	\N	2023-03-12 18:39:44.945942	2023-03-12 18:39:44.945942
1983	413	13	83	90	start	\N	2023-03-12 18:39:44.950946	2023-03-12 18:39:44.950946
1984	424	13	83	90	start	\N	2023-03-12 18:39:44.955969	2023-03-12 18:39:44.955969
1988	440	13	83	90	start	\N	2023-03-12 18:39:44.974687	2023-03-12 18:39:44.974687
1990	508	16	83	47	substitute	t	2023-03-12 18:39:45.028297	2023-03-12 18:39:45.028297
1969	511	16	83	43	start	t	2023-03-12 18:39:44.886395	2023-03-12 18:39:45.031399
1991	426	13	83	34	substitute	\N	2023-03-12 18:39:45.050492	2023-03-12 18:39:45.050492
1985	422	13	83	56	start	\N	2023-03-12 18:39:44.960235	2023-03-12 18:39:45.053995
1992	519	16	83	16	substitute	t	2023-03-12 18:39:45.063581	2023-03-12 18:39:45.063581
1975	518	16	83	74	start	t	2023-03-12 18:39:44.913626	2023-03-12 18:39:45.066815
1993	441	13	83	15	substitute	\N	2023-03-12 18:39:45.109878	2023-03-12 18:39:45.109878
1989	439	13	83	75	start	\N	2023-03-12 18:39:44.979029	2023-03-12 18:39:45.113674
1994	430	13	83	14	substitute	\N	2023-03-12 18:39:45.130984	2023-03-12 18:39:45.130984
1986	431	13	83	76	start	\N	2023-03-12 18:39:44.964676	2023-03-12 18:39:45.135066
1995	530	16	83	6	substitute	t	2023-03-12 18:39:45.145175	2023-03-12 18:39:45.145175
1977	531	16	83	84	start	t	2023-03-12 18:39:44.92286	2023-03-12 18:39:45.148364
1996	521	16	83	6	substitute	t	2023-03-12 18:39:45.158366	2023-03-12 18:39:45.158366
1974	522	16	83	84	start	t	2023-03-12 18:39:44.9093	2023-03-12 18:39:45.161447
1997	425	13	83	6	substitute	\N	2023-03-12 18:39:45.173162	2023-03-12 18:39:45.173162
1987	427	13	83	84	start	\N	2023-03-12 18:39:44.969918	2023-03-12 18:39:45.176479
1998	94	4	84	90	start	t	2023-03-12 18:39:53.652149	2023-03-12 18:39:53.652149
2000	97	4	84	90	start	t	2023-03-12 18:39:53.66191	2023-03-12 18:39:53.66191
2001	99	4	84	90	start	t	2023-03-12 18:39:53.66742	2023-03-12 18:39:53.66742
2003	107	4	84	90	start	t	2023-03-12 18:39:53.678834	2023-03-12 18:39:53.678834
2004	112	4	84	90	start	t	2023-03-12 18:39:53.684485	2023-03-12 18:39:53.684485
2006	113	4	84	90	start	t	2023-03-12 18:39:53.694099	2023-03-12 18:39:53.694099
2007	121	4	84	90	start	t	2023-03-12 18:39:53.698826	2023-03-12 18:39:53.698826
2009	33	2	84	90	start	\N	2023-03-12 18:39:53.708891	2023-03-12 18:39:53.708891
2012	38	2	84	90	start	\N	2023-03-12 18:39:53.723868	2023-03-12 18:39:53.723868
2014	53	2	84	90	start	\N	2023-03-12 18:39:53.733593	2023-03-12 18:39:53.733593
2016	51	2	84	90	start	\N	2023-03-12 18:39:53.743191	2023-03-12 18:39:53.743191
2017	50	2	84	90	start	\N	2023-03-12 18:39:53.7476	2023-03-12 18:39:53.7476
2019	49	2	84	90	start	\N	2023-03-12 18:39:53.757788	2023-03-12 18:39:53.757788
2020	124	4	84	53	substitute	t	2023-03-12 18:39:53.809945	2023-03-12 18:39:53.809945
2008	120	4	84	37	start	t	2023-03-12 18:39:53.704278	2023-03-12 18:39:53.812784
2021	101	4	84	45	substitute	t	2023-03-12 18:39:53.833572	2023-03-12 18:39:53.833572
2002	96	4	84	45	start	t	2023-03-12 18:39:53.674035	2023-03-12 18:39:53.837657
2022	110	4	84	45	substitute	t	2023-03-12 18:39:53.847186	2023-03-12 18:39:53.847186
1999	100	4	84	45	start	t	2023-03-12 18:39:53.657453	2023-03-12 18:39:53.851043
2023	52	2	84	31	substitute	\N	2023-03-12 18:39:53.927728	2023-03-12 18:39:53.927728
2015	54	2	84	59	start	\N	2023-03-12 18:39:53.738681	2023-03-12 18:39:53.932294
2024	48	2	84	24	substitute	\N	2023-03-12 18:39:53.944407	2023-03-12 18:39:53.944407
2018	56	2	84	66	start	\N	2023-03-12 18:39:53.753011	2023-03-12 18:39:53.94768
2025	108	4	84	20	substitute	t	2023-03-12 18:39:53.958913	2023-03-12 18:39:53.958913
2005	123	4	84	70	start	t	2023-03-12 18:39:53.689432	2023-03-12 18:39:53.962569
2026	40	2	84	7	substitute	\N	2023-03-12 18:39:53.974689	2023-03-12 18:39:53.974689
2011	39	2	84	83	start	\N	2023-03-12 18:39:53.71861	2023-03-12 18:39:53.978288
2027	41	2	84	7	substitute	\N	2023-03-12 18:39:53.990784	2023-03-12 18:39:53.990784
2010	36	2	84	83	start	\N	2023-03-12 18:39:53.713207	2023-03-12 18:39:53.993861
2028	42	2	84	7	substitute	\N	2023-03-12 18:39:54.005742	2023-03-12 18:39:54.005742
2013	45	2	84	83	start	\N	2023-03-12 18:39:53.728379	2023-03-12 18:39:54.008956
2029	564	18	85	90	start	t	2023-03-12 18:40:02.569706	2023-03-12 18:40:02.569706
2031	570	18	85	90	start	t	2023-03-12 18:40:02.579052	2023-03-12 18:40:02.579052
2032	571	18	85	90	start	t	2023-03-12 18:40:02.583145	2023-03-12 18:40:02.583145
2033	574	18	85	90	start	t	2023-03-12 18:40:02.587891	2023-03-12 18:40:02.587891
2034	584	18	85	90	start	t	2023-03-12 18:40:02.592467	2023-03-12 18:40:02.592467
2038	596	18	85	90	start	t	2023-03-12 18:40:02.610179	2023-03-12 18:40:02.610179
2040	638	20	85	90	start	\N	2023-03-12 18:40:02.618613	2023-03-12 18:40:02.618613
2041	647	20	85	90	start	\N	2023-03-12 18:40:02.623499	2023-03-12 18:40:02.623499
2042	643	20	85	90	start	\N	2023-03-12 18:40:02.627498	2023-03-12 18:40:02.627498
2043	644	20	85	90	start	\N	2023-03-12 18:40:02.631474	2023-03-12 18:40:02.631474
2046	653	20	85	90	start	\N	2023-03-12 18:40:02.644777	2023-03-12 18:40:02.644777
2047	654	20	85	90	start	\N	2023-03-12 18:40:02.648777	2023-03-12 18:40:02.648777
2049	662	20	85	90	start	\N	2023-03-12 18:40:02.657802	2023-03-12 18:40:02.657802
2050	658	20	85	90	start	\N	2023-03-12 18:40:02.661912	2023-03-12 18:40:02.661912
2051	648	20	85	45	substitute	\N	2023-03-12 18:40:02.709874	2023-03-12 18:40:02.709874
2044	646	20	85	45	start	\N	2023-03-12 18:40:02.635828	2023-03-12 18:40:02.712951
2052	569	18	85	32	substitute	t	2023-03-12 18:40:02.741545	2023-03-12 18:40:02.741545
2030	575	18	85	68	start	t	2023-03-12 18:40:02.574836	2023-03-12 18:40:02.821727
2039	595	18	85	68	start	t	2023-03-12 18:40:02.614391	2023-03-12 18:40:02.835487
2036	583	18	85	79	start	t	2023-03-12 18:40:02.601136	2023-03-12 18:40:02.84908
2037	581	18	85	79	start	t	2023-03-12 18:40:02.605676	2023-03-12 18:40:02.862484
2045	659	20	85	82	start	\N	2023-03-12 18:40:02.640395	2023-03-12 18:40:02.875364
2035	582	18	85	58	start	t	2023-03-12 18:40:02.596577	2023-03-12 18:40:02.744593
2053	656	20	85	26	substitute	\N	2023-03-12 18:40:02.802155	2023-03-12 18:40:02.802155
2048	663	20	85	64	start	\N	2023-03-12 18:40:02.653384	2023-03-12 18:40:02.807001
2054	568	18	85	22	substitute	t	2023-03-12 18:40:02.81808	2023-03-12 18:40:02.81808
2055	592	18	85	22	substitute	t	2023-03-12 18:40:02.83192	2023-03-12 18:40:02.83192
2056	593	18	85	11	substitute	t	2023-03-12 18:40:02.845782	2023-03-12 18:40:02.845782
2057	586	18	85	11	substitute	t	2023-03-12 18:40:02.859454	2023-03-12 18:40:02.859454
2058	661	20	85	8	substitute	\N	2023-03-12 18:40:02.872282	2023-03-12 18:40:02.872282
2059	302	10	86	90	start	t	2023-03-12 18:40:11.384933	2023-03-12 18:40:11.384933
2060	313	10	86	90	start	t	2023-03-12 18:40:11.390366	2023-03-12 18:40:11.390366
2061	309	10	86	90	start	t	2023-03-12 18:40:11.39493	2023-03-12 18:40:11.39493
2062	306	10	86	90	start	t	2023-03-12 18:40:11.399414	2023-03-12 18:40:11.399414
2063	305	10	86	90	start	t	2023-03-12 18:40:11.404889	2023-03-12 18:40:11.404889
2067	320	10	86	90	start	t	2023-03-12 18:40:11.425124	2023-03-12 18:40:11.425124
2068	316	10	86	90	start	t	2023-03-12 18:40:11.429635	2023-03-12 18:40:11.429635
2070	601	19	86	90	start	\N	2023-03-12 18:40:11.439207	2023-03-12 18:40:11.439207
2072	605	19	86	90	start	\N	2023-03-12 18:40:11.448034	2023-03-12 18:40:11.448034
2073	612	19	86	90	start	\N	2023-03-12 18:40:11.454023	2023-03-12 18:40:11.454023
2074	616	19	86	90	start	\N	2023-03-12 18:40:11.458596	2023-03-12 18:40:11.458596
2077	634	19	86	90	start	\N	2023-03-12 18:40:11.472853	2023-03-12 18:40:11.472853
2078	621	19	86	90	start	\N	2023-03-12 18:40:11.477099	2023-03-12 18:40:11.477099
2081	325	10	86	44	substitute	t	2023-03-12 18:40:11.572965	2023-03-12 18:40:11.572965
2064	322	10	86	46	start	t	2023-03-12 18:40:11.409485	2023-03-12 18:40:11.57635
2082	627	19	86	44	substitute	\N	2023-03-12 18:40:11.589664	2023-03-12 18:40:11.589664
2075	625	19	86	46	start	\N	2023-03-12 18:40:11.463003	2023-03-12 18:40:11.593028
2083	611	19	86	44	substitute	\N	2023-03-12 18:40:11.603105	2023-03-12 18:40:11.603105
2071	608	19	86	46	start	\N	2023-03-12 18:40:11.443637	2023-03-12 18:40:11.606433
2084	626	19	86	44	substitute	\N	2023-03-12 18:40:11.615839	2023-03-12 18:40:11.615839
2076	623	19	86	46	start	\N	2023-03-12 18:40:11.467615	2023-03-12 18:40:11.619272
2085	330	10	86	28	substitute	t	2023-03-12 18:40:11.628701	2023-03-12 18:40:11.628701
2069	327	10	86	62	start	t	2023-03-12 18:40:11.434214	2023-03-12 18:40:11.631799
2086	635	19	86	28	substitute	\N	2023-03-12 18:40:11.642156	2023-03-12 18:40:11.642156
2080	632	19	86	62	start	\N	2023-03-12 18:40:11.4864	2023-03-12 18:40:11.644921
2087	619	19	86	21	substitute	\N	2023-03-12 18:40:11.662914	2023-03-12 18:40:11.662914
2079	622	19	86	69	start	\N	2023-03-12 18:40:11.481488	2023-03-12 18:40:11.665968
2088	323	10	86	10	substitute	t	2023-03-12 18:40:11.692543	2023-03-12 18:40:11.692543
2066	317	10	86	80	start	t	2023-03-12 18:40:11.420391	2023-03-12 18:40:11.695263
2089	319	10	86	5	substitute	t	2023-03-12 18:40:11.713246	2023-03-12 18:40:11.713246
2065	318	10	86	85	start	t	2023-03-12 18:40:11.414253	2023-03-12 18:40:11.716125
2090	158	6	87	90	start	t	2023-03-12 18:40:20.403551	2023-03-12 18:40:20.403551
2091	173	6	87	90	start	t	2023-03-12 18:40:20.408803	2023-03-12 18:40:20.408803
2092	170	6	87	90	start	t	2023-03-12 18:40:20.412791	2023-03-12 18:40:20.412791
2093	165	6	87	90	start	t	2023-03-12 18:40:20.417873	2023-03-12 18:40:20.417873
2096	176	6	87	90	start	t	2023-03-12 18:40:20.432167	2023-03-12 18:40:20.432167
2098	189	6	87	90	start	t	2023-03-12 18:40:20.441445	2023-03-12 18:40:20.441445
2101	469	15	87	90	start	\N	2023-03-12 18:40:20.455462	2023-03-12 18:40:20.455462
2102	478	15	87	90	start	\N	2023-03-12 18:40:20.460238	2023-03-12 18:40:20.460238
2103	474	15	87	90	start	\N	2023-03-12 18:40:20.464211	2023-03-12 18:40:20.464211
2104	473	15	87	90	start	\N	2023-03-12 18:40:20.469574	2023-03-12 18:40:20.469574
2105	483	15	87	90	start	\N	2023-03-12 18:40:20.474299	2023-03-12 18:40:20.474299
2106	484	15	87	90	start	\N	2023-03-12 18:40:20.478759	2023-03-12 18:40:20.478759
2107	490	15	87	90	start	\N	2023-03-12 18:40:20.483083	2023-03-12 18:40:20.483083
2111	497	15	87	90	start	\N	2023-03-12 18:40:20.501625	2023-03-12 18:40:20.501625
2112	191	6	87	44	substitute	t	2023-03-12 18:40:20.548752	2023-03-12 18:40:20.548752
2100	184	6	87	46	start	t	2023-03-12 18:40:20.450231	2023-03-12 18:40:20.551907
2113	178	6	87	32	substitute	t	2023-03-12 18:40:20.569799	2023-03-12 18:40:20.569799
2094	167	6	87	58	start	t	2023-03-12 18:40:20.423138	2023-03-12 18:40:20.61202
2114	183	6	87	31	substitute	t	2023-03-12 18:40:20.629071	2023-03-12 18:40:20.629071
2095	180	6	87	59	start	t	2023-03-12 18:40:20.427523	2023-03-12 18:40:20.633498
2115	489	15	87	25	substitute	\N	2023-03-12 18:40:20.653955	2023-03-12 18:40:20.653955
2109	485	15	87	65	start	\N	2023-03-12 18:40:20.492468	2023-03-12 18:40:20.657056
2116	486	15	87	15	substitute	\N	2023-03-12 18:40:20.666292	2023-03-12 18:40:20.666292
2108	477	15	87	75	start	\N	2023-03-12 18:40:20.48768	2023-03-12 18:40:20.670433
2117	190	6	87	15	substitute	t	2023-03-12 18:40:20.680092	2023-03-12 18:40:20.680092
2099	188	6	87	75	start	t	2023-03-12 18:40:20.445904	2023-03-12 18:40:20.68348
2118	472	15	87	3	substitute	\N	2023-03-12 18:40:20.713252	2023-03-12 18:40:20.713252
2110	496	15	87	87	start	\N	2023-03-12 18:40:20.496478	2023-03-12 18:40:20.716466
2119	192	6	87	1	substitute	t	2023-03-12 18:40:20.726275	2023-03-12 18:40:20.726275
2097	177	6	87	89	start	t	2023-03-12 18:40:20.437002	2023-03-12 18:40:20.729409
2120	445	14	88	90	start	t	2023-03-12 18:40:29.231111	2023-03-12 18:40:29.231111
2122	453	14	88	90	start	t	2023-03-12 18:40:29.244664	2023-03-12 18:40:29.244664
2123	450	14	88	90	start	t	2023-03-12 18:40:29.25034	2023-03-12 18:40:29.25034
2124	451	14	88	90	start	t	2023-03-12 18:40:29.258523	2023-03-12 18:40:29.258523
2127	461	14	88	90	start	t	2023-03-12 18:40:29.275194	2023-03-12 18:40:29.275194
2129	466	14	88	90	start	t	2023-03-12 18:40:29.285346	2023-03-12 18:40:29.285346
2131	1	1	88	90	start	\N	2023-03-12 18:40:29.295958	2023-03-12 18:40:29.295958
2132	11	1	88	90	start	\N	2023-03-12 18:40:29.301822	2023-03-12 18:40:29.301822
2133	10	1	88	40	start	\N	2023-03-12 18:40:29.307914	2023-03-12 18:40:29.424508
2121	447	14	88	41	start	t	2023-03-12 18:40:29.238692	2023-03-12 18:40:29.477253
2128	463	14	88	75	start	t	2023-03-12 18:40:29.279467	2023-03-12 18:40:29.61091
2125	460	14	88	75	start	t	2023-03-12 18:40:29.262982	2023-03-12 18:40:29.626368
2130	458	14	88	75	start	t	2023-03-12 18:40:29.29155	2023-03-12 18:40:29.641537
2126	457	14	88	75	start	t	2023-03-12 18:40:29.269642	2023-03-12 18:40:29.658394
2134	8	1	88	90	start	\N	2023-03-12 18:40:29.312514	2023-03-12 18:40:29.312514
2137	17	1	88	90	start	\N	2023-03-12 18:40:29.329005	2023-03-12 18:40:29.329005
2138	26	1	88	90	start	\N	2023-03-12 18:40:29.333988	2023-03-12 18:40:29.333988
2139	16	1	88	90	start	\N	2023-03-12 18:40:29.340622	2023-03-12 18:40:29.340622
2142	5	1	88	50	substitute	\N	2023-03-12 18:40:29.421338	2023-03-12 18:40:29.421338
2143	462	14	88	49	substitute	t	2023-03-12 18:40:29.439653	2023-03-12 18:40:29.439653
2144	12	1	88	44	substitute	\N	2023-03-12 18:40:29.513042	2023-03-12 18:40:29.513042
2135	9	1	88	46	start	\N	2023-03-12 18:40:29.318356	2023-03-12 18:40:29.516111
2145	19	1	88	31	substitute	\N	2023-03-12 18:40:29.538771	2023-03-12 18:40:29.538771
2136	22	1	88	59	start	\N	2023-03-12 18:40:29.324607	2023-03-12 18:40:29.541981
2146	24	1	88	31	substitute	\N	2023-03-12 18:40:29.553639	2023-03-12 18:40:29.553639
2141	25	1	88	59	start	\N	2023-03-12 18:40:29.350779	2023-03-12 18:40:29.557288
2147	18	1	88	20	substitute	\N	2023-03-12 18:40:29.579644	2023-03-12 18:40:29.579644
2140	27	1	88	70	start	\N	2023-03-12 18:40:29.345349	2023-03-12 18:40:29.582914
2148	468	14	88	15	substitute	t	2023-03-12 18:40:29.607701	2023-03-12 18:40:29.607701
2149	467	14	88	15	substitute	t	2023-03-12 18:40:29.623023	2023-03-12 18:40:29.623023
2150	464	14	88	15	substitute	t	2023-03-12 18:40:29.638105	2023-03-12 18:40:29.638105
2151	452	14	88	15	substitute	t	2023-03-12 18:40:29.654719	2023-03-12 18:40:29.654719
2152	33	2	6	90	start	t	2023-03-12 18:40:38.152607	2023-03-12 18:40:38.152607
2153	36	2	6	90	start	t	2023-03-12 18:40:38.159031	2023-03-12 18:40:38.159031
2154	39	2	6	90	start	t	2023-03-12 18:40:38.163635	2023-03-12 18:40:38.163635
2155	45	2	6	90	start	t	2023-03-12 18:40:38.16938	2023-03-12 18:40:38.16938
2156	42	2	6	90	start	t	2023-03-12 18:40:38.174516	2023-03-12 18:40:38.174516
2158	54	2	6	90	start	t	2023-03-12 18:40:38.183396	2023-03-12 18:40:38.183396
2159	55	2	6	90	start	t	2023-03-12 18:40:38.188356	2023-03-12 18:40:38.188356
2162	57	2	6	90	start	t	2023-03-12 18:40:38.202535	2023-03-12 18:40:38.202535
2163	601	19	6	90	start	\N	2023-03-12 18:40:38.208096	2023-03-12 18:40:38.208096
2164	606	19	6	90	start	\N	2023-03-12 18:40:38.212371	2023-03-12 18:40:38.212371
2166	612	19	6	90	start	\N	2023-03-12 18:40:38.222495	2023-03-12 18:40:38.222495
2167	608	19	6	90	start	\N	2023-03-12 18:40:38.226997	2023-03-12 18:40:38.226997
2169	620	19	6	90	start	\N	2023-03-12 18:40:38.236822	2023-03-12 18:40:38.236822
2170	609	19	6	90	start	\N	2023-03-12 18:40:38.241965	2023-03-12 18:40:38.241965
2171	622	19	6	90	start	\N	2023-03-12 18:40:38.246225	2023-03-12 18:40:38.246225
2172	634	19	6	90	start	\N	2023-03-12 18:40:38.251145	2023-03-12 18:40:38.251145
2174	632	19	6	27	substitute	\N	2023-03-12 18:40:38.348333	2023-03-12 18:40:38.348333
2173	633	19	6	63	start	\N	2023-03-12 18:40:38.288305	2023-03-12 18:40:38.351922
2175	619	19	6	15	substitute	\N	2023-03-12 18:40:38.362263	2023-03-12 18:40:38.362263
2168	623	19	6	75	start	\N	2023-03-12 18:40:38.231166	2023-03-12 18:40:38.365565
2176	53	2	6	10	substitute	t	2023-03-12 18:40:38.388377	2023-03-12 18:40:38.388377
2157	51	2	6	80	start	t	2023-03-12 18:40:38.17872	2023-03-12 18:40:38.392076
2177	48	2	6	9	substitute	t	2023-03-12 18:40:38.403435	2023-03-12 18:40:38.403435
2160	50	2	6	81	start	t	2023-03-12 18:40:38.193037	2023-03-12 18:40:38.406871
2178	875	19	6	7	substitute	\N	2023-03-12 18:40:38.416964	2023-03-12 18:40:38.416964
2165	610	19	6	83	start	\N	2023-03-12 18:40:38.217558	2023-03-12 18:40:38.42091
2179	59	2	6	1	substitute	t	2023-03-12 18:40:38.430866	2023-03-12 18:40:38.430866
2161	56	2	6	89	start	t	2023-03-12 18:40:38.1974	2023-03-12 18:40:38.435266
2180	38	2	6	0	substitute	t	2023-03-12 18:40:38.445395	2023-03-12 18:40:38.445395
2181	49	2	6	0	substitute	t	2023-03-12 18:40:38.459146	2023-03-12 18:40:38.459146
2182	331	11	7	90	start	t	2023-03-12 18:40:46.958849	2023-03-12 18:40:46.958849
2183	339	11	7	90	start	t	2023-03-12 18:40:46.963009	2023-03-12 18:40:46.963009
2184	338	11	7	90	start	t	2023-03-12 18:40:46.968848	2023-03-12 18:40:46.968848
2188	350	11	7	90	start	t	2023-03-12 18:40:46.987685	2023-03-12 18:40:46.987685
2191	363	11	7	90	start	t	2023-03-12 18:40:47.000984	2023-03-12 18:40:47.000984
2192	365	11	7	90	start	t	2023-03-12 18:40:47.006064	2023-03-12 18:40:47.006064
2193	200	7	7	90	start	\N	2023-03-12 18:40:47.010206	2023-03-12 18:40:47.010206
2194	201	7	7	90	start	\N	2023-03-12 18:40:47.015012	2023-03-12 18:40:47.015012
2196	648	7	7	90	start	\N	2023-03-12 18:40:47.024972	2023-03-12 18:40:47.024972
2197	206	7	7	90	start	\N	2023-03-12 18:40:47.02945	2023-03-12 18:40:47.02945
2199	213	7	7	90	start	\N	2023-03-12 18:40:47.038748	2023-03-12 18:40:47.038748
2200	218	7	7	90	start	\N	2023-03-12 18:40:47.043343	2023-03-12 18:40:47.043343
2202	212	7	7	90	start	\N	2023-03-12 18:40:47.052176	2023-03-12 18:40:47.052176
2204	214	7	7	44	substitute	\N	2023-03-12 18:40:47.146644	2023-03-12 18:40:47.146644
2203	221	7	7	46	start	\N	2023-03-12 18:40:47.057212	2023-03-12 18:40:47.14985
2205	65	7	7	44	substitute	\N	2023-03-12 18:40:47.160992	2023-03-12 18:40:47.160992
2195	877	7	7	46	start	\N	2023-03-12 18:40:47.020205	2023-03-12 18:40:47.164144
2206	351	11	7	24	substitute	t	2023-03-12 18:40:47.193353	2023-03-12 18:40:47.193353
2189	352	11	7	66	start	t	2023-03-12 18:40:46.992482	2023-03-12 18:40:47.196729
2207	204	7	7	18	substitute	\N	2023-03-12 18:40:47.207306	2023-03-12 18:40:47.207306
2198	215	7	7	72	start	\N	2023-03-12 18:40:47.033767	2023-03-12 18:40:47.210318
2208	217	7	7	15	substitute	\N	2023-03-12 18:40:47.220031	2023-03-12 18:40:47.220031
2201	876	7	7	75	start	\N	2023-03-12 18:40:47.047386	2023-03-12 18:40:47.223121
2209	367	11	7	4	substitute	t	2023-03-12 18:40:47.242034	2023-03-12 18:40:47.242034
2190	353	11	7	86	start	t	2023-03-12 18:40:46.996803	2023-03-12 18:40:47.245212
2210	343	11	7	4	substitute	t	2023-03-12 18:40:47.255842	2023-03-12 18:40:47.255842
2185	342	11	7	86	start	t	2023-03-12 18:40:46.973939	2023-03-12 18:40:47.258858
2211	356	11	7	4	substitute	t	2023-03-12 18:40:47.269165	2023-03-12 18:40:47.269165
2187	355	11	7	86	start	t	2023-03-12 18:40:46.982954	2023-03-12 18:40:47.272783
2212	335	11	7	3	substitute	t	2023-03-12 18:40:47.281811	2023-03-12 18:40:47.281811
2186	337	11	7	87	start	t	2023-03-12 18:40:46.978418	2023-03-12 18:40:47.285268
2213	909	7	7	0	substitute	\N	2023-03-12 18:40:47.305127	2023-03-12 18:40:47.305127
2214	267	9	8	90	start	t	2023-03-12 18:40:55.787613	2023-03-12 18:40:55.787613
2215	273	9	8	90	start	t	2023-03-12 18:40:55.792562	2023-03-12 18:40:55.792562
2218	272	9	8	90	start	t	2023-03-12 18:40:55.808061	2023-03-12 18:40:55.808061
2219	277	9	8	90	start	t	2023-03-12 18:40:55.812686	2023-03-12 18:40:55.812686
2221	288	9	8	90	start	t	2023-03-12 18:40:55.822712	2023-03-12 18:40:55.822712
2222	299	9	8	90	start	t	2023-03-12 18:40:55.827438	2023-03-12 18:40:55.827438
2223	298	9	8	90	start	t	2023-03-12 18:40:55.831612	2023-03-12 18:40:55.831612
2224	297	9	8	90	start	t	2023-03-12 18:40:55.836926	2023-03-12 18:40:55.836926
2225	409	13	8	90	start	\N	2023-03-12 18:40:55.842051	2023-03-12 18:40:55.842051
2226	416	13	8	90	start	\N	2023-03-12 18:40:55.846612	2023-03-12 18:40:55.846612
2216	278	9	8	18	start	t	2023-03-12 18:40:55.797378	2023-03-12 18:40:55.996094
2220	295	9	8	61	start	t	2023-03-12 18:40:55.817266	2023-03-12 18:40:56.034309
2217	276	9	8	70	start	t	2023-03-12 18:40:55.803076	2023-03-12 18:40:56.071046
2227	411	13	8	90	start	\N	2023-03-12 18:40:55.851338	2023-03-12 18:40:55.851338
2229	414	13	8	90	start	\N	2023-03-12 18:40:55.860911	2023-03-12 18:40:55.860911
2230	423	13	8	90	start	\N	2023-03-12 18:40:55.86532	2023-03-12 18:40:55.86532
2231	422	13	8	90	start	\N	2023-03-12 18:40:55.870511	2023-03-12 18:40:55.870511
2234	440	13	8	90	start	\N	2023-03-12 18:40:55.884104	2023-03-12 18:40:55.884104
2236	274	9	8	72	substitute	t	2023-03-12 18:40:55.99121	2023-03-12 18:40:55.99121
2237	760	9	8	29	substitute	t	2023-03-12 18:40:56.031555	2023-03-12 18:40:56.031555
2238	425	13	8	25	substitute	\N	2023-03-12 18:40:56.043596	2023-03-12 18:40:56.043596
2233	427	13	8	65	start	\N	2023-03-12 18:40:55.879734	2023-03-12 18:40:56.04618
2239	426	13	8	25	substitute	\N	2023-03-12 18:40:56.055893	2023-03-12 18:40:56.055893
2232	413	13	8	65	start	\N	2023-03-12 18:40:55.875329	2023-03-12 18:40:56.058786
2240	280	9	8	20	substitute	t	2023-03-12 18:40:56.066925	2023-03-12 18:40:56.066925
2241	417	13	8	15	substitute	\N	2023-03-12 18:40:56.080246	2023-03-12 18:40:56.080246
2228	415	13	8	75	start	\N	2023-03-12 18:40:55.856309	2023-03-12 18:40:56.082927
2242	441	13	8	15	substitute	\N	2023-03-12 18:40:56.092573	2023-03-12 18:40:56.092573
2235	431	13	8	75	start	\N	2023-03-12 18:40:55.889412	2023-03-12 18:40:56.095378
2243	430	13	8	0	substitute	\N	2023-03-12 18:40:56.130314	2023-03-12 18:40:56.130314
2244	302	10	5	90	start	t	2023-03-12 18:41:04.614561	2023-03-12 18:41:04.614561
2245	418	10	5	90	start	t	2023-03-12 18:41:04.619531	2023-03-12 18:41:04.619531
2246	309	10	5	90	start	t	2023-03-12 18:41:04.624209	2023-03-12 18:41:04.624209
2247	310	10	5	90	start	t	2023-03-12 18:41:04.62839	2023-03-12 18:41:04.62839
2248	313	10	5	90	start	t	2023-03-12 18:41:04.632367	2023-03-12 18:41:04.632367
2249	317	10	5	90	start	t	2023-03-12 18:41:04.636993	2023-03-12 18:41:04.636993
2250	322	10	5	90	start	t	2023-03-12 18:41:04.641734	2023-03-12 18:41:04.641734
2252	305	10	5	90	start	t	2023-03-12 18:41:04.649843	2023-03-12 18:41:04.649843
2253	318	10	5	90	start	t	2023-03-12 18:41:04.654306	2023-03-12 18:41:04.654306
2254	327	10	5	90	start	t	2023-03-12 18:41:04.65872	2023-03-12 18:41:04.65872
2255	535	17	5	90	start	\N	2023-03-12 18:41:04.663024	2023-03-12 18:41:04.663024
2257	544	17	5	90	start	\N	2023-03-12 18:41:04.671921	2023-03-12 18:41:04.671921
2259	539	17	5	90	start	\N	2023-03-12 18:41:04.680259	2023-03-12 18:41:04.680259
2260	555	17	5	90	start	\N	2023-03-12 18:41:04.684089	2023-03-12 18:41:04.684089
2263	561	17	5	90	start	\N	2023-03-12 18:41:04.697917	2023-03-12 18:41:04.697917
2264	560	17	5	90	start	\N	2023-03-12 18:41:04.702358	2023-03-12 18:41:04.702358
2266	562	17	5	31	substitute	\N	2023-03-12 18:41:04.788272	2023-03-12 18:41:04.788272
2258	543	17	5	59	start	\N	2023-03-12 18:41:04.676133	2023-03-12 18:41:04.791724
2267	551	17	5	31	substitute	\N	2023-03-12 18:41:04.801132	2023-03-12 18:41:04.801132
2262	550	17	5	59	start	\N	2023-03-12 18:41:04.693862	2023-03-12 18:41:04.80522
2268	330	10	5	17	substitute	t	2023-03-12 18:41:04.824449	2023-03-12 18:41:04.824449
2251	320	10	5	73	start	t	2023-03-12 18:41:04.645672	2023-03-12 18:41:04.827474
2269	554	17	5	17	substitute	\N	2023-03-12 18:41:04.837412	2023-03-12 18:41:04.837412
2261	548	17	5	73	start	\N	2023-03-12 18:41:04.689421	2023-03-12 18:41:04.841254
2270	869	17	5	7	substitute	\N	2023-03-12 18:41:04.850802	2023-03-12 18:41:04.850802
2256	538	17	5	83	start	\N	2023-03-12 18:41:04.66714	2023-03-12 18:41:04.854424
2271	881	17	5	7	substitute	\N	2023-03-12 18:41:04.863523	2023-03-12 18:41:04.863523
2265	558	17	5	83	start	\N	2023-03-12 18:41:04.707394	2023-03-12 18:41:04.866411
2273	377	12	10	90	start	t	2023-03-12 18:41:13.372947	2023-03-12 18:41:13.372947
2274	374	12	10	90	start	t	2023-03-12 18:41:13.377269	2023-03-12 18:41:13.377269
2275	376	12	10	90	start	t	2023-03-12 18:41:13.381258	2023-03-12 18:41:13.381258
2276	375	12	10	90	start	t	2023-03-12 18:41:13.385488	2023-03-12 18:41:13.385488
2277	392	12	10	90	start	t	2023-03-12 18:41:13.392523	2023-03-12 18:41:13.392523
2278	394	12	10	90	start	t	2023-03-12 18:41:13.397217	2023-03-12 18:41:13.397217
2279	404	12	10	90	start	t	2023-03-12 18:41:13.401374	2023-03-12 18:41:13.401374
2281	388	12	10	90	start	t	2023-03-12 18:41:13.410807	2023-03-12 18:41:13.410807
2283	445	14	10	90	start	\N	2023-03-12 18:41:13.419724	2023-03-12 18:41:13.419724
2284	447	14	10	90	start	\N	2023-03-12 18:41:13.424374	2023-03-12 18:41:13.424374
2285	448	14	10	90	start	\N	2023-03-12 18:41:13.428584	2023-03-12 18:41:13.428584
2286	450	14	10	90	start	\N	2023-03-12 18:41:13.43244	2023-03-12 18:41:13.43244
2287	451	14	10	90	start	\N	2023-03-12 18:41:13.436994	2023-03-12 18:41:13.436994
2293	458	14	10	90	start	\N	2023-03-12 18:41:13.463839	2023-03-12 18:41:13.463839
2294	371	12	10	61	substitute	t	2023-03-12 18:41:13.473386	2023-03-12 18:41:13.473386
2272	370	12	10	29	start	t	2023-03-12 18:41:13.368165	2023-03-12 18:41:13.476291
2295	405	12	10	33	substitute	t	2023-03-12 18:41:13.541368	2023-03-12 18:41:13.541368
2280	389	12	10	57	start	t	2023-03-12 18:41:13.40658	2023-03-12 18:41:13.544773
2296	401	12	10	33	substitute	t	2023-03-12 18:41:13.555031	2023-03-12 18:41:13.555031
2282	402	12	10	57	start	t	2023-03-12 18:41:13.415118	2023-03-12 18:41:13.558427
2297	461	14	10	12	substitute	\N	2023-03-12 18:41:13.577428	2023-03-12 18:41:13.577428
2290	457	14	10	78	start	\N	2023-03-12 18:41:13.450171	2023-03-12 18:41:13.580337
2298	467	14	10	12	substitute	\N	2023-03-12 18:41:13.590339	2023-03-12 18:41:13.590339
2292	466	14	10	78	start	\N	2023-03-12 18:41:13.459603	2023-03-12 18:41:13.593152
2299	468	14	10	2	substitute	\N	2023-03-12 18:41:13.6017	2023-03-12 18:41:13.6017
2291	463	14	10	88	start	\N	2023-03-12 18:41:13.455157	2023-03-12 18:41:13.60517
2300	464	14	10	2	substitute	\N	2023-03-12 18:41:13.614149	2023-03-12 18:41:13.614149
2288	460	14	10	88	start	\N	2023-03-12 18:41:13.441861	2023-03-12 18:41:13.616909
2301	456	14	10	1	substitute	\N	2023-03-12 18:41:13.626388	2023-03-12 18:41:13.626388
2289	459	14	10	89	start	\N	2023-03-12 18:41:13.446064	2023-03-12 18:41:13.629034
2302	391	12	10	0	substitute	t	2023-03-12 18:41:13.637817	2023-03-12 18:41:13.637817
2303	393	12	10	0	substitute	t	2023-03-12 18:41:13.648203	2023-03-12 18:41:13.648203
2304	200	7	89	90	start	t	2023-03-12 18:41:22.17209	2023-03-12 18:41:22.17209
2305	201	7	89	90	start	t	2023-03-12 18:41:22.176753	2023-03-12 18:41:22.176753
2306	208	7	89	90	start	t	2023-03-12 18:41:22.180831	2023-03-12 18:41:22.180831
2307	203	7	89	90	start	t	2023-03-12 18:41:22.184843	2023-03-12 18:41:22.184843
2310	213	7	89	90	start	t	2023-03-12 18:41:22.197869	2023-03-12 18:41:22.197869
2312	212	7	89	90	start	t	2023-03-12 18:41:22.206584	2023-03-12 18:41:22.206584
2314	222	7	89	90	start	t	2023-03-12 18:41:22.214688	2023-03-12 18:41:22.214688
2315	267	9	89	90	start	\N	2023-03-12 18:41:22.218675	2023-03-12 18:41:22.218675
2316	279	9	89	90	start	\N	2023-03-12 18:41:22.223712	2023-03-12 18:41:22.223712
2317	281	9	89	90	start	\N	2023-03-12 18:41:22.227745	2023-03-12 18:41:22.227745
2318	272	9	89	90	start	\N	2023-03-12 18:41:22.231668	2023-03-12 18:41:22.231668
2319	277	9	89	90	start	\N	2023-03-12 18:41:22.235814	2023-03-12 18:41:22.235814
2321	290	9	89	90	start	\N	2023-03-12 18:41:22.244919	2023-03-12 18:41:22.244919
2322	299	9	89	90	start	\N	2023-03-12 18:41:22.248869	2023-03-12 18:41:22.248869
2313	223	7	89	60	start	t	2023-03-12 18:41:22.210711	2023-03-12 18:41:22.315098
2308	207	7	89	60	start	t	2023-03-12 18:41:22.189454	2023-03-12 18:41:22.330051
2311	211	7	89	67	start	t	2023-03-12 18:41:22.20198	2023-03-12 18:41:22.344794
2320	286	9	89	74	start	\N	2023-03-12 18:41:22.240514	2023-03-12 18:41:22.418933
2309	214	7	89	89	start	t	2023-03-12 18:41:22.19381	2023-03-12 18:41:22.452788
2325	298	9	89	90	start	\N	2023-03-12 18:41:22.262767	2023-03-12 18:41:22.262767
2326	221	7	89	30	substitute	t	2023-03-12 18:41:22.312032	2023-03-12 18:41:22.312032
2327	204	7	89	30	substitute	t	2023-03-12 18:41:22.327215	2023-03-12 18:41:22.327215
2328	224	7	89	23	substitute	t	2023-03-12 18:41:22.34182	2023-03-12 18:41:22.34182
2329	297	9	89	16	substitute	\N	2023-03-12 18:41:22.391278	2023-03-12 18:41:22.391278
2323	295	9	89	74	start	\N	2023-03-12 18:41:22.25308	2023-03-12 18:41:22.395408
2330	289	9	89	16	substitute	\N	2023-03-12 18:41:22.415004	2023-03-12 18:41:22.415004
2331	216	7	89	1	substitute	t	2023-03-12 18:41:22.449092	2023-03-12 18:41:22.449092
2332	759	9	89	1	substitute	\N	2023-03-12 18:41:22.463668	2023-03-12 18:41:22.463668
2324	300	9	89	89	start	\N	2023-03-12 18:41:22.258281	2023-03-12 18:41:22.466516
2333	288	9	89	0	substitute	\N	2023-03-12 18:41:22.490657	2023-03-12 18:41:22.490657
2334	370	12	90	90	start	t	2023-03-12 18:41:30.993793	2023-03-12 18:41:30.993793
2335	380	12	90	90	start	t	2023-03-12 18:41:30.998709	2023-03-12 18:41:30.998709
2336	378	12	90	90	start	t	2023-03-12 18:41:31.002912	2023-03-12 18:41:31.002912
2337	376	12	90	90	start	t	2023-03-12 18:41:31.008412	2023-03-12 18:41:31.008412
2338	375	12	90	90	start	t	2023-03-12 18:41:31.01315	2023-03-12 18:41:31.01315
2339	392	12	90	90	start	t	2023-03-12 18:41:31.017427	2023-03-12 18:41:31.017427
2340	394	12	90	90	start	t	2023-03-12 18:41:31.023956	2023-03-12 18:41:31.023956
2341	404	12	90	90	start	t	2023-03-12 18:41:31.028763	2023-03-12 18:41:31.028763
2345	127	5	90	90	start	\N	2023-03-12 18:41:31.052504	2023-03-12 18:41:31.052504
2346	133	5	90	90	start	\N	2023-03-12 18:41:31.060561	2023-03-12 18:41:31.060561
2347	140	5	90	90	start	\N	2023-03-12 18:41:31.065744	2023-03-12 18:41:31.065744
2348	135	5	90	90	start	\N	2023-03-12 18:41:31.071827	2023-03-12 18:41:31.071827
2350	144	5	90	90	start	\N	2023-03-12 18:41:31.081643	2023-03-12 18:41:31.081643
2352	130	5	90	90	start	\N	2023-03-12 18:41:31.092426	2023-03-12 18:41:31.092426
2353	141	5	90	90	start	\N	2023-03-12 18:41:31.09688	2023-03-12 18:41:31.09688
2356	156	5	90	66	substitute	\N	2023-03-12 18:41:31.139467	2023-03-12 18:41:31.139467
2354	148	5	90	24	start	\N	2023-03-12 18:41:31.101468	2023-03-12 18:41:31.142857
2357	388	12	90	56	substitute	t	2023-03-12 18:41:31.162581	2023-03-12 18:41:31.162581
2343	403	12	90	34	start	t	2023-03-12 18:41:31.041354	2023-03-12 18:41:31.165458
2358	154	5	90	32	substitute	\N	2023-03-12 18:41:31.194546	2023-03-12 18:41:31.194546
2355	151	5	90	58	start	\N	2023-03-12 18:41:31.107354	2023-03-12 18:41:31.19741
2359	402	12	90	24	substitute	t	2023-03-12 18:41:31.249304	2023-03-12 18:41:31.249304
2344	401	12	90	66	start	t	2023-03-12 18:41:31.047005	2023-03-12 18:41:31.261493
2360	147	5	90	18	substitute	\N	2023-03-12 18:41:31.273889	2023-03-12 18:41:31.273889
2351	143	5	90	72	start	\N	2023-03-12 18:41:31.086836	2023-03-12 18:41:31.277026
2361	139	5	90	17	substitute	\N	2023-03-12 18:41:31.287327	2023-03-12 18:41:31.287327
2349	134	5	90	73	start	\N	2023-03-12 18:41:31.076925	2023-03-12 18:41:31.291396
2362	382	12	90	16	substitute	t	2023-03-12 18:41:31.302006	2023-03-12 18:41:31.302006
2342	390	12	90	74	start	t	2023-03-12 18:41:31.033441	2023-03-12 18:41:31.306657
2363	61	3	91	90	start	t	2023-03-12 18:41:39.783774	2023-03-12 18:41:39.783774
2365	67	3	91	90	start	t	2023-03-12 18:41:39.79448	2023-03-12 18:41:39.79448
2366	71	3	91	90	start	t	2023-03-12 18:41:39.799117	2023-03-12 18:41:39.799117
2367	68	3	91	90	start	t	2023-03-12 18:41:39.803969	2023-03-12 18:41:39.803969
2368	78	3	91	90	start	t	2023-03-12 18:41:39.809654	2023-03-12 18:41:39.809654
2369	75	3	91	90	start	t	2023-03-12 18:41:39.814418	2023-03-12 18:41:39.814418
2370	77	3	91	90	start	t	2023-03-12 18:41:39.818976	2023-03-12 18:41:39.818976
2371	81	3	91	90	start	t	2023-03-12 18:41:39.825268	2023-03-12 18:41:39.825268
2373	89	3	91	90	start	t	2023-03-12 18:41:39.834177	2023-03-12 18:41:39.834177
2374	302	10	91	90	start	\N	2023-03-12 18:41:39.84019	2023-03-12 18:41:39.84019
2376	309	10	91	90	start	\N	2023-03-12 18:41:39.849314	2023-03-12 18:41:39.849314
2377	306	10	91	90	start	\N	2023-03-12 18:41:39.85459	2023-03-12 18:41:39.85459
2380	318	10	91	90	start	\N	2023-03-12 18:41:39.874106	2023-03-12 18:41:39.874106
2381	317	10	91	90	start	\N	2023-03-12 18:41:39.879054	2023-03-12 18:41:39.879054
2382	320	10	91	90	start	\N	2023-03-12 18:41:39.88488	2023-03-12 18:41:39.88488
2383	316	10	91	90	start	\N	2023-03-12 18:41:39.892545	2023-03-12 18:41:39.892545
2385	327	10	91	23	substitute	\N	2023-03-12 18:41:39.945499	2023-03-12 18:41:39.945499
2384	330	10	91	67	start	\N	2023-03-12 18:41:39.897931	2023-03-12 18:41:39.94866
2386	310	10	91	23	substitute	\N	2023-03-12 18:41:39.961707	2023-03-12 18:41:39.961707
2375	313	10	91	67	start	\N	2023-03-12 18:41:39.844938	2023-03-12 18:41:39.964663
2387	69	3	91	18	substitute	t	2023-03-12 18:41:39.997896	2023-03-12 18:41:39.997896
2364	64	3	91	72	start	t	2023-03-12 18:41:39.789656	2023-03-12 18:41:40.000853
2388	92	3	91	13	substitute	t	2023-03-12 18:41:40.013939	2023-03-12 18:41:40.013939
2372	85	3	91	77	start	t	2023-03-12 18:41:39.829842	2023-03-12 18:41:40.017822
2389	328	10	91	11	substitute	\N	2023-03-12 18:41:40.048896	2023-03-12 18:41:40.048896
2379	325	10	91	79	start	\N	2023-03-12 18:41:39.867348	2023-03-12 18:41:40.052422
2390	329	10	91	4	substitute	\N	2023-03-12 18:41:40.09932	2023-03-12 18:41:40.09932
2378	305	10	91	86	start	\N	2023-03-12 18:41:39.861111	2023-03-12 18:41:40.106635
2391	91	3	91	0	substitute	t	2023-03-12 18:41:40.129813	2023-03-12 18:41:40.129813
2392	228	8	92	90	start	t	2023-03-12 18:41:48.607799	2023-03-12 18:41:48.607799
2393	234	8	92	90	start	t	2023-03-12 18:41:48.612415	2023-03-12 18:41:48.612415
2394	236	8	92	90	start	t	2023-03-12 18:41:48.616685	2023-03-12 18:41:48.616685
2395	235	8	92	90	start	t	2023-03-12 18:41:48.620905	2023-03-12 18:41:48.620905
2396	239	8	92	90	start	t	2023-03-12 18:41:48.625907	2023-03-12 18:41:48.625907
2398	244	8	92	90	start	t	2023-03-12 18:41:48.635143	2023-03-12 18:41:48.635143
2399	251	8	92	90	start	t	2023-03-12 18:41:48.640535	2023-03-12 18:41:48.640535
2400	245	8	92	90	start	t	2023-03-12 18:41:48.644894	2023-03-12 18:41:48.644894
2401	260	8	92	90	start	t	2023-03-12 18:41:48.649373	2023-03-12 18:41:48.649373
2402	261	8	92	90	start	t	2023-03-12 18:41:48.654201	2023-03-12 18:41:48.654201
2403	158	6	92	90	start	\N	2023-03-12 18:41:48.659199	2023-03-12 18:41:48.659199
2406	165	6	92	90	start	\N	2023-03-12 18:41:48.67233	2023-03-12 18:41:48.67233
2404	173	6	92	46	start	\N	2023-03-12 18:41:48.663562	2023-03-12 18:41:48.770405
2405	170	6	92	69	start	\N	2023-03-12 18:41:48.667462	2023-03-12 18:41:48.791222
2397	246	8	92	82	start	t	2023-03-12 18:41:48.631045	2023-03-12 18:41:48.877312
2407	167	6	92	90	start	\N	2023-03-12 18:41:48.676944	2023-03-12 18:41:48.676944
2408	180	6	92	90	start	\N	2023-03-12 18:41:48.68103	2023-03-12 18:41:48.68103
2409	177	6	92	90	start	\N	2023-03-12 18:41:48.68485	2023-03-12 18:41:48.68485
2413	192	6	92	90	start	\N	2023-03-12 18:41:48.701346	2023-03-12 18:41:48.701346
2414	188	6	92	48	substitute	\N	2023-03-12 18:41:48.738064	2023-03-12 18:41:48.738064
2412	191	6	92	42	start	\N	2023-03-12 18:41:48.697368	2023-03-12 18:41:48.741239
2415	164	6	92	44	substitute	\N	2023-03-12 18:41:48.767527	2023-03-12 18:41:48.767527
2416	166	6	92	21	substitute	\N	2023-03-12 18:41:48.787985	2023-03-12 18:41:48.787985
2417	176	6	92	21	substitute	\N	2023-03-12 18:41:48.799518	2023-03-12 18:41:48.799518
2410	189	6	92	69	start	\N	2023-03-12 18:41:48.689298	2023-03-12 18:41:48.802515
2418	183	6	92	9	substitute	\N	2023-03-12 18:41:48.82823	2023-03-12 18:41:48.82823
2411	190	6	92	81	start	\N	2023-03-12 18:41:48.693537	2023-03-12 18:41:48.83122
2419	233	8	92	8	substitute	t	2023-03-12 18:41:48.873529	2023-03-12 18:41:48.873529
2420	262	8	92	0	substitute	t	2023-03-12 18:41:48.892974	2023-03-12 18:41:48.892974
2421	248	8	92	0	substitute	t	2023-03-12 18:41:48.905921	2023-03-12 18:41:48.905921
2422	469	15	93	90	start	t	2023-03-12 18:41:57.387728	2023-03-12 18:41:57.387728
2424	474	15	93	90	start	t	2023-03-12 18:41:57.396776	2023-03-12 18:41:57.396776
2425	473	15	93	90	start	t	2023-03-12 18:41:57.40059	2023-03-12 18:41:57.40059
2426	483	15	93	90	start	t	2023-03-12 18:41:57.405042	2023-03-12 18:41:57.405042
2427	484	15	93	90	start	t	2023-03-12 18:41:57.409675	2023-03-12 18:41:57.409675
2431	496	15	93	90	start	t	2023-03-12 18:41:57.426431	2023-03-12 18:41:57.426431
2432	497	15	93	90	start	t	2023-03-12 18:41:57.430518	2023-03-12 18:41:57.430518
2433	331	11	93	90	start	\N	2023-03-12 18:41:57.434452	2023-03-12 18:41:57.434452
2434	339	11	93	90	start	\N	2023-03-12 18:41:57.439037	2023-03-12 18:41:57.439037
2435	338	11	93	90	start	\N	2023-03-12 18:41:57.443548	2023-03-12 18:41:57.443548
2436	342	11	93	90	start	\N	2023-03-12 18:41:57.447552	2023-03-12 18:41:57.447552
2437	335	11	93	90	start	\N	2023-03-12 18:41:57.4515	2023-03-12 18:41:57.4515
2438	355	11	93	90	start	\N	2023-03-12 18:41:57.456036	2023-03-12 18:41:57.456036
2440	350	11	93	90	start	\N	2023-03-12 18:41:57.464495	2023-03-12 18:41:57.464495
2441	352	11	93	90	start	\N	2023-03-12 18:41:57.468412	2023-03-12 18:41:57.468412
2443	365	11	93	90	start	\N	2023-03-12 18:41:57.477409	2023-03-12 18:41:57.477409
2444	489	15	93	23	substitute	t	2023-03-12 18:41:57.520784	2023-03-12 18:41:57.520784
2429	477	15	93	67	start	t	2023-03-12 18:41:57.417483	2023-03-12 18:41:57.524367
2445	364	11	93	20	substitute	\N	2023-03-12 18:41:57.533587	2023-03-12 18:41:57.533587
2439	356	11	93	70	start	\N	2023-03-12 18:41:57.4605	2023-03-12 18:41:57.536558
2446	351	11	93	10	substitute	\N	2023-03-12 18:41:57.546472	2023-03-12 18:41:57.546472
2442	363	11	93	80	start	\N	2023-03-12 18:41:57.473333	2023-03-12 18:41:57.549372
2447	486	15	93	8	substitute	t	2023-03-12 18:41:57.559551	2023-03-12 18:41:57.559551
2430	485	15	93	82	start	t	2023-03-12 18:41:57.421922	2023-03-12 18:41:57.562415
2448	472	15	93	2	substitute	t	2023-03-12 18:41:57.572128	2023-03-12 18:41:57.572128
2423	478	15	93	88	start	t	2023-03-12 18:41:57.392493	2023-03-12 18:41:57.575317
2449	491	15	93	1	substitute	t	2023-03-12 18:41:57.584286	2023-03-12 18:41:57.584286
2428	490	15	93	89	start	t	2023-03-12 18:41:57.41353	2023-03-12 18:41:57.587739
2450	349	11	93	0	substitute	\N	2023-03-12 18:41:57.597146	2023-03-12 18:41:57.597146
2451	407	13	94	90	start	t	2023-03-12 18:42:06.109907	2023-03-12 18:42:06.109907
2452	416	13	94	90	start	t	2023-03-12 18:42:06.114349	2023-03-12 18:42:06.114349
2453	412	13	94	90	start	t	2023-03-12 18:42:06.119047	2023-03-12 18:42:06.119047
2454	415	13	94	90	start	t	2023-03-12 18:42:06.12463	2023-03-12 18:42:06.12463
2455	417	13	94	90	start	t	2023-03-12 18:42:06.129791	2023-03-12 18:42:06.129791
2457	422	13	94	90	start	t	2023-03-12 18:42:06.139663	2023-03-12 18:42:06.139663
2462	127	5	94	90	start	\N	2023-03-12 18:42:06.162799	2023-03-12 18:42:06.162799
2463	134	5	94	90	start	\N	2023-03-12 18:42:06.16669	2023-03-12 18:42:06.16669
2464	135	5	94	90	start	\N	2023-03-12 18:42:06.170962	2023-03-12 18:42:06.170962
2465	136	5	94	90	start	\N	2023-03-12 18:42:06.175749	2023-03-12 18:42:06.175749
2467	144	5	94	90	start	\N	2023-03-12 18:42:06.183679	2023-03-12 18:42:06.183679
2468	143	5	94	90	start	\N	2023-03-12 18:42:06.187861	2023-03-12 18:42:06.187861
2470	141	5	94	90	start	\N	2023-03-12 18:42:06.196661	2023-03-12 18:42:06.196661
2473	145	5	94	44	substitute	\N	2023-03-12 18:42:06.230868	2023-03-12 18:42:06.230868
2471	151	5	94	46	start	\N	2023-03-12 18:42:06.200624	2023-03-12 18:42:06.233524
2474	150	5	94	34	substitute	\N	2023-03-12 18:42:06.250823	2023-03-12 18:42:06.250823
2472	154	5	94	56	start	\N	2023-03-12 18:42:06.204958	2023-03-12 18:42:06.253441
2475	424	13	94	24	substitute	t	2023-03-12 18:42:06.271139	2023-03-12 18:42:06.271139
2456	426	13	94	66	start	t	2023-03-12 18:42:06.134311	2023-03-12 18:42:06.274674
2476	441	13	94	18	substitute	t	2023-03-12 18:42:06.283343	2023-03-12 18:42:06.283343
2459	427	13	94	72	start	t	2023-03-12 18:42:06.14885	2023-03-12 18:42:06.28602
2477	414	13	94	18	substitute	t	2023-03-12 18:42:06.29526	2023-03-12 18:42:06.29526
2460	425	13	94	72	start	t	2023-03-12 18:42:06.153179	2023-03-12 18:42:06.298073
2478	147	5	94	18	substitute	\N	2023-03-12 18:42:06.307283	2023-03-12 18:42:06.307283
2469	156	5	94	72	start	\N	2023-03-12 18:42:06.192403	2023-03-12 18:42:06.31006
2479	130	5	94	18	substitute	\N	2023-03-12 18:42:06.318657	2023-03-12 18:42:06.318657
2466	133	5	94	72	start	\N	2023-03-12 18:42:06.17984	2023-03-12 18:42:06.321746
2480	432	13	94	4	substitute	t	2023-03-12 18:42:06.330717	2023-03-12 18:42:06.330717
2458	430	13	94	86	start	t	2023-03-12 18:42:06.144414	2023-03-12 18:42:06.333435
2481	429	13	94	4	substitute	t	2023-03-12 18:42:06.344847	2023-03-12 18:42:06.344847
2461	431	13	94	86	start	t	2023-03-12 18:42:06.15853	2023-03-12 18:42:06.347787
2482	502	16	95	90	start	t	2023-03-12 18:42:14.888771	2023-03-12 18:42:14.888771
2483	506	16	95	90	start	t	2023-03-12 18:42:14.894005	2023-03-12 18:42:14.894005
2484	510	16	95	90	start	t	2023-03-12 18:42:14.898693	2023-03-12 18:42:14.898693
2485	509	16	95	90	start	t	2023-03-12 18:42:14.903315	2023-03-12 18:42:14.903315
2486	519	16	95	90	start	t	2023-03-12 18:42:14.908915	2023-03-12 18:42:14.908915
2489	518	16	95	90	start	t	2023-03-12 18:42:14.922317	2023-03-12 18:42:14.922317
2492	529	16	95	90	start	t	2023-03-12 18:42:14.936086	2023-03-12 18:42:14.936086
2493	564	18	95	90	start	\N	2023-03-12 18:42:14.941096	2023-03-12 18:42:14.941096
2495	570	18	95	90	start	\N	2023-03-12 18:42:14.949999	2023-03-12 18:42:14.949999
2496	571	18	95	90	start	\N	2023-03-12 18:42:14.954594	2023-03-12 18:42:14.954594
2497	574	18	95	90	start	\N	2023-03-12 18:42:14.959698	2023-03-12 18:42:14.959698
2498	584	18	95	90	start	\N	2023-03-12 18:42:14.963921	2023-03-12 18:42:14.963921
2501	595	18	95	90	start	\N	2023-03-12 18:42:14.977266	2023-03-12 18:42:14.977266
2502	583	18	95	90	start	\N	2023-03-12 18:42:14.98158	2023-03-12 18:42:14.98158
2488	522	16	95	64	start	t	2023-03-12 18:42:14.91752	2023-03-12 18:42:15.060021
2490	528	16	95	65	start	t	2023-03-12 18:42:14.927501	2023-03-12 18:42:15.074672
2500	581	18	95	76	start	\N	2023-03-12 18:42:14.972524	2023-03-12 18:42:15.104402
2499	582	18	95	84	start	\N	2023-03-12 18:42:14.967991	2023-03-12 18:42:15.145683
2494	575	18	95	84	start	\N	2023-03-12 18:42:14.94563	2023-03-12 18:42:15.166839
2487	517	16	95	85	start	t	2023-03-12 18:42:14.913327	2023-03-12 18:42:15.183909
2491	531	16	95	86	start	t	2023-03-12 18:42:14.931887	2023-03-12 18:42:15.198627
2504	593	18	95	28	substitute	\N	2023-03-12 18:42:15.041388	2023-03-12 18:42:15.041388
2503	592	18	95	62	start	\N	2023-03-12 18:42:14.985517	2023-03-12 18:42:15.045092
2505	516	16	95	26	substitute	t	2023-03-12 18:42:15.056034	2023-03-12 18:42:15.056034
2506	507	16	95	25	substitute	t	2023-03-12 18:42:15.07095	2023-03-12 18:42:15.07095
2507	586	18	95	14	substitute	\N	2023-03-12 18:42:15.096743	2023-03-12 18:42:15.096743
2508	598	18	95	6	substitute	\N	2023-03-12 18:42:15.142829	2023-03-12 18:42:15.142829
2509	568	18	95	6	substitute	\N	2023-03-12 18:42:15.157894	2023-03-12 18:42:15.157894
2510	521	16	95	5	substitute	t	2023-03-12 18:42:15.180163	2023-03-12 18:42:15.180163
2511	530	16	95	4	substitute	t	2023-03-12 18:42:15.195395	2023-03-12 18:42:15.195395
2512	267	9	96	90	start	t	2023-03-12 18:42:23.695028	2023-03-12 18:42:23.695028
2514	281	9	96	90	start	t	2023-03-12 18:42:23.705277	2023-03-12 18:42:23.705277
2515	272	9	96	90	start	t	2023-03-12 18:42:23.710317	2023-03-12 18:42:23.710317
2516	277	9	96	90	start	t	2023-03-12 18:42:23.715109	2023-03-12 18:42:23.715109
2517	299	9	96	90	start	t	2023-03-12 18:42:23.719776	2023-03-12 18:42:23.719776
2519	286	9	96	90	start	t	2023-03-12 18:42:23.730245	2023-03-12 18:42:23.730245
2522	298	9	96	90	start	t	2023-03-12 18:42:23.74492	2023-03-12 18:42:23.74492
2523	1	1	96	90	start	\N	2023-03-12 18:42:23.749921	2023-03-12 18:42:23.749921
2524	11	1	96	90	start	\N	2023-03-12 18:42:23.754767	2023-03-12 18:42:23.754767
2525	5	1	96	90	start	\N	2023-03-12 18:42:23.760164	2023-03-12 18:42:23.760164
2526	8	1	96	90	start	\N	2023-03-12 18:42:23.764838	2023-03-12 18:42:23.764838
2527	12	1	96	90	start	\N	2023-03-12 18:42:23.769362	2023-03-12 18:42:23.769362
2528	19	1	96	90	start	\N	2023-03-12 18:42:23.774666	2023-03-12 18:42:23.774666
2530	26	1	96	90	start	\N	2023-03-12 18:42:23.783954	2023-03-12 18:42:23.783954
2531	16	1	96	90	start	\N	2023-03-12 18:42:23.791691	2023-03-12 18:42:23.791691
2532	25	1	96	90	start	\N	2023-03-12 18:42:23.796408	2023-03-12 18:42:23.796408
2534	882	1	96	61	substitute	\N	2023-03-12 18:42:23.831884	2023-03-12 18:42:23.831884
2533	24	1	96	29	start	\N	2023-03-12 18:42:23.801103	2023-03-12 18:42:23.834939
2535	295	9	96	23	substitute	t	2023-03-12 18:42:23.873798	2023-03-12 18:42:23.873798
2520	297	9	96	67	start	t	2023-03-12 18:42:23.734962	2023-03-12 18:42:23.876755
2536	291	9	96	15	substitute	t	2023-03-12 18:42:23.885339	2023-03-12 18:42:23.885339
2513	279	9	96	75	start	t	2023-03-12 18:42:23.700373	2023-03-12 18:42:23.88872
2537	296	9	96	14	substitute	t	2023-03-12 18:42:23.898004	2023-03-12 18:42:23.898004
2518	290	9	96	76	start	t	2023-03-12 18:42:23.72545	2023-03-12 18:42:23.900936
2538	22	1	96	7	substitute	\N	2023-03-12 18:42:23.912934	2023-03-12 18:42:23.912934
2529	17	1	96	83	start	\N	2023-03-12 18:42:23.779346	2023-03-12 18:42:23.915962
2539	759	9	96	6	substitute	t	2023-03-12 18:42:23.925851	2023-03-12 18:42:23.925851
2521	300	9	96	84	start	t	2023-03-12 18:42:23.740206	2023-03-12 18:42:23.928778
2540	10	1	96	0	substitute	\N	2023-03-12 18:42:23.946626	2023-03-12 18:42:23.946626
2541	445	14	97	90	start	t	2023-03-12 18:42:32.568734	2023-03-12 18:42:32.568734
2542	453	14	97	90	start	t	2023-03-12 18:42:32.579512	2023-03-12 18:42:32.579512
2543	448	14	97	90	start	t	2023-03-12 18:42:32.584387	2023-03-12 18:42:32.584387
2544	450	14	97	90	start	t	2023-03-12 18:42:32.589381	2023-03-12 18:42:32.589381
2546	459	14	97	90	start	t	2023-03-12 18:42:32.599851	2023-03-12 18:42:32.599851
2551	466	14	97	90	start	t	2023-03-12 18:42:32.624978	2023-03-12 18:42:32.624978
2552	200	7	97	90	start	\N	2023-03-12 18:42:32.629471	2023-03-12 18:42:32.629471
2554	208	7	97	90	start	\N	2023-03-12 18:42:32.638249	2023-03-12 18:42:32.638249
2555	206	7	97	90	start	\N	2023-03-12 18:42:32.644438	2023-03-12 18:42:32.644438
2556	204	7	97	90	start	\N	2023-03-12 18:42:32.649151	2023-03-12 18:42:32.649151
2558	213	7	97	90	start	\N	2023-03-12 18:42:32.66015	2023-03-12 18:42:32.66015
2559	217	7	97	90	start	\N	2023-03-12 18:42:32.664563	2023-03-12 18:42:32.664563
2561	222	7	97	90	start	\N	2023-03-12 18:42:32.675151	2023-03-12 18:42:32.675151
2563	458	14	97	32	substitute	t	2023-03-12 18:42:32.748663	2023-03-12 18:42:32.748663
2550	463	14	97	58	start	t	2023-03-12 18:42:32.618855	2023-03-12 18:42:32.751569
2564	216	7	97	24	substitute	\N	2023-03-12 18:42:32.771662	2023-03-12 18:42:32.771662
2562	221	7	97	66	start	\N	2023-03-12 18:42:32.680222	2023-03-12 18:42:32.77644
2565	215	7	97	24	substitute	\N	2023-03-12 18:42:32.786103	2023-03-12 18:42:32.786103
2557	214	7	97	66	start	\N	2023-03-12 18:42:32.653626	2023-03-12 18:42:32.790532
2566	467	14	97	20	substitute	t	2023-03-12 18:42:32.80086	2023-03-12 18:42:32.80086
2549	460	14	97	70	start	t	2023-03-12 18:42:32.614702	2023-03-12 18:42:32.804146
2567	464	14	97	20	substitute	t	2023-03-12 18:42:32.816266	2023-03-12 18:42:32.816266
2548	468	14	97	70	start	t	2023-03-12 18:42:32.610299	2023-03-12 18:42:32.819405
2568	462	14	97	20	substitute	t	2023-03-12 18:42:32.830944	2023-03-12 18:42:32.830944
2545	451	14	97	70	start	t	2023-03-12 18:42:32.595308	2023-03-12 18:42:32.83404
2569	454	14	97	12	substitute	t	2023-03-12 18:42:32.845235	2023-03-12 18:42:32.845235
2547	461	14	97	78	start	t	2023-03-12 18:42:32.604229	2023-03-12 18:42:32.848313
2570	223	7	97	11	substitute	\N	2023-03-12 18:42:32.860629	2023-03-12 18:42:32.860629
2560	212	7	97	79	start	\N	2023-03-12 18:42:32.669047	2023-03-12 18:42:32.863778
2571	207	7	97	11	substitute	\N	2023-03-12 18:42:32.875195	2023-03-12 18:42:32.875195
2553	201	7	97	79	start	\N	2023-03-12 18:42:32.633803	2023-03-12 18:42:32.878799
2572	33	2	98	90	start	t	2023-03-12 18:42:41.381185	2023-03-12 18:42:41.381185
2574	39	2	98	90	start	t	2023-03-12 18:42:41.408254	2023-03-12 18:42:41.408254
2575	38	2	98	90	start	t	2023-03-12 18:42:41.427377	2023-03-12 18:42:41.427377
2576	45	2	98	90	start	t	2023-03-12 18:42:41.432624	2023-03-12 18:42:41.432624
2577	53	2	98	90	start	t	2023-03-12 18:42:41.44145	2023-03-12 18:42:41.44145
2579	51	2	98	90	start	t	2023-03-12 18:42:41.452366	2023-03-12 18:42:41.452366
2583	535	17	98	90	start	\N	2023-03-12 18:42:41.470803	2023-03-12 18:42:41.470803
2584	545	17	98	90	start	\N	2023-03-12 18:42:41.475997	2023-03-12 18:42:41.475997
2586	541	17	98	90	start	\N	2023-03-12 18:42:41.484378	2023-03-12 18:42:41.484378
2582	49	2	98	66	start	t	2023-03-12 18:42:41.466362	2023-03-12 18:42:41.607447
2585	543	17	98	71	start	\N	2023-03-12 18:42:41.480377	2023-03-12 18:42:41.618748
2578	54	2	98	78	start	t	2023-03-12 18:42:41.447484	2023-03-12 18:42:41.63077
2573	36	2	98	84	start	t	2023-03-12 18:42:41.385408	2023-03-12 18:42:41.650951
2580	50	2	98	84	start	t	2023-03-12 18:42:41.457569	2023-03-12 18:42:41.675721
2581	56	2	98	84	start	t	2023-03-12 18:42:41.461965	2023-03-12 18:42:41.687174
2589	550	17	98	90	start	\N	2023-03-12 18:42:41.498497	2023-03-12 18:42:41.498497
2591	539	17	98	90	start	\N	2023-03-12 18:42:41.507169	2023-03-12 18:42:41.507169
2593	560	17	98	90	start	\N	2023-03-12 18:42:41.515584	2023-03-12 18:42:41.515584
2594	555	17	98	44	substitute	\N	2023-03-12 18:42:41.552181	2023-03-12 18:42:41.552181
2590	551	17	98	46	start	\N	2023-03-12 18:42:41.502579	2023-03-12 18:42:41.555197
2595	552	17	98	27	substitute	\N	2023-03-12 18:42:41.580531	2023-03-12 18:42:41.580531
2588	554	17	98	63	start	\N	2023-03-12 18:42:41.494262	2023-03-12 18:42:41.583133
2596	558	17	98	27	substitute	\N	2023-03-12 18:42:41.592744	2023-03-12 18:42:41.592744
2592	561	17	98	63	start	\N	2023-03-12 18:42:41.511605	2023-03-12 18:42:41.595689
2597	55	2	98	24	substitute	t	2023-03-12 18:42:41.604099	2023-03-12 18:42:41.604099
2598	553	17	98	19	substitute	\N	2023-03-12 18:42:41.616142	2023-03-12 18:42:41.616142
2599	57	2	98	12	substitute	t	2023-03-12 18:42:41.628076	2023-03-12 18:42:41.628076
2600	42	2	98	6	substitute	t	2023-03-12 18:42:41.648353	2023-03-12 18:42:41.648353
2601	559	17	98	6	substitute	\N	2023-03-12 18:42:41.660587	2023-03-12 18:42:41.660587
2587	538	17	98	84	start	\N	2023-03-12 18:42:41.489174	2023-03-12 18:42:41.66349
2602	52	2	98	6	substitute	t	2023-03-12 18:42:41.672394	2023-03-12 18:42:41.672394
2603	59	2	98	6	substitute	t	2023-03-12 18:42:41.684341	2023-03-12 18:42:41.684341
2604	601	19	99	90	start	t	2023-03-12 18:42:50.19561	2023-03-12 18:42:50.19561
2606	605	19	99	90	start	t	2023-03-12 18:42:50.205387	2023-03-12 18:42:50.205387
2607	612	19	99	90	start	t	2023-03-12 18:42:50.210394	2023-03-12 18:42:50.210394
2608	609	19	99	90	start	t	2023-03-12 18:42:50.215033	2023-03-12 18:42:50.215033
2609	626	19	99	90	start	t	2023-03-12 18:42:50.219241	2023-03-12 18:42:50.219241
2610	627	19	99	90	start	t	2023-03-12 18:42:50.224828	2023-03-12 18:42:50.224828
2611	625	19	99	90	start	t	2023-03-12 18:42:50.229373	2023-03-12 18:42:50.229373
2612	634	19	99	90	start	t	2023-03-12 18:42:50.233878	2023-03-12 18:42:50.233878
2614	621	19	99	90	start	t	2023-03-12 18:42:50.243949	2023-03-12 18:42:50.243949
2615	638	20	99	90	start	\N	2023-03-12 18:42:50.248636	2023-03-12 18:42:50.248636
2616	641	20	99	90	start	\N	2023-03-12 18:42:50.253015	2023-03-12 18:42:50.253015
2617	643	20	99	90	start	\N	2023-03-12 18:42:50.258411	2023-03-12 18:42:50.258411
2618	644	20	99	90	start	\N	2023-03-12 18:42:50.263111	2023-03-12 18:42:50.263111
2619	647	20	99	90	start	\N	2023-03-12 18:42:50.267377	2023-03-12 18:42:50.267377
2621	653	20	99	90	start	\N	2023-03-12 18:42:50.277164	2023-03-12 18:42:50.277164
2623	656	20	99	90	start	\N	2023-03-12 18:42:50.286305	2023-03-12 18:42:50.286305
2624	662	20	99	90	start	\N	2023-03-12 18:42:50.291545	2023-03-12 18:42:50.291545
2626	608	19	99	32	substitute	t	2023-03-12 18:42:50.366348	2023-03-12 18:42:50.366348
2605	611	19	99	58	start	t	2023-03-12 18:42:50.200679	2023-03-12 18:42:50.369579
2627	661	20	99	25	substitute	\N	2023-03-12 18:42:50.380777	2023-03-12 18:42:50.380777
2625	658	20	99	65	start	\N	2023-03-12 18:42:50.296415	2023-03-12 18:42:50.384002
2628	633	19	99	19	substitute	t	2023-03-12 18:42:50.395248	2023-03-12 18:42:50.395248
2613	635	19	99	71	start	t	2023-03-12 18:42:50.239078	2023-03-12 18:42:50.398301
2629	651	20	99	13	substitute	\N	2023-03-12 18:42:50.418593	2023-03-12 18:42:50.418593
2620	654	20	99	77	start	\N	2023-03-12 18:42:50.27239	2023-03-12 18:42:50.42211
2630	664	20	99	9	substitute	\N	2023-03-12 18:42:50.43337	2023-03-12 18:42:50.43337
2622	659	20	99	81	start	\N	2023-03-12 18:42:50.281777	2023-03-12 18:42:50.436472
2631	623	19	99	0	substitute	t	2023-03-12 18:42:50.500465	2023-03-12 18:42:50.500465
2632	370	12	100	90	start	t	2023-03-12 18:42:58.94752	2023-03-12 18:42:58.94752
2633	380	12	100	90	start	t	2023-03-12 18:42:58.952076	2023-03-12 18:42:58.952076
2634	378	12	100	90	start	t	2023-03-12 18:42:58.956684	2023-03-12 18:42:58.956684
2635	376	12	100	90	start	t	2023-03-12 18:42:58.961358	2023-03-12 18:42:58.961358
2636	375	12	100	90	start	t	2023-03-12 18:42:58.965501	2023-03-12 18:42:58.965501
2637	392	12	100	90	start	t	2023-03-12 18:42:58.969571	2023-03-12 18:42:58.969571
2638	394	12	100	90	start	t	2023-03-12 18:42:58.974333	2023-03-12 18:42:58.974333
2639	404	12	100	90	start	t	2023-03-12 18:42:58.978711	2023-03-12 18:42:58.978711
2641	388	12	100	90	start	t	2023-03-12 18:42:58.986723	2023-03-12 18:42:58.986723
2643	94	4	100	90	start	\N	2023-03-12 18:42:58.995462	2023-03-12 18:42:58.995462
2644	121	4	100	90	start	\N	2023-03-12 18:42:58.999311	2023-03-12 18:42:58.999311
2645	97	4	100	90	start	\N	2023-03-12 18:42:59.003266	2023-03-12 18:42:59.003266
2646	99	4	100	90	start	\N	2023-03-12 18:42:59.007617	2023-03-12 18:42:59.007617
2647	102	4	100	90	start	\N	2023-03-12 18:42:59.012168	2023-03-12 18:42:59.012168
2649	115	4	100	90	start	\N	2023-03-12 18:42:59.020155	2023-03-12 18:42:59.020155
2653	124	4	100	90	start	\N	2023-03-12 18:42:59.068014	2023-03-12 18:42:59.068014
2654	110	4	100	19	substitute	\N	2023-03-12 18:42:59.13104	2023-03-12 18:42:59.13104
2648	107	4	100	71	start	\N	2023-03-12 18:42:59.016302	2023-03-12 18:42:59.133942
2655	109	4	100	13	substitute	\N	2023-03-12 18:42:59.143542	2023-03-12 18:42:59.143542
2650	123	4	100	77	start	\N	2023-03-12 18:42:59.024786	2023-03-12 18:42:59.146323
2656	114	4	100	13	substitute	\N	2023-03-12 18:42:59.154929	2023-03-12 18:42:59.154929
2651	113	4	100	77	start	\N	2023-03-12 18:42:59.053024	2023-03-12 18:42:59.158252
2657	402	12	100	10	substitute	t	2023-03-12 18:42:59.166969	2023-03-12 18:42:59.166969
2642	401	12	100	80	start	t	2023-03-12 18:42:58.99124	2023-03-12 18:42:59.169564
2658	382	12	100	6	substitute	t	2023-03-12 18:42:59.186451	2023-03-12 18:42:59.186451
2640	390	12	100	84	start	t	2023-03-12 18:42:58.982834	2023-03-12 18:42:59.189375
2659	98	4	100	1	substitute	\N	2023-03-12 18:42:59.198541	2023-03-12 18:42:59.198541
2652	108	4	100	89	start	\N	2023-03-12 18:42:59.063552	2023-03-12 18:42:59.201294
2660	391	12	100	0	substitute	t	2023-03-12 18:42:59.210392	2023-03-12 18:42:59.210392
2661	638	20	101	90	start	t	2023-03-12 18:43:07.77275	2023-03-12 18:43:07.77275
2662	641	20	101	90	start	t	2023-03-12 18:43:07.778368	2023-03-12 18:43:07.778368
2663	643	20	101	90	start	t	2023-03-12 18:43:07.782685	2023-03-12 18:43:07.782685
2664	644	20	101	90	start	t	2023-03-12 18:43:07.789681	2023-03-12 18:43:07.789681
2665	647	20	101	90	start	t	2023-03-12 18:43:07.795877	2023-03-12 18:43:07.795877
2667	653	20	101	90	start	t	2023-03-12 18:43:07.806511	2023-03-12 18:43:07.806511
2670	661	20	101	90	start	t	2023-03-12 18:43:07.822014	2023-03-12 18:43:07.822014
2671	662	20	101	90	start	t	2023-03-12 18:43:07.827345	2023-03-12 18:43:07.827345
2672	407	13	101	90	start	\N	2023-03-12 18:43:07.83208	2023-03-12 18:43:07.83208
2673	412	13	101	90	start	\N	2023-03-12 18:43:07.836207	2023-03-12 18:43:07.836207
2674	411	13	101	90	start	\N	2023-03-12 18:43:07.842505	2023-03-12 18:43:07.842505
2677	426	13	101	90	start	\N	2023-03-12 18:43:07.859271	2023-03-12 18:43:07.859271
2679	413	13	101	90	start	\N	2023-03-12 18:43:07.869027	2023-03-12 18:43:07.869027
2680	427	13	101	90	start	\N	2023-03-12 18:43:07.874241	2023-03-12 18:43:07.874241
2683	416	13	101	44	substitute	\N	2023-03-12 18:43:07.916225	2023-03-12 18:43:07.916225
2675	417	13	101	46	start	\N	2023-03-12 18:43:07.84812	2023-03-12 18:43:07.919508
2684	415	13	101	44	substitute	\N	2023-03-12 18:43:07.93073	2023-03-12 18:43:07.93073
2682	439	13	101	58	start	\N	2023-03-12 18:43:07.88466	2023-03-12 18:43:07.948576
2678	424	13	101	65	start	\N	2023-03-12 18:43:07.864528	2023-03-12 18:43:07.972069
2669	663	20	101	66	start	t	2023-03-12 18:43:07.817091	2023-03-12 18:43:07.998236
2668	654	20	101	73	start	t	2023-03-12 18:43:07.812357	2023-03-12 18:43:08.012627
2666	659	20	101	78	start	t	2023-03-12 18:43:07.800931	2023-03-12 18:43:08.026412
2676	440	13	101	89	start	\N	2023-03-12 18:43:07.853124	2023-03-12 18:43:08.050875
2681	431	13	101	46	start	\N	2023-03-12 18:43:07.879792	2023-03-12 18:43:07.933699
2685	430	13	101	32	substitute	\N	2023-03-12 18:43:07.945193	2023-03-12 18:43:07.945193
2686	422	13	101	25	substitute	\N	2023-03-12 18:43:07.968746	2023-03-12 18:43:07.968746
2687	656	20	101	24	substitute	t	2023-03-12 18:43:07.99471	2023-03-12 18:43:07.99471
2688	658	20	101	17	substitute	t	2023-03-12 18:43:08.008368	2023-03-12 18:43:08.008368
2689	651	20	101	12	substitute	t	2023-03-12 18:43:08.022472	2023-03-12 18:43:08.022472
2690	441	13	101	1	substitute	\N	2023-03-12 18:43:08.047883	2023-03-12 18:43:08.047883
2691	535	17	102	90	start	t	2023-03-12 18:43:16.578789	2023-03-12 18:43:16.578789
2692	545	17	102	90	start	t	2023-03-12 18:43:16.585317	2023-03-12 18:43:16.585317
2693	541	17	102	90	start	t	2023-03-12 18:43:16.592314	2023-03-12 18:43:16.592314
2694	543	17	102	90	start	t	2023-03-12 18:43:16.597666	2023-03-12 18:43:16.597666
2697	555	17	102	90	start	t	2023-03-12 18:43:16.611955	2023-03-12 18:43:16.611955
2700	560	17	102	90	start	t	2023-03-12 18:43:16.62584	2023-03-12 18:43:16.62584
2702	469	15	102	90	start	\N	2023-03-12 18:43:16.634399	2023-03-12 18:43:16.634399
2703	478	15	102	90	start	\N	2023-03-12 18:43:16.638847	2023-03-12 18:43:16.638847
2704	473	15	102	90	start	\N	2023-03-12 18:43:16.643592	2023-03-12 18:43:16.643592
2705	474	15	102	90	start	\N	2023-03-12 18:43:16.647988	2023-03-12 18:43:16.647988
2707	483	15	102	90	start	\N	2023-03-12 18:43:16.656685	2023-03-12 18:43:16.656685
2708	484	15	102	90	start	\N	2023-03-12 18:43:16.661321	2023-03-12 18:43:16.661321
2709	490	15	102	90	start	\N	2023-03-12 18:43:16.665649	2023-03-12 18:43:16.665649
2711	497	15	102	90	start	\N	2023-03-12 18:43:16.674117	2023-03-12 18:43:16.674117
2713	489	15	102	44	substitute	\N	2023-03-12 18:43:16.715161	2023-03-12 18:43:16.715161
2706	477	15	102	46	start	\N	2023-03-12 18:43:16.652023	2023-03-12 18:43:16.718125
2714	486	15	102	22	substitute	\N	2023-03-12 18:43:16.7365	2023-03-12 18:43:16.7365
2712	485	15	102	68	start	\N	2023-03-12 18:43:16.678854	2023-03-12 18:43:16.739545
2715	499	15	102	21	substitute	\N	2023-03-12 18:43:16.748898	2023-03-12 18:43:16.748898
2710	496	15	102	69	start	\N	2023-03-12 18:43:16.66954	2023-03-12 18:43:16.751752
2716	554	17	102	19	substitute	t	2023-03-12 18:43:16.761657	2023-03-12 18:43:16.761657
2696	552	17	102	71	start	t	2023-03-12 18:43:16.607283	2023-03-12 18:43:16.764513
2717	546	17	102	19	substitute	t	2023-03-12 18:43:16.773747	2023-03-12 18:43:16.773747
2701	558	17	102	71	start	t	2023-03-12 18:43:16.630169	2023-03-12 18:43:16.776751
2718	551	17	102	10	substitute	t	2023-03-12 18:43:16.785334	2023-03-12 18:43:16.785334
2698	550	17	102	80	start	t	2023-03-12 18:43:16.616302	2023-03-12 18:43:16.788718
2719	549	17	102	10	substitute	t	2023-03-12 18:43:16.797964	2023-03-12 18:43:16.797964
2699	561	17	102	80	start	t	2023-03-12 18:43:16.620661	2023-03-12 18:43:16.80069
2720	559	17	102	3	substitute	t	2023-03-12 18:43:16.811936	2023-03-12 18:43:16.811936
2695	539	17	102	87	start	t	2023-03-12 18:43:16.602291	2023-03-12 18:43:16.814954
2721	94	4	103	90	start	t	2023-03-12 18:43:25.32789	2023-03-12 18:43:25.32789
2722	121	4	103	90	start	t	2023-03-12 18:43:25.332562	2023-03-12 18:43:25.332562
2723	101	4	103	90	start	t	2023-03-12 18:43:25.336762	2023-03-12 18:43:25.336762
2724	99	4	103	90	start	t	2023-03-12 18:43:25.373677	2023-03-12 18:43:25.373677
2725	102	4	103	90	start	t	2023-03-12 18:43:25.381244	2023-03-12 18:43:25.381244
2727	115	4	103	90	start	t	2023-03-12 18:43:25.395193	2023-03-12 18:43:25.395193
2731	120	4	103	90	start	t	2023-03-12 18:43:25.413943	2023-03-12 18:43:25.413943
2732	61	3	103	90	start	\N	2023-03-12 18:43:25.41825	2023-03-12 18:43:25.41825
2733	64	3	103	90	start	\N	2023-03-12 18:43:25.422814	2023-03-12 18:43:25.422814
2734	67	3	103	90	start	\N	2023-03-12 18:43:25.42758	2023-03-12 18:43:25.42758
2735	71	3	103	90	start	\N	2023-03-12 18:43:25.431931	2023-03-12 18:43:25.431931
2736	68	3	103	90	start	\N	2023-03-12 18:43:25.436026	2023-03-12 18:43:25.436026
2737	75	3	103	90	start	\N	2023-03-12 18:43:25.440623	2023-03-12 18:43:25.440623
2738	77	3	103	90	start	\N	2023-03-12 18:43:25.445047	2023-03-12 18:43:25.445047
2743	110	4	103	44	substitute	t	2023-03-12 18:43:25.507437	2023-03-12 18:43:25.507437
2726	107	4	103	46	start	t	2023-03-12 18:43:25.388188	2023-03-12 18:43:25.510673
2744	122	4	103	44	substitute	t	2023-03-12 18:43:25.519539	2023-03-12 18:43:25.519539
2728	123	4	103	46	start	t	2023-03-12 18:43:25.399763	2023-03-12 18:43:25.522691
2745	109	4	103	28	substitute	t	2023-03-12 18:43:25.548362	2023-03-12 18:43:25.548362
2730	108	4	103	62	start	t	2023-03-12 18:43:25.40952	2023-03-12 18:43:25.551102
2746	92	3	103	15	substitute	\N	2023-03-12 18:43:25.560563	2023-03-12 18:43:25.560563
2741	81	3	103	75	start	\N	2023-03-12 18:43:25.458345	2023-03-12 18:43:25.563461
2747	72	3	103	10	substitute	\N	2023-03-12 18:43:25.572418	2023-03-12 18:43:25.572418
2740	85	3	103	80	start	\N	2023-03-12 18:43:25.453711	2023-03-12 18:43:25.575513
2748	124	4	103	3	substitute	t	2023-03-12 18:43:25.584171	2023-03-12 18:43:25.584171
2729	113	4	103	87	start	t	2023-03-12 18:43:25.40464	2023-03-12 18:43:25.586963
2749	69	3	103	1	substitute	\N	2023-03-12 18:43:25.59615	2023-03-12 18:43:25.59615
2739	78	3	103	89	start	\N	2023-03-12 18:43:25.449578	2023-03-12 18:43:25.59908
2750	91	3	103	1	substitute	\N	2023-03-12 18:43:25.608252	2023-03-12 18:43:25.608252
2742	89	3	103	89	start	\N	2023-03-12 18:43:25.462987	2023-03-12 18:43:25.6114
2751	564	18	104	90	start	t	2023-03-12 18:43:34.098108	2023-03-12 18:43:34.098108
2752	575	18	104	90	start	t	2023-03-12 18:43:34.102711	2023-03-12 18:43:34.102711
2753	570	18	104	90	start	t	2023-03-12 18:43:34.107243	2023-03-12 18:43:34.107243
2754	571	18	104	90	start	t	2023-03-12 18:43:34.112057	2023-03-12 18:43:34.112057
2755	574	18	104	90	start	t	2023-03-12 18:43:34.116092	2023-03-12 18:43:34.116092
2756	584	18	104	90	start	t	2023-03-12 18:43:34.120515	2023-03-12 18:43:34.120515
2758	581	18	104	90	start	t	2023-03-12 18:43:34.16501	2023-03-12 18:43:34.16501
2762	228	8	104	90	start	\N	2023-03-12 18:43:34.18799	2023-03-12 18:43:34.18799
2764	236	8	104	90	start	\N	2023-03-12 18:43:34.197818	2023-03-12 18:43:34.197818
2765	235	8	104	90	start	\N	2023-03-12 18:43:34.202022	2023-03-12 18:43:34.202022
2766	239	8	104	90	start	\N	2023-03-12 18:43:34.206851	2023-03-12 18:43:34.206851
2767	244	8	104	90	start	\N	2023-03-12 18:43:34.211629	2023-03-12 18:43:34.211629
2761	595	18	104	46	start	t	2023-03-12 18:43:34.18376	2023-03-12 18:43:34.259033
2759	583	18	104	75	start	t	2023-03-12 18:43:34.172005	2023-03-12 18:43:34.295686
2763	234	8	104	76	start	\N	2023-03-12 18:43:34.193305	2023-03-12 18:43:34.307418
2757	582	18	104	84	start	t	2023-03-12 18:43:34.157289	2023-03-12 18:43:34.344478
2760	596	18	104	89	start	t	2023-03-12 18:43:34.17892	2023-03-12 18:43:34.356558
2768	251	8	104	90	start	\N	2023-03-12 18:43:34.215961	2023-03-12 18:43:34.215961
2771	261	8	104	90	start	\N	2023-03-12 18:43:34.229305	2023-03-12 18:43:34.229305
2773	592	18	104	44	substitute	t	2023-03-12 18:43:34.255622	2023-03-12 18:43:34.255622
2774	248	8	104	17	substitute	\N	2023-03-12 18:43:34.27983	2023-03-12 18:43:34.27983
2770	246	8	104	73	start	\N	2023-03-12 18:43:34.224777	2023-03-12 18:43:34.282688
2775	586	18	104	15	substitute	t	2023-03-12 18:43:34.292146	2023-03-12 18:43:34.292146
2776	233	8	104	14	substitute	\N	2023-03-12 18:43:34.304352	2023-03-12 18:43:34.304352
2777	237	8	104	8	substitute	\N	2023-03-12 18:43:34.31686	2023-03-12 18:43:34.31686
2769	245	8	104	82	start	\N	2023-03-12 18:43:34.220094	2023-03-12 18:43:34.319606
2778	262	8	104	8	substitute	\N	2023-03-12 18:43:34.329256	2023-03-12 18:43:34.329256
2772	260	8	104	82	start	\N	2023-03-12 18:43:34.235437	2023-03-12 18:43:34.332005
2779	593	18	104	6	substitute	t	2023-03-12 18:43:34.340983	2023-03-12 18:43:34.340983
2780	598	18	104	1	substitute	t	2023-03-12 18:43:34.353213	2023-03-12 18:43:34.353213
2781	302	10	105	90	start	t	2023-03-12 18:43:42.860398	2023-03-12 18:43:42.860398
2782	313	10	105	90	start	t	2023-03-12 18:43:42.865418	2023-03-12 18:43:42.865418
2783	310	10	105	90	start	t	2023-03-12 18:43:42.869677	2023-03-12 18:43:42.869677
2784	306	10	105	90	start	t	2023-03-12 18:43:42.874809	2023-03-12 18:43:42.874809
2785	305	10	105	90	start	t	2023-03-12 18:43:42.87944	2023-03-12 18:43:42.87944
2787	318	10	105	90	start	t	2023-03-12 18:43:42.888871	2023-03-12 18:43:42.888871
2789	320	10	105	90	start	t	2023-03-12 18:43:42.897906	2023-03-12 18:43:42.897906
2792	502	16	105	90	start	\N	2023-03-12 18:43:42.911433	2023-03-12 18:43:42.911433
2793	506	16	105	90	start	\N	2023-03-12 18:43:42.915883	2023-03-12 18:43:42.915883
2794	510	16	105	90	start	\N	2023-03-12 18:43:42.920145	2023-03-12 18:43:42.920145
2795	509	16	105	90	start	\N	2023-03-12 18:43:42.956327	2023-03-12 18:43:42.956327
2797	519	16	105	90	start	\N	2023-03-12 18:43:42.971584	2023-03-12 18:43:42.971584
2799	518	16	105	90	start	\N	2023-03-12 18:43:42.982355	2023-03-12 18:43:42.982355
2800	528	16	105	90	start	\N	2023-03-12 18:43:42.986566	2023-03-12 18:43:42.986566
2803	514	16	105	34	substitute	\N	2023-03-12 18:43:43.023608	2023-03-12 18:43:43.023608
2796	507	16	105	56	start	\N	2023-03-12 18:43:42.965986	2023-03-12 18:43:43.026725
2804	516	16	105	34	substitute	\N	2023-03-12 18:43:43.035789	2023-03-12 18:43:43.035789
2798	522	16	105	56	start	\N	2023-03-12 18:43:42.977713	2023-03-12 18:43:43.038854
2805	321	10	105	25	substitute	t	2023-03-12 18:43:43.048189	2023-03-12 18:43:43.048189
2786	325	10	105	65	start	t	2023-03-12 18:43:42.88404	2023-03-12 18:43:43.050793
2806	327	10	105	25	substitute	t	2023-03-12 18:43:43.06024	2023-03-12 18:43:43.06024
2791	330	10	105	65	start	t	2023-03-12 18:43:42.906677	2023-03-12 18:43:43.063238
2807	517	16	105	25	substitute	\N	2023-03-12 18:43:43.071887	2023-03-12 18:43:43.071887
2801	531	16	105	65	start	\N	2023-03-12 18:43:42.991597	2023-03-12 18:43:43.075014
2808	530	16	105	13	substitute	\N	2023-03-12 18:43:43.083798	2023-03-12 18:43:43.083798
2802	529	16	105	77	start	\N	2023-03-12 18:43:42.996337	2023-03-12 18:43:43.086377
2809	323	10	105	8	substitute	t	2023-03-12 18:43:43.103724	2023-03-12 18:43:43.103724
2788	317	10	105	82	start	t	2023-03-12 18:43:42.893389	2023-03-12 18:43:43.106805
2810	328	10	105	5	substitute	t	2023-03-12 18:43:43.115723	2023-03-12 18:43:43.115723
2790	316	10	105	85	start	t	2023-03-12 18:43:42.902089	2023-03-12 18:43:43.118354
2811	158	6	106	90	start	t	2023-03-12 18:43:51.595248	2023-03-12 18:43:51.595248
2812	178	6	106	90	start	t	2023-03-12 18:43:51.602448	2023-03-12 18:43:51.602448
2813	164	6	106	90	start	t	2023-03-12 18:43:51.60746	2023-03-12 18:43:51.60746
2814	165	6	106	90	start	t	2023-03-12 18:43:51.613179	2023-03-12 18:43:51.613179
2815	169	6	106	90	start	t	2023-03-12 18:43:51.618124	2023-03-12 18:43:51.618124
2817	177	6	106	90	start	t	2023-03-12 18:43:51.627766	2023-03-12 18:43:51.627766
2820	190	6	106	90	start	t	2023-03-12 18:43:51.643104	2023-03-12 18:43:51.643104
2821	189	6	106	90	start	t	2023-03-12 18:43:51.648084	2023-03-12 18:43:51.648084
2822	445	14	106	90	start	\N	2023-03-12 18:43:51.652598	2023-03-12 18:43:51.652598
2823	453	14	106	90	start	\N	2023-03-12 18:43:51.657869	2023-03-12 18:43:51.657869
2824	448	14	106	90	start	\N	2023-03-12 18:43:51.663968	2023-03-12 18:43:51.663968
2825	450	14	106	90	start	\N	2023-03-12 18:43:51.668517	2023-03-12 18:43:51.668517
2826	451	14	106	90	start	\N	2023-03-12 18:43:51.672914	2023-03-12 18:43:51.672914
2827	459	14	106	90	start	\N	2023-03-12 18:43:51.678761	2023-03-12 18:43:51.678761
2828	461	14	106	90	start	\N	2023-03-12 18:43:51.68366	2023-03-12 18:43:51.68366
2829	463	14	106	90	start	\N	2023-03-12 18:43:51.688182	2023-03-12 18:43:51.688182
2830	460	14	106	90	start	\N	2023-03-12 18:43:51.693552	2023-03-12 18:43:51.693552
2832	466	14	106	90	start	\N	2023-03-12 18:43:51.703546	2023-03-12 18:43:51.703546
2833	192	6	106	18	substitute	t	2023-03-12 18:43:51.773816	2023-03-12 18:43:51.773816
2819	188	6	106	72	start	t	2023-03-12 18:43:51.637697	2023-03-12 18:43:51.77765
2834	184	6	106	17	substitute	t	2023-03-12 18:43:51.788021	2023-03-12 18:43:51.788021
2818	183	6	106	73	start	t	2023-03-12 18:43:51.633251	2023-03-12 18:43:51.791388
2835	180	6	106	17	substitute	t	2023-03-12 18:43:51.802366	2023-03-12 18:43:51.802366
2816	176	6	106	73	start	t	2023-03-12 18:43:51.622696	2023-03-12 18:43:51.806129
2836	467	14	106	1	substitute	\N	2023-03-12 18:43:51.847496	2023-03-12 18:43:51.847496
2831	457	14	106	89	start	\N	2023-03-12 18:43:51.699157	2023-03-12 18:43:51.850782
2837	173	6	106	0	substitute	t	2023-03-12 18:43:51.871913	2023-03-12 18:43:51.871913
2838	167	6	106	0	substitute	t	2023-03-12 18:43:51.885273	2023-03-12 18:43:51.885273
2839	1	1	107	90	start	t	2023-03-12 18:44:00.395665	2023-03-12 18:44:00.395665
2840	11	1	107	90	start	t	2023-03-12 18:44:00.400171	2023-03-12 18:44:00.400171
2841	10	1	107	90	start	t	2023-03-12 18:44:00.404454	2023-03-12 18:44:00.404454
2842	8	1	107	90	start	t	2023-03-12 18:44:00.40886	2023-03-12 18:44:00.40886
2843	12	1	107	90	start	t	2023-03-12 18:44:00.413442	2023-03-12 18:44:00.413442
2844	19	1	107	90	start	t	2023-03-12 18:44:00.417613	2023-03-12 18:44:00.417613
2845	18	1	107	90	start	t	2023-03-12 18:44:00.422242	2023-03-12 18:44:00.422242
2846	26	1	107	90	start	t	2023-03-12 18:44:00.426587	2023-03-12 18:44:00.426587
2847	16	1	107	90	start	t	2023-03-12 18:44:00.431155	2023-03-12 18:44:00.431155
2848	27	1	107	90	start	t	2023-03-12 18:44:00.435056	2023-03-12 18:44:00.435056
2850	33	2	107	90	start	\N	2023-03-12 18:44:00.443962	2023-03-12 18:44:00.443962
2851	36	2	107	90	start	\N	2023-03-12 18:44:00.448732	2023-03-12 18:44:00.448732
2852	39	2	107	90	start	\N	2023-03-12 18:44:00.453005	2023-03-12 18:44:00.453005
2849	882	1	107	72	start	t	2023-03-12 18:44:00.439562	2023-03-12 18:44:00.598867
2853	38	2	107	90	start	\N	2023-03-12 18:44:00.457812	2023-03-12 18:44:00.457812
2855	53	2	107	90	start	\N	2023-03-12 18:44:00.467372	2023-03-12 18:44:00.467372
2857	55	2	107	90	start	\N	2023-03-12 18:44:00.476396	2023-03-12 18:44:00.476396
2858	50	2	107	90	start	\N	2023-03-12 18:44:00.481351	2023-03-12 18:44:00.481351
2861	48	2	107	31	substitute	\N	2023-03-12 18:44:00.520423	2023-03-12 18:44:00.520423
2860	49	2	107	59	start	\N	2023-03-12 18:44:00.490279	2023-03-12 18:44:00.523905
2862	25	1	107	18	substitute	t	2023-03-12 18:44:00.595358	2023-03-12 18:44:00.595358
2863	51	2	107	12	substitute	\N	2023-03-12 18:44:00.609061	2023-03-12 18:44:00.609061
2856	54	2	107	78	start	\N	2023-03-12 18:44:00.471832	2023-03-12 18:44:00.612517
2864	42	2	107	12	substitute	\N	2023-03-12 18:44:00.622103	2023-03-12 18:44:00.622103
2854	45	2	107	78	start	\N	2023-03-12 18:44:00.463016	2023-03-12 18:44:00.625235
2865	59	2	107	12	substitute	\N	2023-03-12 18:44:00.634884	2023-03-12 18:44:00.634884
2859	56	2	107	78	start	\N	2023-03-12 18:44:00.485579	2023-03-12 18:44:00.638337
2866	40	2	107	0	substitute	\N	2023-03-12 18:44:00.648116	2023-03-12 18:44:00.648116
2867	200	7	108	90	start	t	2023-03-12 18:44:09.154349	2023-03-12 18:44:09.154349
2868	201	7	108	90	start	t	2023-03-12 18:44:09.160751	2023-03-12 18:44:09.160751
2870	206	7	108	90	start	t	2023-03-12 18:44:09.174075	2023-03-12 18:44:09.174075
2871	204	7	108	90	start	t	2023-03-12 18:44:09.181208	2023-03-12 18:44:09.181208
2872	213	7	108	90	start	t	2023-03-12 18:44:09.227837	2023-03-12 18:44:09.227837
2874	216	7	108	90	start	t	2023-03-12 18:44:09.242639	2023-03-12 18:44:09.242639
2878	370	12	108	90	start	\N	2023-03-12 18:44:09.268273	2023-03-12 18:44:09.268273
2879	374	12	108	90	start	\N	2023-03-12 18:44:09.276366	2023-03-12 18:44:09.276366
2880	380	12	108	90	start	\N	2023-03-12 18:44:09.282898	2023-03-12 18:44:09.282898
2881	375	12	108	90	start	\N	2023-03-12 18:44:09.298524	2023-03-12 18:44:09.298524
2882	377	12	108	90	start	\N	2023-03-12 18:44:09.305097	2023-03-12 18:44:09.305097
2883	392	12	108	90	start	\N	2023-03-12 18:44:09.315928	2023-03-12 18:44:09.315928
2884	394	12	108	90	start	\N	2023-03-12 18:44:09.325318	2023-03-12 18:44:09.325318
2886	404	12	108	90	start	\N	2023-03-12 18:44:09.342268	2023-03-12 18:44:09.342268
2889	203	7	108	48	substitute	t	2023-03-12 18:44:09.379814	2023-03-12 18:44:09.379814
2869	208	7	108	42	start	t	2023-03-12 18:44:09.166581	2023-03-12 18:44:09.383715
2890	405	12	108	31	substitute	\N	2023-03-12 18:44:09.422001	2023-03-12 18:44:09.422001
2885	382	12	108	59	start	\N	2023-03-12 18:44:09.332091	2023-03-12 18:44:09.426827
2891	214	7	108	16	substitute	t	2023-03-12 18:44:09.452015	2023-03-12 18:44:09.452015
2877	221	7	108	74	start	t	2023-03-12 18:44:09.261857	2023-03-12 18:44:09.456016
2892	223	7	108	16	substitute	t	2023-03-12 18:44:09.469673	2023-03-12 18:44:09.469673
2876	222	7	108	74	start	t	2023-03-12 18:44:09.255974	2023-03-12 18:44:09.473919
2893	224	7	108	16	substitute	t	2023-03-12 18:44:09.485974	2023-03-12 18:44:09.485974
2875	212	7	108	74	start	t	2023-03-12 18:44:09.25041	2023-03-12 18:44:09.489896
2894	217	7	108	15	substitute	t	2023-03-12 18:44:09.501706	2023-03-12 18:44:09.501706
2873	211	7	108	75	start	t	2023-03-12 18:44:09.233635	2023-03-12 18:44:09.505347
2895	389	12	108	3	substitute	\N	2023-03-12 18:44:09.563772	2023-03-12 18:44:09.563772
2887	401	12	108	87	start	\N	2023-03-12 18:44:09.34812	2023-03-12 18:44:09.568674
2896	402	12	108	3	substitute	\N	2023-03-12 18:44:09.5816	2023-03-12 18:44:09.5816
2888	390	12	108	87	start	\N	2023-03-12 18:44:09.353355	2023-03-12 18:44:09.584968
2897	331	11	109	90	start	t	2023-03-12 18:44:18.069371	2023-03-12 18:44:18.069371
2899	338	11	109	90	start	t	2023-03-12 18:44:18.079722	2023-03-12 18:44:18.079722
2900	342	11	109	90	start	t	2023-03-12 18:44:18.084349	2023-03-12 18:44:18.084349
2901	335	11	109	90	start	t	2023-03-12 18:44:18.08936	2023-03-12 18:44:18.08936
2902	350	11	109	90	start	t	2023-03-12 18:44:18.0942	2023-03-12 18:44:18.0942
2903	355	11	109	90	start	t	2023-03-12 18:44:18.09926	2023-03-12 18:44:18.09926
2904	351	11	109	90	start	t	2023-03-12 18:44:18.103903	2023-03-12 18:44:18.103903
2906	363	11	109	90	start	t	2023-03-12 18:44:18.114345	2023-03-12 18:44:18.114345
2907	365	11	109	90	start	t	2023-03-12 18:44:18.11899	2023-03-12 18:44:18.11899
2908	267	9	109	90	start	\N	2023-03-12 18:44:18.124451	2023-03-12 18:44:18.124451
2910	272	9	109	90	start	\N	2023-03-12 18:44:18.134189	2023-03-12 18:44:18.134189
2911	281	9	109	90	start	\N	2023-03-12 18:44:18.139131	2023-03-12 18:44:18.139131
2912	277	9	109	90	start	\N	2023-03-12 18:44:18.144037	2023-03-12 18:44:18.144037
2913	295	9	109	90	start	\N	2023-03-12 18:44:18.148824	2023-03-12 18:44:18.148824
2914	299	9	109	90	start	\N	2023-03-12 18:44:18.153348	2023-03-12 18:44:18.153348
2916	286	9	109	90	start	\N	2023-03-12 18:44:18.163005	2023-03-12 18:44:18.163005
2917	298	9	109	90	start	\N	2023-03-12 18:44:18.167783	2023-03-12 18:44:18.167783
2919	356	11	109	38	substitute	t	2023-03-12 18:44:18.238914	2023-03-12 18:44:18.238914
2905	364	11	109	52	start	t	2023-03-12 18:44:18.109105	2023-03-12 18:44:18.242689
2920	296	9	109	24	substitute	\N	2023-03-12 18:44:18.271296	2023-03-12 18:44:18.271296
2918	300	9	109	66	start	\N	2023-03-12 18:44:18.171993	2023-03-12 18:44:18.274796
2921	291	9	109	23	substitute	\N	2023-03-12 18:44:18.287136	2023-03-12 18:44:18.287136
2909	279	9	109	67	start	\N	2023-03-12 18:44:18.129479	2023-03-12 18:44:18.290808
2922	759	9	109	9	substitute	\N	2023-03-12 18:44:18.311398	2023-03-12 18:44:18.311398
2915	290	9	109	81	start	\N	2023-03-12 18:44:18.157972	2023-03-12 18:44:18.333286
2923	336	11	109	3	substitute	t	2023-03-12 18:44:18.383953	2023-03-12 18:44:18.383953
2898	339	11	109	87	start	t	2023-03-12 18:44:18.074591	2023-03-12 18:44:18.38714
2924	340	11	109	0	substitute	t	2023-03-12 18:44:18.398165	2023-03-12 18:44:18.398165
2925	349	11	109	0	substitute	t	2023-03-12 18:44:18.445369	2023-03-12 18:44:18.445369
2926	367	11	109	0	substitute	t	2023-03-12 18:44:18.467007	2023-03-12 18:44:18.467007
2927	127	5	110	90	start	t	2023-03-12 18:44:26.974514	2023-03-12 18:44:26.974514
2928	133	5	110	90	start	t	2023-03-12 18:44:26.979234	2023-03-12 18:44:26.979234
2929	135	5	110	90	start	t	2023-03-12 18:44:26.983776	2023-03-12 18:44:26.983776
2930	136	5	110	90	start	t	2023-03-12 18:44:26.987975	2023-03-12 18:44:26.987975
2931	130	5	110	90	start	t	2023-03-12 18:44:26.992565	2023-03-12 18:44:26.992565
2932	140	5	110	90	start	t	2023-03-12 18:44:26.99864	2023-03-12 18:44:26.99864
2935	143	5	110	90	start	t	2023-03-12 18:44:27.012733	2023-03-12 18:44:27.012733
2936	141	5	110	90	start	t	2023-03-12 18:44:27.017482	2023-03-12 18:44:27.017482
2938	601	19	110	90	start	\N	2023-03-12 18:44:27.026547	2023-03-12 18:44:27.026547
2939	608	19	110	90	start	\N	2023-03-12 18:44:27.032002	2023-03-12 18:44:27.032002
2940	605	19	110	90	start	\N	2023-03-12 18:44:27.036291	2023-03-12 18:44:27.036291
2941	612	19	110	90	start	\N	2023-03-12 18:44:27.040927	2023-03-12 18:44:27.040927
2943	626	19	110	90	start	\N	2023-03-12 18:44:27.050498	2023-03-12 18:44:27.050498
2946	634	19	110	90	start	\N	2023-03-12 18:44:27.064791	2023-03-12 18:44:27.064791
2948	621	19	110	90	start	\N	2023-03-12 18:44:27.074012	2023-03-12 18:44:27.074012
2949	619	19	110	20	substitute	\N	2023-03-12 18:44:27.113587	2023-03-12 18:44:27.113587
2945	625	19	110	70	start	\N	2023-03-12 18:44:27.059743	2023-03-12 18:44:27.117452
2950	622	19	110	20	substitute	\N	2023-03-12 18:44:27.127466	2023-03-12 18:44:27.127466
2937	154	5	110	82	start	t	2023-03-12 18:44:27.02223	2023-03-12 18:44:27.154708
2933	144	5	110	82	start	t	2023-03-12 18:44:27.002976	2023-03-12 18:44:27.167581
2944	627	19	110	84	start	\N	2023-03-12 18:44:27.05516	2023-03-12 18:44:27.180199
2934	156	5	110	85	start	t	2023-03-12 18:44:27.007681	2023-03-12 18:44:27.224235
2942	609	19	110	89	start	\N	2023-03-12 18:44:27.04584	2023-03-12 18:44:27.243855
2947	635	19	110	70	start	\N	2023-03-12 18:44:27.069398	2023-03-12 18:44:27.131402
2951	150	5	110	8	substitute	t	2023-03-12 18:44:27.151784	2023-03-12 18:44:27.151784
2952	139	5	110	8	substitute	t	2023-03-12 18:44:27.164662	2023-03-12 18:44:27.164662
2953	632	19	110	6	substitute	\N	2023-03-12 18:44:27.176878	2023-03-12 18:44:27.176878
2954	134	5	110	5	substitute	t	2023-03-12 18:44:27.220656	2023-03-12 18:44:27.220656
2955	633	19	110	1	substitute	\N	2023-03-12 18:44:27.240222	2023-03-12 18:44:27.240222
\.


--
-- Data for Name: ar_internal_metadata; Type: TABLE DATA; Schema: public; Owner: goldsmid
--

COPY public.ar_internal_metadata (key, value, created_at, updated_at) FROM stdin;
environment	development	2022-12-14 18:23:28.974449	2022-12-14 18:23:28.974449
\.


--
-- Data for Name: cards; Type: TABLE DATA; Schema: public; Owner: goldsmid
--

COPY public.cards (id, player_season_id, team_season_id, fixture_id, minute, card_type, is_home, created_at, updated_at, appearance_id) FROM stdin;
1	57	2	14	22	yellow	\N	2023-03-12 18:08:51.611674	2023-03-12 18:08:51.611674	22
2	484	15	14	34	yellow	t	2023-03-12 18:08:51.62255	2023-03-12 18:08:51.62255	6
3	483	15	14	58	yellow	t	2023-03-12 18:08:51.631513	2023-03-12 18:08:51.631513	5
4	55	2	14	58	yellow	\N	2023-03-12 18:08:51.641543	2023-03-12 18:08:51.641543	19
5	39	2	14	90	yellow	\N	2023-03-12 18:08:51.774361	2023-03-12 18:08:51.774361	14
6	414	13	15	41	yellow	t	2023-03-12 18:09:00.40614	2023-03-12 18:09:00.40614	30
7	409	13	15	62	yellow	t	2023-03-12 18:09:00.428815	2023-03-12 18:09:00.428815	29
8	431	13	15	86	yellow	t	2023-03-12 18:09:00.535428	2023-03-12 18:09:00.535428	38
9	191	6	16	40	yellow	t	2023-03-12 18:09:09.137547	2023-03-12 18:09:09.137547	69
10	192	6	16	57	red	t	2023-03-12 18:09:09.145249	2023-03-12 18:09:09.145249	68
11	510	16	16	57	yellow	\N	2023-03-12 18:09:09.184236	2023-03-12 18:09:09.184236	73
12	506	16	16	68	yellow	\N	2023-03-12 18:09:09.258417	2023-03-12 18:09:09.258417	72
13	531	16	16	88	yellow	\N	2023-03-12 18:09:09.314086	2023-03-12 18:09:09.314086	84
14	502	16	16	90	yellow	\N	2023-03-12 18:09:09.335106	2023-03-12 18:09:09.335106	70
15	167	6	16	90	yellow	t	2023-03-12 18:09:09.343213	2023-03-12 18:09:09.343213	83
16	69	3	17	5	yellow	\N	2023-03-12 18:09:18.090962	2023-03-12 18:09:18.090962	108
17	67	3	17	57	yellow	\N	2023-03-12 18:09:18.136898	2023-03-12 18:09:18.136898	102
18	68	3	17	90	yellow	\N	2023-03-12 18:09:18.283851	2023-03-12 18:09:18.283851	105
19	394	12	18	9	yellow	\N	2023-03-12 18:09:26.889962	2023-03-12 18:09:26.889962	138
20	612	19	18	64	yellow	t	2023-03-12 18:09:26.91099	2023-03-12 18:09:26.91099	124
21	601	19	18	75	yellow	t	2023-03-12 18:09:26.957939	2023-03-12 18:09:26.957939	121
22	633	19	18	90	yellow	t	2023-03-12 18:09:27.054407	2023-03-12 18:09:27.054407	145
23	634	19	18	90	yellow	t	2023-03-12 18:09:27.07347	2023-03-12 18:09:27.07347	130
24	583	18	19	43	yellow	\N	2023-03-12 18:09:35.641535	2023-03-12 18:09:35.641535	169
25	575	18	19	45	yellow	\N	2023-03-12 18:09:35.650581	2023-03-12 18:09:35.650581	161
26	206	7	19	78	yellow	t	2023-03-12 18:09:35.725519	2023-03-12 18:09:35.725519	152
27	581	18	19	90	yellow	\N	2023-03-12 18:09:35.833548	2023-03-12 18:09:35.833548	167
28	141	5	20	17	yellow	t	2023-03-12 18:09:44.386785	2023-03-12 18:09:44.386785	187
29	140	5	20	36	yellow	t	2023-03-12 18:09:44.394988	2023-03-12 18:09:44.394988	184
30	115	4	20	44	yellow	\N	2023-03-12 18:09:44.403783	2023-03-12 18:09:44.403783	196
31	107	4	20	50	yellow	\N	2023-03-12 18:09:44.41209	2023-03-12 18:09:44.41209	195
32	621	5	20	90	yellow	t	2023-03-12 18:09:44.48066	2023-03-12 18:09:44.48066	186
33	120	4	20	90	yellow	\N	2023-03-12 18:09:44.489365	2023-03-12 18:09:44.489365	200
34	72	3	21	27	yellow	t	2023-03-12 18:09:53.112197	2023-03-12 18:09:53.112197	216
35	260	8	21	52	yellow	\N	2023-03-12 18:09:53.144064	2023-03-12 18:09:53.144064	229
36	68	3	21	60	yellow	t	2023-03-12 18:09:53.199187	2023-03-12 18:09:53.199187	213
37	654	20	22	36	yellow	\N	2023-03-12 18:10:01.929255	2023-03-12 18:10:01.929255	254
38	529	16	22	39	yellow	t	2023-03-12 18:10:01.938047	2023-03-12 18:10:01.938047	247
39	519	16	22	75	yellow	t	2023-03-12 18:10:02.06722	2023-03-12 18:10:02.06722	243
40	606	19	23	20	yellow	\N	2023-03-12 18:10:10.729806	2023-03-12 18:10:10.729806	283
41	297	9	23	21	yellow	t	2023-03-12 18:10:10.739794	2023-03-12 18:10:10.739794	278
42	608	19	23	29	yellow	\N	2023-03-12 18:10:10.749366	2023-03-12 18:10:10.749366	284
43	299	9	23	35	yellow	t	2023-03-12 18:10:10.758767	2023-03-12 18:10:10.758767	276
44	286	9	23	60	yellow	t	2023-03-12 18:10:10.803961	2023-03-12 18:10:10.803961	291
45	115	4	24	29	yellow	t	2023-03-12 18:10:19.508122	2023-03-12 18:10:19.508122	301
46	95	4	24	31	yellow	t	2023-03-12 18:10:19.51457	2023-03-12 18:10:19.51457	297
47	551	17	24	56	yellow	\N	2023-03-12 18:10:19.528995	2023-03-12 18:10:19.528995	312
48	543	17	24	80	yellow	\N	2023-03-12 18:10:19.629992	2023-03-12 18:10:19.629992	308
49	100	4	24	90	yellow	t	2023-03-12 18:10:19.656937	2023-03-12 18:10:19.656937	320
50	216	7	26	64	yellow	\N	2023-03-12 18:10:28.252164	2023-03-12 18:10:28.252164	339
51	330	10	26	76	yellow	t	2023-03-12 18:10:28.294106	2023-03-12 18:10:28.294106	347
52	212	7	26	82	yellow	\N	2023-03-12 18:10:28.310414	2023-03-12 18:10:28.310414	341
53	318	10	26	90	yellow	t	2023-03-12 18:10:28.333289	2023-03-12 18:10:28.333289	330
54	218	7	26	90	yellow	\N	2023-03-12 18:10:28.339889	2023-03-12 18:10:28.339889	343
55	173	6	27	24	yellow	\N	2023-03-12 18:10:36.973201	2023-03-12 18:10:36.973201	364
56	10	1	27	27	yellow	t	2023-03-12 18:10:36.98243	2023-03-12 18:10:36.98243	354
57	11	1	27	45	yellow	t	2023-03-12 18:10:36.991352	2023-03-12 18:10:36.991352	353
58	16	1	27	74	yellow	t	2023-03-12 18:10:37.056631	2023-03-12 18:10:37.056631	360
59	54	2	28	8	yellow	t	2023-03-12 18:10:45.729725	2023-03-12 18:10:45.729725	388
60	451	14	28	18	yellow	\N	2023-03-12 18:10:45.736281	2023-03-12 18:10:45.736281	397
61	39	2	28	34	yellow	t	2023-03-12 18:10:45.759807	2023-03-12 18:10:45.759807	384
62	449	14	28	52	yellow	\N	2023-03-12 18:10:45.772975	2023-03-12 18:10:45.772975	395
63	36	2	28	76	yellow	t	2023-03-12 18:10:45.829537	2023-03-12 18:10:45.829537	383
64	55	2	28	90	yellow	t	2023-03-12 18:10:45.863042	2023-03-12 18:10:45.863042	389
65	350	11	29	11	yellow	t	2023-03-12 18:10:54.517707	2023-03-12 18:10:54.517707	414
66	130	5	29	56	yellow	\N	2023-03-12 18:10:54.526326	2023-03-12 18:10:54.526326	428
67	365	11	29	67	yellow	t	2023-03-12 18:10:54.568501	2023-03-12 18:10:54.568501	419
68	131	5	29	67	yellow	\N	2023-03-12 18:10:54.5767	2023-03-12 18:10:54.5767	422
69	380	12	30	20	yellow	t	2023-03-12 18:11:03.305443	2023-03-12 18:11:03.305443	442
70	375	12	30	71	yellow	t	2023-03-12 18:11:03.36104	2023-03-12 18:11:03.36104	443
71	234	8	31	36	yellow	t	2023-03-12 18:11:12.00606	2023-03-12 18:11:12.00606	469
72	260	8	31	45	yellow	t	2023-03-12 18:11:12.014179	2023-03-12 18:11:12.014179	478
73	115	4	31	45	yellow	\N	2023-03-12 18:11:12.055584	2023-03-12 18:11:12.055584	485
74	102	4	31	51	yellow	\N	2023-03-12 18:11:12.070854	2023-03-12 18:11:12.070854	483
75	121	4	31	70	yellow	\N	2023-03-12 18:11:12.124801	2023-03-12 18:11:12.124801	486
76	641	20	32	57	yellow	t	2023-03-12 18:11:20.856969	2023-03-12 18:11:20.856969	499
77	660	20	32	79	yellow	t	2023-03-12 18:11:20.92733	2023-03-12 18:11:20.92733	504
78	558	17	33	55	yellow	t	2023-03-12 18:11:29.548249	2023-03-12 18:11:29.548249	537
79	267	9	33	81	yellow	\N	2023-03-12 18:11:29.671985	2023-03-12 18:11:29.671985	538
80	538	17	33	90	yellow	t	2023-03-12 18:11:29.717502	2023-03-12 18:11:29.717502	528
81	297	9	33	90	yellow	\N	2023-03-12 18:11:29.726172	2023-03-12 18:11:29.726172	546
82	574	18	34	8	yellow	\N	2023-03-12 18:11:38.341018	2023-03-12 18:11:38.341018	573
83	582	18	34	34	yellow	\N	2023-03-12 18:11:38.352445	2023-03-12 18:11:38.352445	575
84	581	18	34	37	yellow	\N	2023-03-12 18:11:38.361708	2023-03-12 18:11:38.361708	577
85	473	15	34	81	yellow	t	2023-03-12 18:11:38.473493	2023-03-12 18:11:38.473493	560
86	484	15	34	87	yellow	t	2023-03-12 18:11:38.495601	2023-03-12 18:11:38.495601	564
87	430	13	35	22	yellow	t	2023-03-12 18:11:47.136523	2023-03-12 18:11:47.136523	595
88	430	13	35	28	yellow	t	2023-03-12 18:11:47.145355	2023-03-12 18:11:47.145355	595
89	430	13	35	28	red	t	2023-03-12 18:11:47.154915	2023-03-12 18:11:47.154915	595
90	320	10	35	31	yellow	\N	2023-03-12 18:11:47.165885	2023-03-12 18:11:47.165885	608
91	323	10	35	40	yellow	\N	2023-03-12 18:11:47.176182	2023-03-12 18:11:47.176182	606
92	431	13	35	90	yellow	t	2023-03-12 18:11:47.350559	2023-03-12 18:11:47.350559	598
93	68	3	36	35	yellow	\N	2023-03-12 18:11:55.9759	2023-03-12 18:11:55.9759	630
94	530	16	37	86	yellow	\N	2023-03-12 18:12:04.935759	2023-03-12 18:12:04.935759	677
95	463	14	37	86	yellow	t	2023-03-12 18:12:04.943971	2023-03-12 18:12:04.943971	659
96	509	16	37	88	yellow	\N	2023-03-12 18:12:04.952435	2023-03-12 18:12:04.952435	665
97	605	19	38	54	yellow	t	2023-03-12 18:12:13.600856	2023-03-12 18:12:13.600856	682
98	606	19	38	58	yellow	t	2023-03-12 18:12:13.611116	2023-03-12 18:12:13.611116	681
99	612	19	38	61	yellow	t	2023-03-12 18:12:13.620527	2023-03-12 18:12:13.620527	683
100	623	19	38	73	yellow	t	2023-03-12 18:12:13.643067	2023-03-12 18:12:13.643067	686
101	365	11	38	82	yellow	\N	2023-03-12 18:12:13.728569	2023-03-12 18:12:13.728569	701
102	625	19	38	84	yellow	t	2023-03-12 18:12:13.751221	2023-03-12 18:12:13.751221	707
103	634	19	38	85	yellow	t	2023-03-12 18:12:13.76001	2023-03-12 18:12:13.76001	688
104	11	1	39	50	yellow	\N	2023-03-12 18:12:22.402031	2023-03-12 18:12:22.402031	723
105	22	1	39	83	yellow	\N	2023-03-12 18:12:22.476253	2023-03-12 18:12:22.476253	727
106	11	1	39	50	yellow	\N	2023-03-12 18:17:39.217755	2023-03-12 18:17:39.217755	723
107	22	1	39	83	yellow	\N	2023-03-12 18:17:39.285076	2023-03-12 18:17:39.285076	727
108	11	1	39	50	yellow	\N	2023-03-12 18:20:05.274821	2023-03-12 18:20:05.274821	723
109	22	1	39	83	yellow	\N	2023-03-12 18:20:05.376577	2023-03-12 18:20:05.376577	727
110	11	1	39	50	yellow	\N	2023-03-12 18:21:12.809591	2023-03-12 18:21:12.809591	723
111	11	1	39	50	yellow	\N	2023-03-12 18:21:18.035578	2023-03-12 18:21:18.035578	723
112	22	1	39	83	yellow	\N	2023-03-12 18:22:14.103484	2023-03-12 18:22:14.103484	727
113	11	1	39	50	yellow	\N	2023-03-12 18:31:47.700945	2023-03-12 18:31:47.700945	723
114	22	1	39	83	yellow	\N	2023-03-12 18:31:49.414091	2023-03-12 18:31:49.414091	727
115	18	1	39	90	yellow	\N	2023-03-12 18:31:50.651523	2023-03-12 18:31:50.651523	845
116	11	1	39	50	yellow	\N	2023-03-12 18:31:53.237384	2023-03-12 18:31:53.237384	723
117	22	1	39	83	yellow	\N	2023-03-12 18:31:54.75518	2023-03-12 18:31:54.75518	727
118	18	1	39	90	yellow	\N	2023-03-12 18:31:55.99496	2023-03-12 18:31:55.99496	845
119	134	5	40	28	yellow	t	2023-03-12 18:33:29.756513	2023-03-12 18:33:29.756513	883
120	39	2	40	46	yellow	\N	2023-03-12 18:33:29.794708	2023-03-12 18:33:29.794708	895
121	148	5	40	58	yellow	t	2023-03-12 18:33:29.804097	2023-03-12 18:33:29.804097	892
122	61	3	41	67	yellow	t	2023-03-12 18:33:38.586885	2023-03-12 18:33:38.586885	934
123	67	3	41	90	yellow	t	2023-03-12 18:33:38.67004	2023-03-12 18:33:38.67004	936
124	140	5	41	90	yellow	\N	2023-03-12 18:33:38.68028	2023-03-12 18:33:38.68028	951
125	659	20	42	13	yellow	\N	2023-03-12 18:33:47.323915	2023-03-12 18:33:47.323915	978
126	246	8	42	39	yellow	t	2023-03-12 18:33:47.340534	2023-03-12 18:33:47.340534	967
127	236	8	42	48	yellow	t	2023-03-12 18:33:47.348051	2023-03-12 18:33:47.348051	964
128	643	20	42	54	yellow	\N	2023-03-12 18:33:47.35657	2023-03-12 18:33:47.35657	975
129	654	20	42	68	yellow	\N	2023-03-12 18:33:47.376596	2023-03-12 18:33:47.376596	980
130	477	15	43	55	yellow	\N	2023-03-12 18:33:56.139623	2023-03-12 18:33:56.139623	1010
131	102	4	43	68	yellow	t	2023-03-12 18:33:56.203117	2023-03-12 18:33:56.203117	995
132	107	4	43	83	yellow	t	2023-03-12 18:33:56.234419	2023-03-12 18:33:56.234419	996
133	289	9	44	20	yellow	\N	2023-03-12 18:34:04.872325	2023-03-12 18:34:04.872325	1035
134	584	18	44	40	yellow	t	2023-03-12 18:34:04.893545	2023-03-12 18:34:04.893545	1024
135	572	18	44	57	yellow	t	2023-03-12 18:34:04.910394	2023-03-12 18:34:04.910394	1022
136	575	18	44	59	yellow	t	2023-03-12 18:34:04.919244	2023-03-12 18:34:04.919244	1020
137	297	9	44	60	yellow	\N	2023-03-12 18:34:04.927398	2023-03-12 18:34:04.927398	1040
138	273	9	44	67	yellow	\N	2023-03-12 18:34:04.948319	2023-03-12 18:34:04.948319	1031
139	11	1	45	28	yellow	\N	2023-03-12 18:34:13.608777	2023-03-12 18:34:13.608777	1057
140	9	1	45	43	yellow	\N	2023-03-12 18:34:13.61673	2023-03-12 18:34:13.61673	1060
141	8	1	45	49	yellow	\N	2023-03-12 18:34:13.624854	2023-03-12 18:34:13.624854	1059
142	318	10	45	87	yellow	t	2023-03-12 18:34:13.667348	2023-03-12 18:34:13.667348	1051
143	356	11	46	21	yellow	\N	2023-03-12 18:34:22.387326	2023-03-12 18:34:22.387326	1089
144	336	11	46	23	yellow	\N	2023-03-12 18:34:22.396131	2023-03-12 18:34:22.396131	1084
145	342	11	46	86	yellow	\N	2023-03-12 18:34:22.495916	2023-03-12 18:34:22.495916	1086
146	382	12	46	90	yellow	t	2023-03-12 18:34:22.50746	2023-03-12 18:34:22.50746	1097
147	390	12	46	90	yellow	t	2023-03-12 18:34:22.518488	2023-03-12 18:34:22.518488	1094
148	351	11	46	90	yellow	\N	2023-03-12 18:34:22.528299	2023-03-12 18:34:22.528299	1090
149	364	11	46	90	yellow	\N	2023-03-12 18:34:22.541238	2023-03-12 18:34:22.541238	1096
150	538	17	47	71	yellow	\N	2023-03-12 18:34:31.259736	2023-03-12 18:34:31.259736	1110
151	560	17	47	83	yellow	\N	2023-03-12 18:34:31.348683	2023-03-12 18:34:31.348683	1118
152	522	16	47	90	yellow	t	2023-03-12 18:34:31.375481	2023-03-12 18:34:31.375481	1103
153	206	7	48	53	yellow	t	2023-03-12 18:34:40.041766	2023-03-12 18:34:40.041766	1132
154	213	7	48	64	yellow	t	2023-03-12 18:34:40.062732	2023-03-12 18:34:40.062732	1137
155	425	13	48	80	yellow	\N	2023-03-12 18:34:40.119193	2023-03-12 18:34:40.119193	1153
156	40	2	49	87	yellow	\N	2023-03-12 18:34:48.922551	2023-03-12 18:34:48.922551	1171
157	36	2	49	90	yellow	\N	2023-03-12 18:34:48.931097	2023-03-12 18:34:48.931097	1170
158	635	19	50	76	yellow	\N	2023-03-12 18:34:57.68415	2023-03-12 18:34:57.68415	1210
159	641	20	51	26	yellow	t	2023-03-12 18:35:06.384823	2023-03-12 18:35:06.384823	1219
160	650	20	51	71	yellow	t	2023-03-12 18:35:06.472265	2023-03-12 18:35:06.472265	1222
161	596	18	52	28	yellow	\N	2023-03-12 18:35:15.121798	2023-03-12 18:35:15.121798	1263
162	538	17	52	90	yellow	t	2023-03-12 18:35:15.317084	2023-03-12 18:35:15.317084	1246
163	586	18	52	90	yellow	\N	2023-03-12 18:35:15.359154	2023-03-12 18:35:15.359154	1271
164	553	17	52	90	yellow	t	2023-03-12 18:35:15.373986	2023-03-12 18:35:15.373986	1274
165	314	10	53	4	yellow	\N	2023-03-12 18:35:23.963061	2023-03-12 18:35:23.963061	1292
166	484	15	53	12	yellow	t	2023-03-12 18:35:23.980847	2023-03-12 18:35:23.980847	1283
167	426	13	54	10	yellow	t	2023-03-12 18:35:32.72999	2023-03-12 18:35:32.72999	1311
168	417	13	54	35	yellow	t	2023-03-12 18:35:32.740638	2023-03-12 18:35:32.740638	1315
169	402	12	54	54	yellow	\N	2023-03-12 18:35:32.748772	2023-03-12 18:35:32.748772	1328
170	414	13	54	55	yellow	t	2023-03-12 18:35:32.757564	2023-03-12 18:35:32.757564	1312
171	431	13	54	90	yellow	t	2023-03-12 18:35:32.924688	2023-03-12 18:35:32.924688	1332
172	380	12	54	90	yellow	\N	2023-03-12 18:35:32.932367	2023-03-12 18:35:32.932367	1319
173	286	9	55	38	yellow	t	2023-03-12 18:35:41.48859	2023-03-12 18:35:41.48859	1343
174	165	6	55	76	yellow	\N	2023-03-12 18:35:41.542974	2023-03-12 18:35:41.542974	1351
175	267	9	55	90	yellow	t	2023-03-12 18:35:41.584919	2023-03-12 18:35:41.584919	1337
176	176	6	55	90	yellow	\N	2023-03-12 18:35:41.593224	2023-03-12 18:35:41.593224	1354
177	236	8	56	25	yellow	\N	2023-03-12 18:35:50.210523	2023-03-12 18:35:50.210523	1379
178	22	1	56	71	yellow	t	2023-03-12 18:35:50.266734	2023-03-12 18:35:50.266734	1371
179	260	8	56	76	yellow	\N	2023-03-12 18:35:50.317898	2023-03-12 18:35:50.317898	1386
180	7	1	56	81	yellow	t	2023-03-12 18:35:50.360692	2023-03-12 18:35:50.360692	1395
181	245	8	56	87	yellow	\N	2023-03-12 18:35:50.368623	2023-03-12 18:35:50.368623	1385
182	17	1	56	90	yellow	t	2023-03-12 18:35:50.409494	2023-03-12 18:35:50.409494	1372
183	53	2	57	15	yellow	t	2023-03-12 18:35:58.964038	2023-03-12 18:35:58.964038	1402
184	506	16	57	56	yellow	\N	2023-03-12 18:35:58.973786	2023-03-12 18:35:58.973786	1408
185	48	2	57	67	yellow	t	2023-03-12 18:35:59.015826	2023-03-12 18:35:59.015826	1406
186	522	16	57	90	yellow	\N	2023-03-12 18:35:59.059612	2023-03-12 18:35:59.059612	1413
187	612	19	58	45	yellow	t	2023-03-12 18:36:07.745319	2023-03-12 18:36:07.745319	1428
188	61	3	58	45	yellow	\N	2023-03-12 18:36:07.75368	2023-03-12 18:36:07.75368	1436
189	616	19	58	76	yellow	t	2023-03-12 18:36:07.809308	2023-03-12 18:36:07.809308	1432
190	339	11	59	27	yellow	t	2023-03-12 18:36:16.478195	2023-03-12 18:36:16.478195	1455
191	95	4	59	36	yellow	\N	2023-03-12 18:36:16.496756	2023-03-12 18:36:16.496756	1466
192	121	4	59	55	yellow	\N	2023-03-12 18:36:16.515164	2023-03-12 18:36:16.515164	1472
193	115	4	59	63	yellow	\N	2023-03-12 18:36:16.557598	2023-03-12 18:36:16.557598	1471
194	355	11	59	69	yellow	t	2023-03-12 18:36:16.565037	2023-03-12 18:36:16.565037	1459
195	120	4	59	86	yellow	\N	2023-03-12 18:36:16.625461	2023-03-12 18:36:16.625461	1475
196	364	11	59	90	yellow	t	2023-03-12 18:36:16.633394	2023-03-12 18:36:16.633394	1462
197	133	5	60	27	yellow	t	2023-03-12 18:36:25.261953	2023-03-12 18:36:25.261953	1484
198	217	7	60	45	yellow	\N	2023-03-12 18:36:25.27027	2023-03-12 18:36:25.27027	1499
199	144	5	60	76	yellow	t	2023-03-12 18:36:25.344153	2023-03-12 18:36:25.344153	1490
200	140	5	60	81	yellow	t	2023-03-12 18:36:25.352207	2023-03-12 18:36:25.352207	1489
201	151	5	60	90	yellow	t	2023-03-12 18:36:25.395716	2023-03-12 18:36:25.395716	1505
202	208	7	60	90	yellow	\N	2023-03-12 18:36:25.404148	2023-03-12 18:36:25.404148	1496
203	272	9	62	51	yellow	\N	2023-03-12 18:36:42.719895	2023-03-12 18:36:42.719895	1527
204	278	9	62	66	yellow	\N	2023-03-12 18:36:42.750417	2023-03-12 18:36:42.750417	1538
205	8	1	63	47	yellow	\N	2023-03-12 18:36:51.450868	2023-03-12 18:36:51.450868	1558
206	521	16	63	77	yellow	t	2023-03-12 18:36:51.517697	2023-03-12 18:36:51.517697	1550
207	19	1	63	80	yellow	\N	2023-03-12 18:36:51.527807	2023-03-12 18:36:51.527807	1560
208	102	4	64	9	yellow	t	2023-03-12 18:37:00.243314	2023-03-12 18:37:00.243314	1577
209	113	4	64	14	yellow	t	2023-03-12 18:37:00.251286	2023-03-12 18:37:00.251286	1581
210	412	13	64	36	yellow	\N	2023-03-12 18:37:00.268828	2023-03-12 18:37:00.268828	1585
211	896	13	64	58	red	\N	2023-03-12 18:37:00.296951	2023-03-12 18:37:00.296951	1593
212	434	13	64	62	yellow	\N	2023-03-12 18:37:00.305015	2023-03-12 18:37:00.305015	1592
213	427	13	64	76	yellow	\N	2023-03-12 18:37:00.343951	2023-03-12 18:37:00.343951	1589
214	97	4	64	84	yellow	t	2023-03-12 18:37:00.410499	2023-03-12 18:37:00.410499	1575
215	94	4	64	90	yellow	t	2023-03-12 18:37:00.472813	2023-03-12 18:37:00.472813	1573
216	171	6	67	15	yellow	t	2023-03-12 18:37:25.828971	2023-03-12 18:37:25.828971	1612
217	134	5	67	36	yellow	\N	2023-03-12 18:37:25.849284	2023-03-12 18:37:25.849284	1617
218	901	5	67	45	yellow	\N	2023-03-12 18:37:25.858803	2023-03-12 18:37:25.858803	1623
219	176	6	67	53	yellow	t	2023-03-12 18:37:25.880082	2023-03-12 18:37:25.880082	1611
220	140	5	67	66	yellow	\N	2023-03-12 18:37:25.95346	2023-03-12 18:37:25.95346	1621
221	468	14	68	21	yellow	t	2023-03-12 18:37:34.635151	2023-03-12 18:37:34.635151	1643
222	339	11	68	23	yellow	\N	2023-03-12 18:37:34.644902	2023-03-12 18:37:34.644902	1648
223	350	11	68	31	yellow	\N	2023-03-12 18:37:34.668283	2023-03-12 18:37:34.668283	1652
224	658	20	71	45	yellow	t	2023-03-12 18:38:00.292656	2023-03-12 18:38:00.292656	1674
225	659	20	71	58	yellow	t	2023-03-12 18:38:00.362161	2023-03-12 18:38:00.362161	1670
226	213	7	71	82	yellow	\N	2023-03-12 18:38:00.441715	2023-03-12 18:38:00.441715	1681
227	647	20	71	90	yellow	t	2023-03-12 18:38:00.463129	2023-03-12 18:38:00.463129	1666
228	251	8	72	58	yellow	\N	2023-03-12 18:38:09.083054	2023-03-12 18:38:09.083054	1714
229	260	8	72	90	yellow	\N	2023-03-12 18:38:09.227108	2023-03-12 18:38:09.227108	1716
230	281	9	75	28	yellow	t	2023-03-12 18:38:34.681641	2023-03-12 18:38:34.681641	1729
231	297	9	75	62	yellow	t	2023-03-12 18:38:34.723176	2023-03-12 18:38:34.723176	1737
232	295	9	75	90	yellow	t	2023-03-12 18:38:34.821186	2023-03-12 18:38:34.821186	1752
233	401	12	75	90	yellow	\N	2023-03-12 18:38:34.830588	2023-03-12 18:38:34.830588	1751
234	907	18	76	53	yellow	\N	2023-03-12 18:38:43.51514	2023-03-12 18:38:43.51514	1772
235	584	18	76	56	yellow	\N	2023-03-12 18:38:43.559477	2023-03-12 18:38:43.559477	1773
236	569	18	76	77	yellow	\N	2023-03-12 18:38:43.653791	2023-03-12 18:38:43.653791	1779
237	904	1	76	80	yellow	t	2023-03-12 18:38:43.6634	2023-03-12 18:38:43.6634	1762
238	78	3	77	34	yellow	\N	2023-03-12 18:38:52.320898	2023-03-12 18:38:52.320898	1808
239	81	3	77	45	yellow	\N	2023-03-12 18:38:52.33037	2023-03-12 18:38:52.33037	1806
240	55	2	77	69	yellow	t	2023-03-12 18:38:52.363782	2023-03-12 18:38:52.363782	1795
241	45	2	77	90	yellow	t	2023-03-12 18:38:52.487613	2023-03-12 18:38:52.487613	1791
242	605	19	78	27	yellow	t	2023-03-12 18:39:01.064303	2023-03-12 18:39:01.064303	1819
243	615	19	78	34	yellow	t	2023-03-12 18:39:01.072938	2023-03-12 18:39:01.072938	1818
244	101	4	78	40	yellow	\N	2023-03-12 18:39:01.08114	2023-03-12 18:39:01.08114	1831
245	115	4	78	58	yellow	\N	2023-03-12 18:39:01.106644	2023-03-12 18:39:01.106644	1834
246	95	4	78	63	yellow	\N	2023-03-12 18:39:01.122957	2023-03-12 18:39:01.122957	1829
247	113	4	78	78	yellow	\N	2023-03-12 18:39:01.242223	2023-03-12 18:39:01.242223	1836
248	351	11	79	-5	yellow	t	2023-03-12 18:39:09.872118	2023-03-12 18:39:09.872118	1852
249	322	10	79	49	yellow	\N	2023-03-12 18:39:09.95209	2023-03-12 18:39:09.95209	1864
250	330	10	79	60	yellow	\N	2023-03-12 18:39:10.007067	2023-03-12 18:39:10.007067	1869
251	459	14	80	13	yellow	\N	2023-03-12 18:39:18.650632	2023-03-12 18:39:18.650632	1894
252	131	5	80	33	red	t	2023-03-12 18:39:18.668238	2023-03-12 18:39:18.668238	1879
253	140	5	80	65	yellow	t	2023-03-12 18:39:18.676638	2023-03-12 18:39:18.676638	1883
254	143	5	80	65	yellow	t	2023-03-12 18:39:18.685188	2023-03-12 18:39:18.685188	1882
255	560	17	81	45	yellow	\N	2023-03-12 18:39:27.430486	2023-03-12 18:39:27.430486	1928
256	538	17	81	67	yellow	\N	2023-03-12 18:39:27.525667	2023-03-12 18:39:27.525667	1931
257	77	3	81	75	yellow	t	2023-03-12 18:39:27.547042	2023-03-12 18:39:27.547042	1915
258	337	11	82	62	red	\N	2023-03-12 18:39:36.15427	2023-03-12 18:39:36.15427	1951
259	236	8	82	78	yellow	t	2023-03-12 18:39:36.312023	2023-03-12 18:39:36.312023	1938
260	261	8	82	85	yellow	t	2023-03-12 18:39:36.34897	2023-03-12 18:39:36.34897	1946
261	338	11	82	90	yellow	\N	2023-03-12 18:39:36.372885	2023-03-12 18:39:36.372885	1949
262	531	16	83	22	yellow	t	2023-03-12 18:39:44.99688	2023-03-12 18:39:44.99688	1977
263	411	13	83	32	yellow	\N	2023-03-12 18:39:45.007746	2023-03-12 18:39:45.007746	1982
264	427	13	83	52	yellow	\N	2023-03-12 18:39:45.040912	2023-03-12 18:39:45.040912	1987
265	424	13	83	88	yellow	\N	2023-03-12 18:39:45.18616	2023-03-12 18:39:45.18616	1984
266	112	4	84	8	red	t	2023-03-12 18:39:53.769114	2023-03-12 18:39:53.769114	2004
267	120	4	84	12	yellow	t	2023-03-12 18:39:53.788298	2023-03-12 18:39:53.788298	2008
268	107	4	84	54	yellow	t	2023-03-12 18:39:53.859945	2023-03-12 18:39:53.859945	2003
269	646	20	85	6	yellow	\N	2023-03-12 18:40:02.673163	2023-03-12 18:40:02.673163	2044
270	596	18	85	26	yellow	t	2023-03-12 18:40:02.682062	2023-03-12 18:40:02.682062	2038
271	582	18	85	35	yellow	t	2023-03-12 18:40:02.691167	2023-03-12 18:40:02.691167	2035
272	595	18	85	39	yellow	t	2023-03-12 18:40:02.700072	2023-03-12 18:40:02.700072	2039
273	596	18	85	48	yellow	t	2023-03-12 18:40:02.722434	2023-03-12 18:40:02.722434	2038
274	596	18	85	48	red	t	2023-03-12 18:40:02.731123	2023-03-12 18:40:02.731123	2038
275	663	20	85	64	yellow	\N	2023-03-12 18:40:02.753485	2023-03-12 18:40:02.753485	2048
276	570	18	85	83	yellow	t	2023-03-12 18:40:02.883583	2023-03-12 18:40:02.883583	2031
277	608	19	86	18	yellow	\N	2023-03-12 18:40:11.495579	2023-03-12 18:40:11.495579	2071
278	625	19	86	33	yellow	\N	2023-03-12 18:40:11.522378	2023-03-12 18:40:11.522378	2075
279	622	19	86	64	yellow	\N	2023-03-12 18:40:11.654	2023-03-12 18:40:11.654	2079
280	325	10	86	71	yellow	t	2023-03-12 18:40:11.674685	2023-03-12 18:40:11.674685	2081
281	318	10	86	83	yellow	t	2023-03-12 18:40:11.704351	2023-03-12 18:40:11.704351	2065
282	605	19	86	90	yellow	\N	2023-03-12 18:40:11.72471	2023-03-12 18:40:11.72471	2072
283	477	15	87	29	yellow	\N	2023-03-12 18:40:20.528998	2023-03-12 18:40:20.528998	2108
284	173	6	87	86	yellow	t	2023-03-12 18:40:20.703692	2023-03-12 18:40:20.703692	2091
285	11	1	88	2	yellow	\N	2023-03-12 18:40:29.362138	2023-03-12 18:40:29.362138	2132
286	9	1	88	23	yellow	\N	2023-03-12 18:40:29.387909	2023-03-12 18:40:29.387909	2135
287	16	1	88	80	yellow	\N	2023-03-12 18:40:29.66722	2023-03-12 18:40:29.66722	2139
288	606	19	6	15	yellow	\N	2023-03-12 18:40:38.302963	2023-03-12 18:40:38.302963	2164
289	608	19	6	23	yellow	\N	2023-03-12 18:40:38.31696	2023-03-12 18:40:38.31696	2167
290	623	19	6	56	yellow	\N	2023-03-12 18:40:38.326714	2023-03-12 18:40:38.326714	2168
291	352	11	7	24	yellow	t	2023-03-12 18:40:47.085359	2023-03-12 18:40:47.085359	2189
292	355	11	7	75	yellow	t	2023-03-12 18:40:47.231762	2023-03-12 18:40:47.231762	2187
293	356	11	7	88	yellow	t	2023-03-12 18:40:47.294586	2023-03-12 18:40:47.294586	2211
294	276	9	8	45	yellow	t	2023-03-12 18:40:56.005118	2023-03-12 18:40:56.005118	2217
295	414	13	8	56	yellow	\N	2023-03-12 18:40:56.022587	2023-03-12 18:40:56.022587	2229
296	277	9	8	80	yellow	t	2023-03-12 18:40:56.104102	2023-03-12 18:40:56.104102	2219
297	274	9	8	90	yellow	t	2023-03-12 18:40:56.112249	2023-03-12 18:40:56.112249	2236
298	417	13	8	90	yellow	\N	2023-03-12 18:40:56.121182	2023-03-12 18:40:56.121182	2241
299	451	14	10	45	yellow	\N	2023-03-12 18:41:13.525583	2023-03-12 18:41:13.525583	2287
300	211	7	89	7	yellow	t	2023-03-12 18:41:22.272781	2023-03-12 18:41:22.272781	2311
301	290	9	89	83	yellow	\N	2023-03-12 18:41:22.429254	2023-03-12 18:41:22.429254	2321
302	214	7	89	85	yellow	t	2023-03-12 18:41:22.439619	2023-03-12 18:41:22.439619	2309
303	267	9	89	90	yellow	\N	2023-03-12 18:41:22.478708	2023-03-12 18:41:22.478708	2315
304	140	5	90	14	yellow	\N	2023-03-12 18:41:31.117025	2023-03-12 18:41:31.117025	2347
305	144	5	90	22	yellow	\N	2023-03-12 18:41:31.127551	2023-03-12 18:41:31.127551	2350
306	394	12	90	52	yellow	t	2023-03-12 18:41:31.174981	2023-03-12 18:41:31.174981	2340
307	375	12	90	83	yellow	t	2023-03-12 18:41:31.315508	2023-03-12 18:41:31.315508	2338
308	64	3	91	40	yellow	t	2023-03-12 18:41:39.919686	2023-03-12 18:41:39.919686	2364
309	325	10	91	59	yellow	\N	2023-03-12 18:41:39.932667	2023-03-12 18:41:39.932667	2379
310	318	10	91	88	yellow	\N	2023-03-12 18:41:40.118951	2023-03-12 18:41:40.118951	2380
311	191	6	92	6	yellow	\N	2023-03-12 18:41:48.719418	2023-03-12 18:41:48.719418	2412
312	246	8	92	45	yellow	t	2023-03-12 18:41:48.757902	2023-03-12 18:41:48.757902	2397
313	164	6	92	71	yellow	\N	2023-03-12 18:41:48.811266	2023-03-12 18:41:48.811266	2415
314	365	11	93	18	yellow	\N	2023-03-12 18:41:57.485338	2023-03-12 18:41:57.485338	2443
315	356	11	93	31	yellow	\N	2023-03-12 18:41:57.502025	2023-03-12 18:41:57.502025	2439
316	478	15	93	49	yellow	t	2023-03-12 18:41:57.511703	2023-03-12 18:41:57.511703	2423
317	416	13	94	22	yellow	t	2023-03-12 18:42:06.21322	2023-03-12 18:42:06.21322	2452
318	422	13	94	60	yellow	t	2023-03-12 18:42:06.262145	2023-03-12 18:42:06.262145	2457
319	522	16	95	14	yellow	t	2023-03-12 18:42:15.003278	2023-03-12 18:42:15.003278	2488
320	509	16	95	38	yellow	t	2023-03-12 18:42:15.02302	2023-03-12 18:42:15.02302	2485
321	574	18	95	50	yellow	\N	2023-03-12 18:42:15.031019	2023-03-12 18:42:15.031019	2497
322	575	18	95	79	yellow	\N	2023-03-12 18:42:15.115592	2023-03-12 18:42:15.115592	2494
323	517	16	95	82	yellow	t	2023-03-12 18:42:15.130848	2023-03-12 18:42:15.130848	2487
324	570	18	95	90	yellow	\N	2023-03-12 18:42:15.245224	2023-03-12 18:42:15.245224	2495
325	286	9	96	51	yellow	t	2023-03-12 18:42:23.854254	2023-03-12 18:42:23.854254	2519
326	297	9	96	63	yellow	t	2023-03-12 18:42:23.863877	2023-03-12 18:42:23.863877	2520
327	22	1	96	85	yellow	\N	2023-03-12 18:42:23.936639	2023-03-12 18:42:23.936639	2538
328	201	7	97	21	yellow	\N	2023-03-12 18:42:32.718511	2023-03-12 18:42:32.718511	2553
329	560	17	98	45	yellow	\N	2023-03-12 18:42:41.543335	2023-03-12 18:42:41.543335	2593
330	611	19	99	18	yellow	t	2023-03-12 18:42:50.315008	2023-03-12 18:42:50.315008	2605
331	605	19	99	27	yellow	t	2023-03-12 18:42:50.333424	2023-03-12 18:42:50.333424	2606
332	643	20	99	45	yellow	\N	2023-03-12 18:42:50.345933	2023-03-12 18:42:50.345933	2617
333	654	20	99	50	yellow	\N	2023-03-12 18:42:50.35526	2023-03-12 18:42:50.35526	2620
334	659	20	99	75	yellow	\N	2023-03-12 18:42:50.40767	2023-03-12 18:42:50.40767	2622
335	626	19	99	82	yellow	t	2023-03-12 18:42:50.484581	2023-03-12 18:42:50.484581	2609
336	113	4	100	27	yellow	\N	2023-03-12 18:42:59.085679	2023-03-12 18:42:59.085679	2651
337	107	4	100	58	yellow	\N	2023-03-12 18:42:59.103427	2023-03-12 18:42:59.103427	2648
338	124	4	100	65	yellow	\N	2023-03-12 18:42:59.121941	2023-03-12 18:42:59.121941	2653
339	380	12	100	83	yellow	t	2023-03-12 18:42:59.177805	2023-03-12 18:42:59.177805	2633
340	413	13	101	33	yellow	\N	2023-03-12 18:43:07.904407	2023-03-12 18:43:07.904407	2679
341	415	13	101	61	yellow	\N	2023-03-12 18:43:07.957768	2023-03-12 18:43:07.957768	2684
342	427	13	101	83	yellow	\N	2023-03-12 18:43:08.035947	2023-03-12 18:43:08.035947	2680
343	550	17	102	45	yellow	t	2023-03-12 18:43:16.69668	2023-03-12 18:43:16.69668	2698
344	490	15	102	45	yellow	\N	2023-03-12 18:43:16.705257	2023-03-12 18:43:16.705257	2709
345	560	17	102	90	yellow	t	2023-03-12 18:43:16.825016	2023-03-12 18:43:16.825016	2700
346	554	17	102	90	yellow	t	2023-03-12 18:43:16.83351	2023-03-12 18:43:16.83351	2716
347	121	4	103	38	yellow	t	2023-03-12 18:43:25.498397	2023-03-12 18:43:25.498397	2722
348	99	4	103	54	yellow	t	2023-03-12 18:43:25.539427	2023-03-12 18:43:25.539427	2724
349	236	8	104	62	yellow	\N	2023-03-12 18:43:34.26943	2023-03-12 18:43:34.26943	2764
350	235	8	104	90	yellow	\N	2023-03-12 18:43:34.365134	2023-03-12 18:43:34.365134	2765
351	510	16	105	11	yellow	\N	2023-03-12 18:43:43.005234	2023-03-12 18:43:43.005234	2794
352	522	16	105	45	yellow	\N	2023-03-12 18:43:43.014103	2023-03-12 18:43:43.014103	2798
353	327	10	105	81	yellow	t	2023-03-12 18:43:43.094863	2023-03-12 18:43:43.094863	2806
354	318	10	105	90	yellow	t	2023-03-12 18:43:43.126598	2023-03-12 18:43:43.126598	2787
355	176	6	106	63	yellow	t	2023-03-12 18:43:51.757128	2023-03-12 18:43:51.757128	2816
356	453	14	106	78	yellow	\N	2023-03-12 18:43:51.826238	2023-03-12 18:43:51.826238	2823
357	177	6	106	84	yellow	t	2023-03-12 18:43:51.835986	2023-03-12 18:43:51.835986	2817
358	190	6	106	90	yellow	t	2023-03-12 18:43:51.861036	2023-03-12 18:43:51.861036	2820
359	45	2	107	43	yellow	\N	2023-03-12 18:44:00.499441	2023-03-12 18:44:00.499441	2854
360	882	1	107	49	yellow	t	2023-03-12 18:44:00.508891	2023-03-12 18:44:00.508891	2849
361	16	1	107	65	yellow	t	2023-03-12 18:44:00.532912	2023-03-12 18:44:00.532912	2847
362	19	1	107	69	yellow	t	2023-03-12 18:44:00.574747	2023-03-12 18:44:00.574747	2844
363	201	7	108	44	yellow	t	2023-03-12 18:44:09.397566	2023-03-12 18:44:09.397566	2868
364	377	12	108	52	yellow	\N	2023-03-12 18:44:09.409866	2023-03-12 18:44:09.409866	2882
365	300	9	109	12	yellow	\N	2023-03-12 18:44:18.181686	2023-03-12 18:44:18.181686	2918
366	355	11	109	37	yellow	t	2023-03-12 18:44:18.190863	2023-03-12 18:44:18.190863	2903
367	295	9	109	44	yellow	\N	2023-03-12 18:44:18.217536	2023-03-12 18:44:18.217536	2913
368	290	9	109	54	yellow	\N	2023-03-12 18:44:18.252	2023-03-12 18:44:18.252	2915
369	277	9	109	81	yellow	\N	2023-03-12 18:44:18.300607	2023-03-12 18:44:18.300607	2912
370	635	19	110	16	yellow	\N	2023-03-12 18:44:27.083808	2023-03-12 18:44:27.083808	2947
371	612	19	110	67	yellow	\N	2023-03-12 18:44:27.103322	2023-03-12 18:44:27.103322	2941
372	141	5	110	80	yellow	t	2023-03-12 18:44:27.142072	2023-03-12 18:44:27.142072	2936
\.


--
-- Data for Name: countries; Type: TABLE DATA; Schema: public; Owner: goldsmid
--

COPY public.countries (id, name, code, api_football_id, created_at, updated_at) FROM stdin;
1	England	GB	\N	2022-12-14 18:27:14.820288	2022-12-14 18:27:14.820288
\.


--
-- Data for Name: fixtures; Type: TABLE DATA; Schema: public; Owner: goldsmid
--

COPY public.fixtures (id, home_team_season_id, away_team_season_id, season_id, home_score, away_score, kick_off, game_week, league_id, api_football_id, created_at, updated_at) FROM stdin;
61	3	15	1	\N	\N	2022-09-10 14:00:00	\N	1	868006	2022-12-20 18:21:29.365135	2022-12-20 18:21:29.365135
65	18	19	1	\N	\N	2022-09-12 19:00:00	\N	1	868010	2022-12-20 18:21:29.385266	2022-12-20 18:21:29.385266
66	10	20	1	\N	\N	2022-09-10 14:00:00	\N	1	868011	2022-12-20 18:21:29.390167	2022-12-20 18:21:29.390167
69	7	17	1	\N	\N	2022-09-10 14:00:00	\N	1	868014	2022-12-20 18:21:29.406129	2022-12-20 18:21:29.406129
70	12	2	1	\N	\N	2022-09-11 13:00:00	\N	1	868015	2022-12-20 18:21:29.413081	2022-12-20 18:21:29.413081
73	15	16	1	\N	\N	2022-09-17 14:00:00	\N	1	868018	2022-12-20 18:21:29.431168	2022-12-20 18:21:29.431168
74	13	6	1	\N	\N	2022-09-18 15:30:00	\N	1	868019	2022-12-20 18:21:29.43651	2022-12-20 18:21:29.43651
21	3	8	1	0	3	2022-08-20 16:30:00	3	1	867966	2022-12-20 18:21:29.145811	2023-03-12 18:09:53.294293
8	9	13	1	0	1	2022-08-06 16:30:00	1	1	867953	2022-12-20 18:21:29.073494	2023-03-12 18:40:56.135613
5	10	17	1	2	2	2022-08-07 13:00:00	1	1	867950	2022-12-20 18:21:29.054231	2023-03-12 18:41:04.879594
4	18	5	1	2	1	2022-08-06 14:00:00	1	1	867949	2022-12-20 18:21:29.04743	2022-12-29 12:36:50.612462
22	16	20	1	3	1	2022-08-20 14:00:00	3	1	867967	2022-12-20 18:21:29.15154	2023-03-12 18:10:02.107894
10	12	14	1	0	2	2022-08-07 15:30:00	1	1	867955	2022-12-20 18:21:29.085203	2023-03-12 18:41:13.653526
11	8	10	1	4	2	2022-08-13 14:00:00	2	1	867956	2022-12-20 18:21:29.090427	2022-12-22 17:25:16.061943
24	4	17	1	3	2	2022-08-20 14:00:00	3	1	867969	2022-12-20 18:21:29.163629	2023-03-12 18:10:19.66772
2	4	6	1	2	2	2022-08-06 11:30:00	1	1	867947	2022-12-20 18:21:29.032962	2022-12-22 17:23:25.511583
3	3	20	1	2	0	2022-08-06 14:00:00	1	1	867948	2022-12-20 18:21:29.040358	2022-12-29 12:36:01.621501
25	18	13	1	3	0	2022-08-21 13:00:00	3	1	867970	2022-12-20 18:21:29.169797	2023-01-11 12:09:15.761443
26	10	7	1	1	2	2022-08-20 14:00:00	3	1	867971	2022-12-20 18:21:29.1753	2023-03-12 18:10:28.342178
27	1	6	1	2	1	2022-08-22 19:00:00	3	1	867972	2022-12-20 18:21:29.180612	2023-03-12 18:10:37.174237
28	2	14	1	3	3	2022-08-21 15:30:00	3	1	867973	2022-12-20 18:21:29.185854	2023-03-12 18:10:45.865952
29	11	5	1	1	0	2022-08-20 11:30:00	3	1	867974	2022-12-20 18:21:29.191619	2023-03-12 18:10:54.652258
20	5	4	1	0	0	2022-08-13 14:00:00	\N	1	867965	2022-12-20 18:21:29.139778	2023-03-12 18:09:44.554327
30	12	15	1	0	2	2022-08-21 13:00:00	\N	1	867975	2022-12-20 18:21:29.198141	2023-03-12 18:11:03.423844
31	8	4	1	2	1	2022-08-27 16:30:00	\N	1	867976	2022-12-20 18:21:29.203747	2023-03-12 18:11:12.210583
32	20	12	1	0	1	2022-08-28 13:00:00	\N	1	867977	2022-12-20 18:21:29.20926	2023-03-12 18:11:20.942138
34	15	18	1	1	0	2022-08-27 14:00:00	\N	1	867979	2022-12-20 18:21:29.219739	2023-03-12 18:11:38.511375
35	13	10	1	2	1	2022-08-27 14:00:00	\N	1	867980	2022-12-20 18:21:29.224945	2023-03-12 18:11:47.354326
36	6	3	1	9	0	2022-08-27 14:00:00	\N	1	867981	2022-12-20 18:21:29.230135	2023-03-12 18:11:56.155795
37	14	16	1	4	2	2022-08-27 14:00:00	\N	1	867982	2022-12-20 18:21:29.235084	2023-03-12 18:12:04.967882
38	19	11	1	0	2	2022-08-28 15:30:00	\N	1	867983	2022-12-20 18:21:29.239948	2023-03-12 18:12:13.819443
40	5	2	1	1	1	2022-08-28 13:00:00	\N	1	867985	2022-12-20 18:21:29.250849	2023-03-12 18:33:29.983129
39	7	1	1	0	1	2022-08-27 11:30:00	\N	1	867984	2022-12-20 18:21:29.245167	2023-03-12 18:31:56.012924
42	8	20	1	2	1	2022-08-31 18:30:00	\N	1	867987	2022-12-20 18:21:29.261887	2023-03-12 18:33:47.479438
43	4	15	1	2	1	2022-08-30 18:30:00	\N	1	867988	2022-12-20 18:21:29.267214	2023-03-12 18:33:56.247658
44	18	9	1	1	1	2022-08-30 19:00:00	\N	1	867989	2022-12-20 18:21:29.27227	2023-03-12 18:34:05.023741
45	10	1	1	0	1	2022-09-01 19:00:00	\N	1	867990	2022-12-20 18:21:29.277421	2023-03-12 18:34:13.692656
46	12	11	1	1	1	2022-08-31 18:45:00	\N	1	867991	2022-12-20 18:21:29.282243	2023-03-12 18:34:22.544395
47	16	17	1	1	1	2022-08-30 18:30:00	\N	1	867992	2022-12-20 18:21:29.287031	2023-03-12 18:34:31.378365
48	7	13	1	2	1	2022-08-30 18:45:00	\N	1	867993	2022-12-20 18:21:29.29176	2023-03-12 18:34:40.135466
50	14	19	1	6	0	2022-08-31 18:30:00	\N	1	867995	2022-12-20 18:21:29.303054	2023-03-12 18:34:57.706583
51	20	14	1	1	1	2022-09-03 16:30:00	\N	1	867996	2022-12-20 18:21:29.308306	2023-03-12 18:35:06.528894
52	17	18	1	5	2	2022-09-03 14:00:00	\N	1	867997	2022-12-20 18:21:29.314546	2023-03-12 18:35:15.377548
53	15	10	1	5	2	2022-09-04 13:00:00	\N	1	867998	2022-12-20 18:21:29.319544	2023-03-12 18:35:24.160111
54	13	12	1	2	1	2022-09-03 14:00:00	\N	1	867999	2022-12-20 18:21:29.32816	2023-03-12 18:35:32.936079
55	9	6	1	0	0	2022-09-03 11:30:00	\N	1	868000	2022-12-20 18:21:29.333655	2023-03-12 18:35:41.596175
56	1	8	1	3	1	2022-09-04 15:30:00	\N	1	868001	2022-12-20 18:21:29.339055	2023-03-12 18:35:50.415664
57	2	16	1	0	0	2022-09-03 14:00:00	\N	1	868002	2022-12-20 18:21:29.344341	2023-03-12 18:35:59.07387
59	11	4	1	2	1	2022-09-03 14:00:00	\N	1	868004	2022-12-20 18:21:29.354791	2023-03-12 18:36:16.638045
60	5	7	1	1	0	2022-09-03 14:00:00	\N	1	868005	2022-12-20 18:21:29.359942	2023-03-12 18:36:25.407164
62	8	9	1	4	0	2022-09-11 13:00:00	\N	1	868007	2022-12-20 18:21:29.370246	2023-03-12 18:36:42.864434
63	16	1	1	1	1	2022-09-11 15:30:00	\N	1	868008	2022-12-20 18:21:29.375328	2023-03-12 18:36:51.563839
64	4	13	1	2	1	2023-01-12 20:00:00	\N	1	868009	2022-12-20 18:21:29.380431	2023-03-12 18:37:00.479701
67	6	5	1	2	0	2022-09-10 14:00:00	\N	1	868012	2022-12-20 18:21:29.394935	2023-03-12 18:37:26.041354
68	14	11	1	4	2	2023-01-19 20:00:00	\N	1	868013	2022-12-20 18:21:29.40065	2023-03-12 18:37:34.841829
72	17	8	1	0	3	2022-09-18 11:00:00	\N	1	868017	2022-12-20 18:21:29.424895	2023-03-12 18:38:09.273984
75	9	12	1	1	0	2022-09-18 13:15:00	\N	1	868020	2022-12-20 18:21:29.44347	2023-03-12 18:38:34.846214
76	1	18	1	2	2	2022-09-18 13:00:00	\N	1	868021	2022-12-20 18:21:29.448877	2023-03-12 18:38:43.719989
77	2	3	1	1	1	2022-09-17 14:00:00	\N	1	868022	2022-12-20 18:21:29.454065	2023-03-12 18:38:52.516854
78	19	4	1	2	3	2022-09-16 19:00:00	\N	1	868023	2022-12-20 18:21:29.459411	2023-03-12 18:39:01.29195
79	11	10	1	6	2	2022-09-17 16:30:00	\N	1	868024	2022-12-20 18:21:29.46445	2023-03-12 18:39:10.084948
80	5	14	1	0	3	2022-09-17 11:30:00	\N	1	868025	2022-12-20 18:21:29.469394	2023-03-12 18:39:18.864522
82	8	11	1	3	1	2022-10-01 11:30:00	\N	1	868027	2022-12-20 18:21:29.479929	2023-03-12 18:39:36.376132
83	16	13	1	1	2	2022-10-01 14:00:00	\N	1	868028	2022-12-20 18:21:29.485042	2023-03-12 18:39:45.20199
84	4	2	1	1	4	2022-10-01 14:00:00	\N	1	868029	2022-12-20 18:21:29.490411	2023-03-12 18:39:54.023131
85	18	20	1	0	0	2022-10-02 15:30:00	\N	1	868030	2022-12-20 18:21:29.496897	2023-03-12 18:40:02.88668
86	10	19	1	4	0	2022-10-03 19:00:00	\N	1	868031	2022-12-20 18:21:29.50214	2023-03-12 18:40:11.729249
87	6	15	1	3	3	2022-10-01 14:00:00	\N	1	868032	2022-12-20 18:21:29.507884	2023-03-12 18:40:20.732284
88	14	1	1	6	3	2022-10-02 13:00:00	\N	1	868033	2022-12-20 18:21:29.513768	2023-03-12 18:40:29.693154
6	2	19	1	2	0	2022-08-06 14:00:00	1	1	867951	2022-12-20 18:21:29.060978	2023-03-12 18:40:38.464579
110	5	19	1	\N	\N	2022-10-15 14:00:00	\N	1	868055	2022-12-20 18:21:29.630555	2022-12-20 18:21:29.630555
111	3	7	1	\N	\N	2022-10-19 18:30:00	\N	1	868056	2022-12-20 18:21:29.635799	2022-12-20 18:21:29.635799
112	8	14	1	\N	\N	2023-02-15 19:30:00	\N	1	868057	2022-12-20 18:21:29.640995	2022-12-20 18:21:29.640995
113	17	13	1	\N	\N	2022-10-19 18:30:00	\N	1	868058	2022-12-20 18:21:29.646361	2022-12-20 18:21:29.646361
114	15	19	1	\N	\N	2022-10-18 18:30:00	\N	1	868059	2022-12-20 18:21:29.651438	2022-12-20 18:21:29.651438
115	4	20	1	\N	\N	2022-10-20 18:30:00	\N	1	868060	2022-12-20 18:21:29.656187	2022-12-20 18:21:29.656187
116	10	18	1	\N	\N	2022-10-20 19:15:00	\N	1	868061	2022-12-20 18:21:29.661386	2022-12-20 18:21:29.661386
117	16	5	1	\N	\N	2022-10-18 19:15:00	\N	1	868062	2022-12-20 18:21:29.667503	2022-12-20 18:21:29.667503
118	2	9	1	\N	\N	2022-10-19 18:30:00	\N	1	868063	2022-12-20 18:21:29.672636	2022-12-20 18:21:29.672636
119	6	12	1	\N	\N	2022-10-19 18:30:00	\N	1	868064	2022-12-20 18:21:29.677718	2022-12-20 18:21:29.677718
120	1	11	1	\N	\N	2022-10-19 19:15:00	\N	1	868065	2022-12-20 18:21:29.682591	2022-12-20 18:21:29.682591
121	20	17	1	\N	\N	2022-10-23 13:00:00	\N	1	868066	2022-12-20 18:21:29.68742	2022-12-20 18:21:29.68742
122	13	1	1	\N	\N	2022-10-22 16:30:00	\N	1	868067	2022-12-20 18:21:29.69226	2022-12-20 18:21:29.69226
123	9	16	1	\N	\N	2022-10-22 14:00:00	\N	1	868068	2022-12-20 18:21:29.697693	2022-12-20 18:21:29.697693
124	18	4	1	\N	\N	2022-10-23 13:00:00	\N	1	868069	2022-12-20 18:21:29.703659	2022-12-20 18:21:29.703659
125	14	15	1	\N	\N	2022-10-22 14:00:00	\N	1	868070	2022-12-20 18:21:29.709214	2022-12-20 18:21:29.709214
126	19	6	1	\N	\N	2022-10-22 11:30:00	\N	1	868071	2022-12-20 18:21:29.714668	2022-12-20 18:21:29.714668
127	7	8	1	\N	\N	2022-10-23 13:00:00	\N	1	868072	2022-12-20 18:21:29.719655	2022-12-20 18:21:29.719655
128	11	2	1	\N	\N	2022-10-23 15:30:00	\N	1	868073	2022-12-20 18:21:29.724819	2022-12-20 18:21:29.724819
129	12	3	1	\N	\N	2022-10-24 19:00:00	\N	1	868074	2022-12-20 18:21:29.729826	2022-12-20 18:21:29.729826
130	5	10	1	\N	\N	2022-10-23 13:00:00	\N	1	868075	2022-12-20 18:21:29.734746	2022-12-20 18:21:29.734746
131	3	11	1	\N	\N	2022-10-29 14:00:00	\N	1	868076	2022-12-20 18:21:29.739606	2022-12-20 18:21:29.739606
132	8	19	1	\N	\N	2022-10-30 14:00:00	\N	1	868077	2022-12-20 18:21:29.744709	2022-12-20 18:21:29.744709
133	17	5	1	\N	\N	2022-10-29 14:00:00	\N	1	868078	2022-12-20 18:21:29.754653	2022-12-20 18:21:29.754653
134	15	13	1	\N	\N	2022-10-29 14:00:00	\N	1	868079	2022-12-20 18:21:29.763096	2022-12-20 18:21:29.763096
135	16	7	1	\N	\N	2022-10-29 14:00:00	\N	1	868080	2022-12-20 18:21:29.770123	2022-12-20 18:21:29.770123
136	4	9	1	\N	\N	2022-10-29 16:30:00	\N	1	868081	2022-12-20 18:21:29.776446	2022-12-20 18:21:29.776446
137	10	14	1	\N	\N	2022-10-29 11:30:00	\N	1	868082	2022-12-20 18:21:29.782851	2022-12-20 18:21:29.782851
138	6	18	1	\N	\N	2022-10-29 18:45:00	\N	1	868083	2022-12-20 18:21:29.78905	2022-12-20 18:21:29.78905
139	1	12	1	\N	\N	2022-10-30 16:15:00	\N	1	868084	2022-12-20 18:21:29.795202	2022-12-20 18:21:29.795202
140	2	20	1	\N	\N	2022-10-29 14:00:00	\N	1	868085	2022-12-20 18:21:29.807326	2022-12-20 18:21:29.807326
141	20	1	1	\N	\N	2022-11-06 14:00:00	\N	1	868086	2022-12-20 18:21:29.815016	2022-12-20 18:21:29.815016
142	13	8	1	\N	\N	2022-11-06 12:00:00	\N	1	868087	2022-12-20 18:21:29.822007	2022-12-20 18:21:29.822007
143	9	10	1	\N	\N	2022-11-05 17:30:00	\N	1	868088	2022-12-20 18:21:29.829008	2022-12-20 18:21:29.829008
144	18	3	1	\N	\N	2022-11-05 15:00:00	\N	1	868089	2022-12-20 18:21:29.83531	2022-12-20 18:21:29.83531
146	19	17	1	\N	\N	2022-11-05 15:00:00	\N	1	868091	2022-12-20 18:21:29.847398	2022-12-20 18:21:29.847398
147	7	2	1	\N	\N	2022-11-06 14:00:00	\N	1	868092	2022-12-20 18:21:29.85291	2022-12-20 18:21:29.85291
148	11	6	1	\N	\N	2022-11-06 16:30:00	\N	1	868093	2022-12-20 18:21:29.858662	2022-12-20 18:21:29.858662
149	12	16	1	\N	\N	2022-11-06 14:00:00	\N	1	868094	2022-12-20 18:21:29.864304	2022-12-20 18:21:29.864304
150	5	15	1	\N	\N	2022-11-05 15:00:00	\N	1	868095	2022-12-20 18:21:29.869979	2022-12-20 18:21:29.869979
151	3	9	1	\N	\N	2022-11-12 15:00:00	\N	1	868096	2022-12-20 18:21:29.875634	2022-12-20 18:21:29.875634
152	15	20	1	\N	\N	2022-11-13 14:00:00	\N	1	868097	2022-12-20 18:21:29.881128	2022-12-20 18:21:29.881128
153	4	1	1	\N	\N	2022-11-13 16:30:00	\N	1	868098	2022-12-20 18:21:29.886215	2022-12-20 18:21:29.886215
154	6	7	1	\N	\N	2022-11-12 15:00:00	\N	1	868099	2022-12-20 18:21:29.891202	2022-12-20 18:21:29.891202
155	14	17	1	\N	\N	2022-11-12 12:30:00	\N	1	868100	2022-12-20 18:21:29.896292	2022-12-20 18:21:29.896292
156	2	13	1	\N	\N	2022-11-12 17:30:00	\N	1	868101	2022-12-20 18:21:29.901377	2022-12-20 18:21:29.901377
157	19	16	1	\N	\N	2022-11-12 15:00:00	\N	1	868102	2022-12-20 18:21:29.906864	2022-12-20 18:21:29.906864
158	11	18	1	\N	\N	2022-11-12 15:00:00	\N	1	868103	2022-12-20 18:21:29.912626	2022-12-20 18:21:29.912626
159	12	10	1	\N	\N	2022-11-12 15:00:00	\N	1	868104	2022-12-20 18:21:29.918211	2022-12-20 18:21:29.918211
160	5	8	1	\N	\N	2022-11-12 19:45:00	\N	1	868105	2022-12-20 18:21:29.923494	2022-12-20 18:21:29.923494
161	8	12	1	\N	\N	2022-12-26 20:00:00	\N	1	868106	2022-12-20 18:21:29.92889	2022-12-20 18:21:29.92889
162	20	6	1	\N	\N	2022-12-26 17:30:00	\N	1	868107	2022-12-20 18:21:29.934182	2022-12-20 18:21:29.934182
163	17	11	1	\N	\N	2022-12-26 12:30:00	\N	1	868108	2022-12-20 18:21:29.939261	2022-12-20 18:21:29.939261
164	13	3	1	\N	\N	2022-12-27 17:30:00	\N	1	868109	2022-12-20 18:21:29.944324	2022-12-20 18:21:29.944324
165	16	4	1	\N	\N	2022-12-26 15:00:00	\N	1	868110	2022-12-20 18:21:29.94929	2022-12-20 18:21:29.94929
166	9	5	1	\N	\N	2022-12-26 15:00:00	\N	1	868111	2022-12-20 18:21:29.954466	2022-12-20 18:21:29.954466
167	18	14	1	\N	\N	2022-12-28 20:00:00	\N	1	868112	2022-12-20 18:21:29.960187	2022-12-20 18:21:29.960187
168	10	2	1	\N	\N	2022-12-26 15:00:00	\N	1	868113	2022-12-20 18:21:29.96557	2022-12-20 18:21:29.96557
169	1	19	1	\N	\N	2022-12-27 20:00:00	\N	1	868114	2022-12-20 18:21:29.971058	2022-12-20 18:21:29.971058
170	7	15	1	\N	\N	2022-12-26 15:00:00	\N	1	868115	2022-12-20 18:21:29.976536	2022-12-20 18:21:29.976536
171	3	16	1	\N	\N	2022-12-31 15:00:00	\N	1	868116	2022-12-20 18:21:29.982167	2022-12-20 18:21:29.982167
172	15	8	1	\N	\N	2022-12-31 17:30:00	\N	1	868117	2022-12-20 18:21:29.987357	2022-12-20 18:21:29.987357
173	4	7	1	\N	\N	2022-12-31 15:00:00	\N	1	868118	2022-12-20 18:21:29.992624	2022-12-20 18:21:29.992624
174	6	10	1	\N	\N	2022-12-30 20:00:00	\N	1	868119	2022-12-20 18:21:29.997575	2022-12-20 18:21:29.997575
175	14	9	1	\N	\N	2022-12-31 15:00:00	\N	1	868120	2022-12-20 18:21:30.002498	2022-12-20 18:21:30.002498
176	2	18	1	\N	\N	2022-12-31 15:00:00	\N	1	868121	2022-12-20 18:21:30.007745	2022-12-20 18:21:30.007745
89	7	9	1	1	2	2022-10-01 14:00:00	\N	1	868034	2022-12-20 18:21:29.519535	2023-03-12 18:41:22.496033
90	12	5	1	2	0	2022-10-01 16:30:00	\N	1	868035	2022-12-20 18:21:29.524959	2023-03-12 18:41:31.31872
91	3	10	1	2	1	2022-10-08 14:00:00	\N	1	868036	2022-12-20 18:21:29.530104	2023-03-12 18:41:40.135256
92	8	6	1	3	2	2022-10-09 15:30:00	\N	1	868037	2022-12-20 18:21:29.535107	2023-03-12 18:41:48.911306
93	15	11	1	0	1	2022-10-08 16:30:00	\N	1	868038	2022-12-20 18:21:29.540356	2023-03-12 18:41:57.601743
94	13	5	1	3	0	2022-10-08 14:00:00	\N	1	868039	2022-12-20 18:21:29.546196	2023-03-12 18:42:06.360404
96	9	1	1	1	2	2022-10-09 18:00:00	\N	1	868041	2022-12-20 18:21:29.556538	2023-03-12 18:42:23.951406
97	14	7	1	4	0	2022-10-08 14:00:00	\N	1	868042	2022-12-20 18:21:29.561793	2023-03-12 18:42:32.8819
98	2	17	1	5	1	2022-10-08 14:00:00	\N	1	868043	2022-12-20 18:21:29.566951	2023-03-12 18:42:41.699233
99	19	20	1	1	1	2022-10-10 19:00:00	\N	1	868044	2022-12-20 18:21:29.572114	2023-03-12 18:42:50.506319
100	12	4	1	3	1	2022-10-09 13:00:00	\N	1	868045	2022-12-20 18:21:29.577121	2023-03-12 18:42:59.223583
101	20	13	1	0	2	2022-10-16 13:00:00	\N	1	868046	2022-12-20 18:21:29.582025	2023-03-12 18:43:08.072947
102	17	15	1	2	0	2022-10-14 19:00:00	\N	1	868047	2022-12-20 18:21:29.58685	2023-03-12 18:43:16.836507
104	18	8	1	0	1	2022-10-16 13:00:00	\N	1	868049	2022-12-20 18:21:29.598284	2023-03-12 18:43:34.369345
105	10	16	1	0	0	2022-10-15 11:30:00	\N	1	868050	2022-12-20 18:21:29.603827	2023-03-12 18:43:43.129681
106	6	14	1	1	0	2022-10-16 15:30:00	\N	1	868051	2022-12-20 18:21:29.609352	2023-03-12 18:43:51.89111
107	1	2	1	0	0	2022-10-16 13:00:00	\N	1	868052	2022-12-20 18:21:29.614949	2023-03-12 18:44:00.653103
108	7	12	1	1	1	2022-10-16 13:00:00	\N	1	868053	2022-12-20 18:21:29.619981	2023-03-12 18:44:09.589066
109	11	9	1	2	0	2022-10-15 16:30:00	\N	1	868054	2022-12-20 18:21:29.625245	2023-03-12 18:44:18.47338
177	19	13	1	\N	\N	2023-01-01 16:30:00	\N	1	868122	2022-12-20 18:21:30.013271	2022-12-20 18:21:30.013271
178	11	20	1	\N	\N	2023-01-01 14:00:00	\N	1	868123	2022-12-20 18:21:30.018696	2022-12-20 18:21:30.018696
179	12	17	1	\N	\N	2022-12-30 19:45:00	\N	1	868124	2022-12-20 18:21:30.023962	2022-12-20 18:21:30.023962
180	5	1	1	\N	\N	2022-12-31 12:30:00	\N	1	868125	2022-12-20 18:21:30.029075	2022-12-20 18:21:30.029075
181	8	2	1	\N	\N	2023-01-03 19:45:00	\N	1	868126	2022-12-20 18:21:30.035253	2022-12-20 18:21:30.035253
182	20	5	1	\N	\N	2023-01-04 20:00:00	\N	1	868127	2022-12-20 18:21:30.040794	2022-12-20 18:21:30.040794
183	17	6	1	\N	\N	2023-01-02 17:30:00	\N	1	868128	2022-12-20 18:21:30.046366	2022-12-20 18:21:30.046366
184	13	14	1	\N	\N	2023-01-05 20:00:00	\N	1	868129	2022-12-20 18:21:30.051531	2022-12-20 18:21:30.051531
185	16	11	1	\N	\N	2023-01-04 20:00:00	\N	1	868130	2022-12-20 18:21:30.056911	2022-12-20 18:21:30.056911
186	9	15	1	\N	\N	2023-01-03 19:45:00	\N	1	868131	2022-12-20 18:21:30.0628	2022-12-20 18:21:30.0628
187	18	12	1	\N	\N	2023-01-04 19:45:00	\N	1	868132	2022-12-20 18:21:30.068063	2022-12-20 18:21:30.068063
188	10	4	1	\N	\N	2023-01-03 19:45:00	\N	1	868133	2022-12-20 18:21:30.073415	2022-12-20 18:21:30.073415
189	1	3	1	\N	\N	2023-01-03 20:00:00	\N	1	868134	2022-12-20 18:21:30.07923	2022-12-20 18:21:30.07923
190	7	19	1	\N	\N	2023-01-04 19:30:00	\N	1	868135	2022-12-20 18:21:30.085189	2022-12-20 18:21:30.085189
191	20	18	1	\N	\N	2023-01-13 20:00:00	\N	1	868136	2022-12-20 18:21:30.090873	2022-12-20 18:21:30.090873
192	17	3	1	\N	\N	2023-01-14 17:30:00	\N	1	868137	2022-12-20 18:21:30.096178	2022-12-20 18:21:30.096178
193	15	6	1	\N	\N	2023-01-14 15:00:00	\N	1	868138	2022-12-20 18:21:30.101255	2022-12-20 18:21:30.101255
194	13	16	1	\N	\N	2023-01-15 14:00:00	\N	1	868139	2022-12-20 18:21:30.10623	2022-12-20 18:21:30.10623
195	9	7	1	\N	\N	2023-01-14 15:00:00	\N	1	868140	2022-12-20 18:21:30.111725	2022-12-20 18:21:30.111725
196	1	14	1	\N	\N	2023-01-14 12:30:00	\N	1	868141	2022-12-20 18:21:30.117496	2022-12-20 18:21:30.117496
197	2	4	1	\N	\N	2023-01-15 14:00:00	\N	1	868142	2022-12-20 18:21:30.123035	2022-12-20 18:21:30.123035
198	19	10	1	\N	\N	2023-01-14 15:00:00	\N	1	868143	2022-12-20 18:21:30.128681	2022-12-20 18:21:30.128681
199	11	8	1	\N	\N	2023-01-15 16:30:00	\N	1	868144	2022-12-20 18:21:30.134422	2022-12-20 18:21:30.134422
200	5	12	1	\N	\N	2023-01-14 15:00:00	\N	1	868145	2022-12-20 18:21:30.13968	2022-12-20 18:21:30.13968
201	3	19	1	\N	\N	2023-01-21 15:00:00	\N	1	868146	2022-12-20 18:21:30.144813	2022-12-20 18:21:30.144813
202	8	1	1	\N	\N	2023-01-22 16:30:00	\N	1	868147	2022-12-20 18:21:30.149638	2022-12-20 18:21:30.149638
203	16	2	1	\N	\N	2023-01-21 17:30:00	\N	1	868148	2022-12-20 18:21:30.1545	2022-12-20 18:21:30.1545
204	4	11	1	\N	\N	2023-01-23 20:00:00	\N	1	868149	2022-12-20 18:21:30.159474	2022-12-20 18:21:30.159474
205	18	17	1	\N	\N	2023-01-22 14:00:00	\N	1	868150	2022-12-20 18:21:30.165259	2022-12-20 18:21:30.165259
206	10	15	1	\N	\N	2023-01-21 15:00:00	\N	1	868151	2022-12-20 18:21:30.170805	2022-12-20 18:21:30.170805
207	6	13	1	\N	\N	2023-01-21 12:30:00	\N	1	868152	2022-12-20 18:21:30.176361	2022-12-20 18:21:30.176361
208	14	5	1	\N	\N	2023-01-22 14:00:00	\N	1	868153	2022-12-20 18:21:30.181908	2022-12-20 18:21:30.181908
209	7	20	1	\N	\N	2023-01-21 15:00:00	\N	1	868154	2022-12-20 18:21:30.186891	2022-12-20 18:21:30.186891
210	12	9	1	\N	\N	2023-01-21 15:00:00	\N	1	868155	2022-12-20 18:21:30.19197	2022-12-20 18:21:30.19197
211	20	10	1	\N	\N	2023-02-04 15:00:00	\N	1	868156	2022-12-20 18:21:30.19699	2022-12-20 18:21:30.19699
212	17	7	1	\N	\N	2023-02-04 15:00:00	\N	1	868157	2022-12-20 18:21:30.20195	2022-12-20 18:21:30.20195
213	15	3	1	\N	\N	2023-02-04 15:00:00	\N	1	868158	2022-12-20 18:21:30.206837	2022-12-20 18:21:30.206837
214	13	4	1	\N	\N	2023-02-03 20:00:00	\N	1	868159	2022-12-20 18:21:30.212254	2022-12-20 18:21:30.212254
215	9	8	1	\N	\N	2023-02-04 12:30:00	\N	1	868160	2022-12-20 18:21:30.218078	2022-12-20 18:21:30.218078
216	1	16	1	\N	\N	2023-02-04 15:00:00	\N	1	868161	2022-12-20 18:21:30.223362	2022-12-20 18:21:30.223362
217	2	12	1	\N	\N	2023-02-04 17:30:00	\N	1	868162	2022-12-20 18:21:30.229285	2022-12-20 18:21:30.229285
218	19	18	1	\N	\N	2023-02-05 14:00:00	\N	1	868163	2022-12-20 18:21:30.235083	2022-12-20 18:21:30.235083
219	11	14	1	\N	\N	2023-02-05 16:30:00	\N	1	868164	2022-12-20 18:21:30.240794	2022-12-20 18:21:30.240794
220	5	6	1	\N	\N	2023-02-04 15:00:00	\N	1	868165	2022-12-20 18:21:30.250301	2022-12-20 18:21:30.250301
221	3	2	1	\N	\N	2023-02-11 17:30:00	\N	1	868166	2022-12-20 18:21:30.256917	2022-12-20 18:21:30.256917
222	8	17	1	\N	\N	2023-02-11 15:00:00	\N	1	868167	2022-12-20 18:21:30.263544	2022-12-20 18:21:30.263544
223	16	15	1	\N	\N	2023-02-11 15:00:00	\N	1	868168	2022-12-20 18:21:30.27025	2022-12-20 18:21:30.27025
224	4	19	1	\N	\N	2023-02-11 15:00:00	\N	1	868169	2022-12-20 18:21:30.276458	2022-12-20 18:21:30.276458
225	18	1	1	\N	\N	2023-02-12 14:00:00	\N	1	868170	2022-12-20 18:21:30.283033	2022-12-20 18:21:30.283033
226	10	11	1	\N	\N	2023-02-11 15:00:00	\N	1	868171	2022-12-20 18:21:30.289285	2022-12-20 18:21:30.289285
227	6	9	1	\N	\N	2023-02-13 20:00:00	\N	1	868172	2022-12-20 18:21:30.29525	2022-12-20 18:21:30.29525
228	14	20	1	\N	\N	2023-02-12 16:30:00	\N	1	868173	2022-12-20 18:21:30.30112	2022-12-20 18:21:30.30112
229	7	5	1	\N	\N	2023-02-11 15:00:00	\N	1	868174	2022-12-20 18:21:30.306509	2022-12-20 18:21:30.306509
230	12	13	1	\N	\N	2023-02-11 12:30:00	\N	1	868175	2022-12-20 18:21:30.311872	2022-12-20 18:21:30.311872
231	20	8	1	\N	\N	2023-02-18 12:30:00	\N	1	868176	2022-12-20 18:21:30.317477	2022-12-20 18:21:30.317477
232	17	16	1	\N	\N	2023-02-18 15:00:00	\N	1	868177	2022-12-20 18:21:30.323143	2022-12-20 18:21:30.323143
233	15	4	1	\N	\N	2023-02-18 15:00:00	\N	1	868178	2022-12-20 18:21:30.329004	2022-12-20 18:21:30.329004
234	13	7	1	\N	\N	2023-02-18 15:00:00	\N	1	868179	2022-12-20 18:21:30.334427	2022-12-20 18:21:30.334427
235	9	18	1	\N	\N	2023-02-18 15:00:00	\N	1	868180	2022-12-20 18:21:30.33934	2022-12-20 18:21:30.33934
236	1	10	1	\N	\N	2023-02-19 14:00:00	\N	1	868181	2022-12-20 18:21:30.344339	2022-12-20 18:21:30.344339
237	2	6	1	\N	\N	2023-02-18 17:30:00	\N	1	868182	2022-12-20 18:21:30.349848	2022-12-20 18:21:30.349848
238	19	14	1	\N	\N	2023-02-18 15:00:00	\N	1	868183	2022-12-20 18:21:30.355118	2022-12-20 18:21:30.355118
239	11	12	1	\N	\N	2023-02-19 16:30:00	\N	1	868184	2022-12-20 18:21:30.360519	2022-12-20 18:21:30.360519
240	5	3	1	\N	\N	2023-02-18 15:00:00	\N	1	868185	2022-12-20 18:21:30.367429	2022-12-20 18:21:30.367429
241	3	14	1	\N	\N	2023-02-25 17:30:00	\N	1	868186	2022-12-20 18:21:30.374138	2022-12-20 18:21:30.374138
242	16	6	1	\N	\N	2023-02-25 19:45:00	\N	1	868187	2022-12-20 18:21:30.38075	2022-12-20 18:21:30.38075
243	9	20	1	\N	\N	2023-02-25 15:00:00	\N	1	868188	2022-12-20 18:21:30.386776	2022-12-20 18:21:30.386776
244	4	5	1	\N	\N	2023-02-24 20:00:00	\N	1	868189	2022-12-20 18:21:30.392	2022-12-20 18:21:30.392
245	18	7	1	\N	\N	2023-02-25 15:00:00	\N	1	868190	2022-12-20 18:21:30.397435	2022-12-20 18:21:30.397435
246	10	8	1	\N	\N	2023-02-25 15:00:00	\N	1	868191	2022-12-20 18:21:30.4027	2022-12-20 18:21:30.4027
247	1	17	1	\N	\N	2023-02-26 13:30:00	\N	1	868192	2022-12-20 18:21:30.407955	2022-12-20 18:21:30.407955
248	2	15	1	\N	\N	2023-02-25 12:30:00	\N	1	868193	2022-12-20 18:21:30.413214	2022-12-20 18:21:30.413214
249	11	13	1	\N	\N	2023-02-26 13:30:00	\N	1	868194	2022-12-20 18:21:30.418852	2022-12-20 18:21:30.418852
250	12	19	1	\N	\N	2023-02-25 15:00:00	\N	1	868195	2022-12-20 18:21:30.425099	2022-12-20 18:21:30.425099
251	8	3	1	\N	\N	2023-03-04 15:00:00	\N	1	868196	2022-12-20 18:21:30.431325	2022-12-20 18:21:30.431325
252	20	16	1	\N	\N	2023-03-04 15:00:00	\N	1	868197	2022-12-20 18:21:30.437136	2022-12-20 18:21:30.437136
253	17	4	1	\N	\N	2023-03-04 15:00:00	\N	1	868198	2022-12-20 18:21:30.442352	2022-12-20 18:21:30.442352
254	15	12	1	\N	\N	2023-03-04 15:00:00	\N	1	868199	2022-12-20 18:21:30.447619	2022-12-20 18:21:30.447619
255	13	18	1	\N	\N	2023-03-04 15:00:00	\N	1	868200	2022-12-20 18:21:30.452532	2022-12-20 18:21:30.452532
256	6	1	1	\N	\N	2023-03-04 15:00:00	\N	1	868201	2022-12-20 18:21:30.457609	2022-12-20 18:21:30.457609
257	14	2	1	\N	\N	2023-03-04 15:00:00	\N	1	868202	2022-12-20 18:21:30.462563	2022-12-20 18:21:30.462563
258	19	9	1	\N	\N	2023-03-04 15:00:00	\N	1	868203	2022-12-20 18:21:30.467498	2022-12-20 18:21:30.467498
259	7	10	1	\N	\N	2023-03-04 15:00:00	\N	1	868204	2022-12-20 18:21:30.472916	2022-12-20 18:21:30.472916
260	5	11	1	\N	\N	2023-03-04 15:00:00	\N	1	868205	2022-12-20 18:21:30.478537	2022-12-20 18:21:30.478537
261	3	6	1	\N	\N	2023-03-11 15:00:00	\N	1	868206	2022-12-20 18:21:30.483658	2022-12-20 18:21:30.483658
262	16	14	1	\N	\N	2023-03-11 15:00:00	\N	1	868207	2022-12-20 18:21:30.488783	2022-12-20 18:21:30.488783
263	9	17	1	\N	\N	2023-03-11 15:00:00	\N	1	868208	2022-12-20 18:21:30.493751	2022-12-20 18:21:30.493751
264	4	8	1	\N	\N	2023-03-11 15:00:00	\N	1	868209	2022-12-20 18:21:30.499547	2022-12-20 18:21:30.499547
265	18	15	1	\N	\N	2023-03-11 15:00:00	\N	1	868210	2022-12-20 18:21:30.504601	2022-12-20 18:21:30.504601
266	10	13	1	\N	\N	2023-03-11 15:00:00	\N	1	868211	2022-12-20 18:21:30.509926	2022-12-20 18:21:30.509926
267	1	7	1	\N	\N	2023-03-11 15:00:00	\N	1	868212	2022-12-20 18:21:30.514779	2022-12-20 18:21:30.514779
268	2	5	1	\N	\N	2023-03-11 15:00:00	\N	1	868213	2022-12-20 18:21:30.51952	2022-12-20 18:21:30.51952
269	11	19	1	\N	\N	2023-03-11 15:00:00	\N	1	868214	2022-12-20 18:21:30.524543	2022-12-20 18:21:30.524543
270	12	20	1	\N	\N	2023-03-11 15:00:00	\N	1	868215	2022-12-20 18:21:30.52974	2022-12-20 18:21:30.52974
271	8	16	1	\N	\N	2023-03-18 15:00:00	\N	1	868216	2022-12-20 18:21:30.534653	2022-12-20 18:21:30.534653
272	20	3	1	\N	\N	2023-03-18 15:00:00	\N	1	868217	2022-12-20 18:21:30.540055	2022-12-20 18:21:30.540055
273	17	10	1	\N	\N	2023-03-18 15:00:00	\N	1	868218	2022-12-20 18:21:30.545335	2022-12-20 18:21:30.545335
274	15	1	1	\N	\N	2023-03-18 15:00:00	\N	1	868219	2022-12-20 18:21:30.550489	2022-12-20 18:21:30.550489
275	13	9	1	\N	\N	2023-03-18 15:00:00	\N	1	868220	2022-12-20 18:21:30.555411	2022-12-20 18:21:30.555411
276	6	4	1	\N	\N	2023-03-18 15:00:00	\N	1	868221	2022-12-20 18:21:30.560468	2022-12-20 18:21:30.560468
277	14	12	1	\N	\N	2023-03-18 15:00:00	\N	1	868222	2022-12-20 18:21:30.56553	2022-12-20 18:21:30.56553
278	19	2	1	\N	\N	2023-03-18 15:00:00	\N	1	868223	2022-12-20 18:21:30.570611	2022-12-20 18:21:30.570611
279	7	11	1	\N	\N	2023-03-18 15:00:00	\N	1	868224	2022-12-20 18:21:30.576093	2022-12-20 18:21:30.576093
280	5	18	1	\N	\N	2023-03-18 15:00:00	\N	1	868225	2022-12-20 18:21:30.581671	2022-12-20 18:21:30.581671
281	3	4	1	\N	\N	2023-04-01 14:00:00	\N	1	868226	2022-12-20 18:21:30.587045	2022-12-20 18:21:30.587045
282	8	18	1	\N	\N	2023-04-01 14:00:00	\N	1	868227	2022-12-20 18:21:30.592576	2022-12-20 18:21:30.592576
283	15	17	1	\N	\N	2023-04-01 14:00:00	\N	1	868228	2022-12-20 18:21:30.598326	2022-12-20 18:21:30.598326
284	13	20	1	\N	\N	2023-04-01 14:00:00	\N	1	868229	2022-12-20 18:21:30.604122	2022-12-20 18:21:30.604122
285	16	10	1	\N	\N	2023-04-01 14:00:00	\N	1	868230	2022-12-20 18:21:30.609623	2022-12-20 18:21:30.609623
286	9	11	1	\N	\N	2023-04-01 14:00:00	\N	1	868231	2022-12-20 18:21:30.614528	2022-12-20 18:21:30.614528
287	14	6	1	\N	\N	2023-04-01 14:00:00	\N	1	868232	2022-12-20 18:21:30.619391	2022-12-20 18:21:30.619391
288	2	1	1	\N	\N	2023-04-01 14:00:00	\N	1	868233	2022-12-20 18:21:30.627442	2022-12-20 18:21:30.627442
289	19	5	1	\N	\N	2023-04-01 14:00:00	\N	1	868234	2022-12-20 18:21:30.643041	2022-12-20 18:21:30.643041
290	12	7	1	\N	\N	2023-04-01 14:00:00	\N	1	868235	2022-12-20 18:21:30.65604	2022-12-20 18:21:30.65604
291	20	19	1	\N	\N	2023-04-08 14:00:00	\N	1	868236	2022-12-20 18:21:30.670392	2022-12-20 18:21:30.670392
292	17	2	1	\N	\N	2023-04-08 14:00:00	\N	1	868237	2022-12-20 18:21:30.687808	2022-12-20 18:21:30.687808
293	4	12	1	\N	\N	2023-04-08 14:00:00	\N	1	868238	2022-12-20 18:21:30.705094	2022-12-20 18:21:30.705094
294	18	16	1	\N	\N	2023-04-08 14:00:00	\N	1	868239	2022-12-20 18:21:30.716268	2022-12-20 18:21:30.716268
295	10	3	1	\N	\N	2023-04-08 14:00:00	\N	1	868240	2022-12-20 18:21:30.749816	2022-12-20 18:21:30.749816
296	6	8	1	\N	\N	2023-04-08 14:00:00	\N	1	868241	2022-12-20 18:21:30.75749	2022-12-20 18:21:30.75749
297	1	9	1	\N	\N	2023-04-08 14:00:00	\N	1	868242	2022-12-20 18:21:30.764594	2022-12-20 18:21:30.764594
298	7	14	1	\N	\N	2023-04-08 14:00:00	\N	1	868243	2022-12-20 18:21:30.771223	2022-12-20 18:21:30.771223
299	11	15	1	\N	\N	2023-04-08 14:00:00	\N	1	868244	2022-12-20 18:21:30.777329	2022-12-20 18:21:30.777329
300	5	13	1	\N	\N	2023-04-08 14:00:00	\N	1	868245	2022-12-20 18:21:30.783516	2022-12-20 18:21:30.783516
301	20	2	1	\N	\N	2023-04-15 14:00:00	\N	1	868246	2022-12-20 18:21:30.790021	2022-12-20 18:21:30.790021
302	13	15	1	\N	\N	2023-04-15 14:00:00	\N	1	868247	2022-12-20 18:21:30.796239	2022-12-20 18:21:30.796239
303	9	4	1	\N	\N	2023-04-15 14:00:00	\N	1	868248	2022-12-20 18:21:30.802178	2022-12-20 18:21:30.802178
304	18	6	1	\N	\N	2023-04-15 14:00:00	\N	1	868249	2022-12-20 18:21:30.807674	2022-12-20 18:21:30.807674
305	14	10	1	\N	\N	2023-04-15 14:00:00	\N	1	868250	2022-12-20 18:21:30.813105	2022-12-20 18:21:30.813105
306	19	1	1	\N	\N	2023-04-15 14:00:00	\N	1	868251	2022-12-20 18:21:30.818028	2022-12-20 18:21:30.818028
307	7	16	1	\N	\N	2023-04-15 14:00:00	\N	1	868252	2022-12-20 18:21:30.822897	2022-12-20 18:21:30.822897
308	11	3	1	\N	\N	2023-04-15 14:00:00	\N	1	868253	2022-12-20 18:21:30.828093	2022-12-20 18:21:30.828093
309	12	8	1	\N	\N	2023-04-15 14:00:00	\N	1	868254	2022-12-20 18:21:30.833088	2022-12-20 18:21:30.833088
310	5	17	1	\N	\N	2023-04-15 14:00:00	\N	1	868255	2022-12-20 18:21:30.838862	2022-12-20 18:21:30.838862
311	3	12	1	\N	\N	2023-04-22 14:00:00	\N	1	868256	2022-12-20 18:21:30.844226	2022-12-20 18:21:30.844226
312	8	7	1	\N	\N	2023-04-22 14:00:00	\N	1	868257	2022-12-20 18:21:30.85029	2022-12-20 18:21:30.85029
313	17	20	1	\N	\N	2023-04-22 14:00:00	\N	1	868258	2022-12-20 18:21:30.855293	2022-12-20 18:21:30.855293
314	15	14	1	\N	\N	2023-04-22 14:00:00	\N	1	868259	2022-12-20 18:21:30.86031	2022-12-20 18:21:30.86031
315	16	9	1	\N	\N	2023-04-22 14:00:00	\N	1	868260	2022-12-20 18:21:30.865295	2022-12-20 18:21:30.865295
316	4	18	1	\N	\N	2023-04-22 14:00:00	\N	1	868261	2022-12-20 18:21:30.870095	2022-12-20 18:21:30.870095
317	10	5	1	\N	\N	2023-04-22 14:00:00	\N	1	868262	2022-12-20 18:21:30.874986	2022-12-20 18:21:30.874986
318	6	19	1	\N	\N	2023-04-22 14:00:00	\N	1	868263	2022-12-20 18:21:30.880144	2022-12-20 18:21:30.880144
319	1	13	1	\N	\N	2023-04-22 14:00:00	\N	1	868264	2022-12-20 18:21:30.885011	2022-12-20 18:21:30.885011
320	2	11	1	\N	\N	2023-04-22 14:00:00	\N	1	868265	2022-12-20 18:21:30.89033	2022-12-20 18:21:30.89033
321	9	2	1	\N	\N	2023-04-25 18:45:00	\N	1	868266	2022-12-20 18:21:30.89531	2022-12-20 18:21:30.89531
322	18	10	1	\N	\N	2023-04-25 18:45:00	\N	1	868267	2022-12-20 18:21:30.900511	2022-12-20 18:21:30.900511
323	19	15	1	\N	\N	2023-04-25 18:45:00	\N	1	868268	2022-12-20 18:21:30.905708	2022-12-20 18:21:30.905708
324	11	1	1	\N	\N	2023-04-25 18:45:00	\N	1	868269	2022-12-20 18:21:30.911053	2022-12-20 18:21:30.911053
325	12	6	1	\N	\N	2023-04-25 18:45:00	\N	1	868270	2022-12-20 18:21:30.916194	2022-12-20 18:21:30.916194
326	5	16	1	\N	\N	2023-04-25 18:45:00	\N	1	868271	2022-12-20 18:21:30.921283	2022-12-20 18:21:30.921283
327	20	4	1	\N	\N	2023-04-25 19:00:00	\N	1	868272	2022-12-20 18:21:30.926221	2022-12-20 18:21:30.926221
328	13	17	1	\N	\N	2023-04-26 18:45:00	\N	1	868273	2022-12-20 18:21:30.931147	2022-12-20 18:21:30.931147
329	7	3	1	\N	\N	2023-04-26 18:45:00	\N	1	868274	2022-12-20 18:21:30.936094	2022-12-20 18:21:30.936094
330	14	8	1	\N	\N	2023-04-26 19:00:00	\N	1	868275	2022-12-20 18:21:30.941291	2022-12-20 18:21:30.941291
331	3	18	1	\N	\N	2023-04-29 14:00:00	\N	1	868276	2022-12-20 18:21:30.946326	2022-12-20 18:21:30.946326
332	8	13	1	\N	\N	2023-04-29 14:00:00	\N	1	868277	2022-12-20 18:21:30.951548	2022-12-20 18:21:30.951548
333	17	19	1	\N	\N	2023-04-29 14:00:00	\N	1	868278	2022-12-20 18:21:30.956503	2022-12-20 18:21:30.956503
334	15	5	1	\N	\N	2023-04-29 14:00:00	\N	1	868279	2022-12-20 18:21:30.9615	2022-12-20 18:21:30.9615
335	16	12	1	\N	\N	2023-04-29 14:00:00	\N	1	868280	2022-12-20 18:21:30.966436	2022-12-20 18:21:30.966436
336	4	14	1	\N	\N	2023-04-29 14:00:00	\N	1	868281	2022-12-20 18:21:30.971307	2022-12-20 18:21:30.971307
337	10	9	1	\N	\N	2023-04-29 14:00:00	\N	1	868282	2022-12-20 18:21:30.976322	2022-12-20 18:21:30.976322
338	6	11	1	\N	\N	2023-04-29 14:00:00	\N	1	868283	2022-12-20 18:21:30.981419	2022-12-20 18:21:30.981419
339	1	20	1	\N	\N	2023-04-29 14:00:00	\N	1	868284	2022-12-20 18:21:30.986582	2022-12-20 18:21:30.986582
340	2	7	1	\N	\N	2023-04-29 14:00:00	\N	1	868285	2022-12-20 18:21:30.99173	2022-12-20 18:21:30.99173
341	3	13	1	\N	\N	2023-05-06 14:00:00	\N	1	868286	2022-12-20 18:21:30.99671	2022-12-20 18:21:30.99671
342	15	9	1	\N	\N	2023-05-06 14:00:00	\N	1	868287	2022-12-20 18:21:31.001752	2022-12-20 18:21:31.001752
343	4	10	1	\N	\N	2023-05-06 14:00:00	\N	1	868288	2022-12-20 18:21:31.006818	2022-12-20 18:21:31.006818
344	6	17	1	\N	\N	2023-05-06 14:00:00	\N	1	868289	2022-12-20 18:21:31.011788	2022-12-20 18:21:31.011788
345	14	18	1	\N	\N	2023-05-06 14:00:00	\N	1	868290	2022-12-20 18:21:31.016744	2022-12-20 18:21:31.016744
346	2	8	1	\N	\N	2023-05-06 14:00:00	\N	1	868291	2022-12-20 18:21:31.021622	2022-12-20 18:21:31.021622
347	19	7	1	\N	\N	2023-05-06 14:00:00	\N	1	868292	2022-12-20 18:21:31.027049	2022-12-20 18:21:31.027049
348	11	16	1	\N	\N	2023-05-06 14:00:00	\N	1	868293	2022-12-20 18:21:31.032321	2022-12-20 18:21:31.032321
349	12	1	1	\N	\N	2023-05-06 14:00:00	\N	1	868294	2022-12-20 18:21:31.037715	2022-12-20 18:21:31.037715
350	5	20	1	\N	\N	2023-05-06 14:00:00	\N	1	868295	2022-12-20 18:21:31.042956	2022-12-20 18:21:31.042956
351	8	15	1	\N	\N	2023-05-13 14:00:00	\N	1	868296	2022-12-20 18:21:31.047899	2022-12-20 18:21:31.047899
352	20	11	1	\N	\N	2023-05-13 14:00:00	\N	1	868297	2022-12-20 18:21:31.053244	2022-12-20 18:21:31.053244
353	17	12	1	\N	\N	2023-05-13 14:00:00	\N	1	868298	2022-12-20 18:21:31.058248	2022-12-20 18:21:31.058248
354	13	19	1	\N	\N	2023-05-13 14:00:00	\N	1	868299	2022-12-20 18:21:31.064048	2022-12-20 18:21:31.064048
355	16	3	1	\N	\N	2023-05-13 14:00:00	\N	1	868300	2022-12-20 18:21:31.069433	2022-12-20 18:21:31.069433
356	9	14	1	\N	\N	2023-05-13 14:00:00	\N	1	868301	2022-12-20 18:21:31.074623	2022-12-20 18:21:31.074623
357	18	2	1	\N	\N	2023-05-13 14:00:00	\N	1	868302	2022-12-20 18:21:31.080097	2022-12-20 18:21:31.080097
358	10	6	1	\N	\N	2023-05-13 14:00:00	\N	1	868303	2022-12-20 18:21:31.085124	2022-12-20 18:21:31.085124
359	1	5	1	\N	\N	2023-05-13 14:00:00	\N	1	868304	2022-12-20 18:21:31.09051	2022-12-20 18:21:31.09051
360	7	4	1	\N	\N	2023-05-13 14:00:00	\N	1	868305	2022-12-20 18:21:31.095908	2022-12-20 18:21:31.095908
361	3	1	1	\N	\N	2023-05-20 14:00:00	\N	1	868306	2022-12-20 18:21:31.100878	2022-12-20 18:21:31.100878
362	15	7	1	\N	\N	2023-05-20 14:00:00	\N	1	868307	2022-12-20 18:21:31.107007	2022-12-20 18:21:31.107007
363	4	16	1	\N	\N	2023-05-20 14:00:00	\N	1	868308	2022-12-20 18:21:31.112345	2022-12-20 18:21:31.112345
364	6	20	1	\N	\N	2023-05-20 14:00:00	\N	1	868309	2022-12-20 18:21:31.117568	2022-12-20 18:21:31.117568
365	14	13	1	\N	\N	2023-05-20 14:00:00	\N	1	868310	2022-12-20 18:21:31.122584	2022-12-20 18:21:31.122584
366	2	10	1	\N	\N	2023-05-20 14:00:00	\N	1	868311	2022-12-20 18:21:31.127557	2022-12-20 18:21:31.127557
367	19	8	1	\N	\N	2023-05-20 14:00:00	\N	1	868312	2022-12-20 18:21:31.132516	2022-12-20 18:21:31.132516
368	11	17	1	\N	\N	2023-05-20 14:00:00	\N	1	868313	2022-12-20 18:21:31.137482	2022-12-20 18:21:31.137482
369	12	18	1	\N	\N	2023-05-20 14:00:00	\N	1	868314	2022-12-20 18:21:31.143549	2022-12-20 18:21:31.143549
370	5	9	1	\N	\N	2023-05-20 14:00:00	\N	1	868315	2022-12-20 18:21:31.150224	2022-12-20 18:21:31.150224
371	8	5	1	\N	\N	2023-05-28 15:00:00	\N	1	868316	2022-12-20 18:21:31.156285	2022-12-20 18:21:31.156285
372	20	15	1	\N	\N	2023-05-28 15:00:00	\N	1	868317	2022-12-20 18:21:31.162416	2022-12-20 18:21:31.162416
373	17	14	1	\N	\N	2023-05-28 15:00:00	\N	1	868318	2022-12-20 18:21:31.167925	2022-12-20 18:21:31.167925
374	13	2	1	\N	\N	2023-05-28 15:00:00	\N	1	868319	2022-12-20 18:21:31.173895	2022-12-20 18:21:31.173895
375	16	19	1	\N	\N	2023-05-28 15:00:00	\N	1	868320	2022-12-20 18:21:31.180661	2022-12-20 18:21:31.180661
376	9	3	1	\N	\N	2023-05-28 15:00:00	\N	1	868321	2022-12-20 18:21:31.187825	2022-12-20 18:21:31.187825
377	18	11	1	\N	\N	2023-05-28 15:00:00	\N	1	868322	2022-12-20 18:21:31.195241	2022-12-20 18:21:31.195241
378	10	12	1	\N	\N	2023-05-28 15:00:00	\N	1	868323	2022-12-20 18:21:31.226957	2022-12-20 18:21:31.226957
379	1	4	1	\N	\N	2023-05-28 15:00:00	\N	1	868324	2022-12-20 18:21:31.235409	2022-12-20 18:21:31.235409
380	7	6	1	\N	\N	2023-05-28 15:00:00	\N	1	868325	2022-12-20 18:21:31.242123	2022-12-20 18:21:31.242123
1	16	8	1	0	2	2022-08-05 19:00:00	1	1	867946	2022-12-20 18:21:29.021831	2022-12-22 17:18:39.080643
9	1	15	1	\N	\N	2022-08-07 13:00:00	1	1	867954	2022-12-20 18:21:29.079434	2022-12-22 17:18:39.120326
145	14	4	1	2	1	2022-11-05 15:00:00	\N	1	868090	2022-12-20 18:21:29.841419	2023-01-10 19:13:48.968557
33	17	9	1	1	1	2022-08-27 14:00:00	\N	1	867978	2022-12-20 18:21:29.214858	2023-03-12 18:11:29.742205
41	3	5	1	0	0	2022-08-31 18:30:00	\N	1	867986	2022-12-20 18:21:29.256204	2023-03-12 18:33:38.683601
49	6	2	1	2	1	2022-08-31 19:00:00	\N	1	867994	2022-12-20 18:21:29.297205	2023-03-12 18:34:48.944789
58	19	3	1	2	3	2022-09-03 14:00:00	\N	1	868003	2022-12-20 18:21:29.349532	2023-03-12 18:36:07.875118
71	20	7	1	1	0	2022-09-16 19:00:00	\N	1	868016	2022-12-20 18:21:29.419169	2023-03-12 18:38:00.466294
81	3	17	1	0	0	2022-10-01 14:00:00	\N	1	868026	2022-12-20 18:21:29.474161	2023-03-12 18:39:27.56229
7	11	7	1	4	1	2022-08-06 14:00:00	1	1	867952	2022-12-20 18:21:29.067486	2023-03-12 18:40:47.310234
95	16	18	1	2	1	2022-10-09 13:00:00	\N	1	868040	2022-12-20 18:21:29.551315	2023-03-12 18:42:15.248974
103	4	3	1	2	2	2022-10-15 14:00:00	\N	1	868048	2022-12-20 18:21:29.592269	2023-03-12 18:43:25.614384
12	20	9	1	2	1	2022-08-13 11:30:00	2	1	867957	2022-12-20 18:21:29.096282	2022-12-29 12:43:21.59838
13	17	1	1	4	0	2022-08-13 16:30:00	2	1	867958	2022-12-20 18:21:29.101687	2023-03-07 19:57:30.568093
14	15	2	1	0	0	2022-08-13 14:00:00	2	1	867959	2022-12-20 18:21:29.107356	2023-03-12 18:08:51.793815
16	6	16	1	1	1	2022-08-15 19:00:00	2	1	867961	2022-12-20 18:21:29.118599	2023-03-12 18:09:09.34609
17	14	3	1	4	0	2022-08-13 14:00:00	2	1	867962	2022-12-20 18:21:29.124153	2023-03-12 18:09:18.299785
18	19	12	1	1	0	2022-08-14 13:00:00	2	1	867963	2022-12-20 18:21:29.129358	2023-03-12 18:09:27.077728
19	7	18	1	2	2	2022-08-13 14:00:00	2	1	867964	2022-12-20 18:21:29.134475	2023-03-12 18:09:35.837414
15	13	11	1	2	2	2022-08-14 15:30:00	2	1	867960	2022-12-20 18:21:29.113273	2023-03-12 18:09:00.560914
23	9	19	1	1	1	2022-08-20 14:00:00	3	1	867968	2022-12-20 18:21:29.157548	2023-03-12 18:10:10.877426
\.


--
-- Data for Name: goals; Type: TABLE DATA; Schema: public; Owner: goldsmid
--

COPY public.goals (id, player_season_id, team_season_id, fixture_id, assist_id, minute, goal_type, is_home, created_at, updated_at, own_goal, appearance_id) FROM stdin;
1	415	13	15	\N	19	goal	t	2023-03-12 18:09:00.395768	2023-03-12 18:09:00.395768	\N	32
2	350	11	15	\N	68	goal	\N	2023-03-12 18:09:00.437041	2023-03-12 18:09:00.437041	\N	45
3	414	13	15	\N	77	goal	t	2023-03-12 18:09:00.456241	2023-03-12 18:09:00.456241	\N	30
4	365	11	15	\N	90	goal	\N	2023-03-12 18:09:00.557708	2023-03-12 18:09:00.557708	\N	50
5	529	16	16	\N	32	goal	\N	2023-03-12 18:09:09.128794	2023-03-12 18:09:09.128794	\N	80
6	191	6	16	\N	61	goal	t	2023-03-12 18:09:09.197582	2023-03-12 18:09:09.197582	\N	69
7	457	14	17	\N	19	goal	t	2023-03-12 18:09:18.099164	2023-03-12 18:09:18.099164	\N	96
8	460	14	17	\N	31	goal	t	2023-03-12 18:09:18.107697	2023-03-12 18:09:18.107697	\N	98
9	463	14	17	\N	37	goal	t	2023-03-12 18:09:18.115848	2023-03-12 18:09:18.115848	\N	99
10	77	14	17	\N	79	\N	\N	2023-03-12 18:09:18.240422	2023-03-12 18:09:18.240422	t	103
11	632	19	18	\N	45	goal	t	2023-03-12 18:09:26.899654	2023-03-12 18:09:26.899654	\N	131
12	595	18	19	\N	46	goal	\N	2023-03-12 18:09:35.659076	2023-03-12 18:09:35.659076	\N	168
13	595	18	19	\N	60	goal	\N	2023-03-12 18:09:35.668553	2023-03-12 18:09:35.668553	\N	168
14	212	7	19	\N	72	goal	t	2023-03-12 18:09:35.716136	2023-03-12 18:09:35.716136	\N	173
15	201	7	19	\N	81	goal	t	2023-03-12 18:09:35.733896	2023-03-12 18:09:35.733896	\N	153
16	246	8	21	\N	5	goal	\N	2023-03-12 18:09:53.094264	2023-03-12 18:09:53.094264	\N	227
17	246	8	21	\N	11	goal	\N	2023-03-12 18:09:53.104295	2023-03-12 18:09:53.104295	\N	227
18	236	8	21	\N	54	goal	\N	2023-03-12 18:09:53.188401	2023-03-12 18:09:53.188401	\N	221
19	662	20	22	\N	5	goal	\N	2023-03-12 18:10:01.909982	2023-03-12 18:10:01.909982	\N	258
20	529	16	22	\N	7	goal	t	2023-03-12 18:10:01.919081	2023-03-12 18:10:01.919081	\N	247
21	529	16	22	\N	58	goal	t	2023-03-12 18:10:01.947704	2023-03-12 18:10:01.947704	\N	247
22	530	16	22	\N	71	goal	t	2023-03-12 18:10:01.993306	2023-03-12 18:10:01.993306	\N	261
23	634	19	23	\N	81	goal	\N	2023-03-12 18:10:10.822662	2023-03-12 18:10:10.822662	\N	289
24	298	9	23	\N	88	goal	t	2023-03-12 18:10:10.869261	2023-03-12 18:10:10.869261	\N	277
25	121	4	24	\N	1	goal	t	2023-03-12 18:10:19.494629	2023-03-12 18:10:19.494629	\N	303
26	115	4	24	\N	20	goal	t	2023-03-12 18:10:19.501703	2023-03-12 18:10:19.501703	\N	301
27	548	17	24	\N	44	goal	\N	2023-03-12 18:10:19.521348	2023-03-12 18:10:19.521348	\N	311
28	560	17	24	\N	71	goal	\N	2023-03-12 18:10:19.58842	2023-03-12 18:10:19.58842	\N	314
29	120	4	24	\N	90	goal	t	2023-03-12 18:10:19.665093	2023-03-12 18:10:19.665093	\N	304
30	318	10	26	\N	54	goal	t	2023-03-12 18:10:28.236184	2023-03-12 18:10:28.236184	\N	330
31	222	7	26	\N	68	goal	\N	2023-03-12 18:10:28.277298	2023-03-12 18:10:28.277298	\N	346
32	222	7	26	\N	84	goal	\N	2023-03-12 18:10:28.316839	2023-03-12 18:10:28.316839	\N	346
33	27	1	27	\N	16	goal	t	2023-03-12 18:10:36.961374	2023-03-12 18:10:36.961374	\N	359
34	25	1	27	\N	53	goal	t	2023-03-12 18:10:37.01203	2023-03-12 18:10:37.01203	\N	362
35	189	6	27	\N	81	goal	\N	2023-03-12 18:10:37.094123	2023-03-12 18:10:37.094123	\N	371
36	457	14	28	\N	5	goal	\N	2023-03-12 18:10:45.722826	2023-03-12 18:10:45.722826	\N	400
37	50	2	28	\N	28	goal	t	2023-03-12 18:10:45.75218	2023-03-12 18:10:45.75218	\N	390
38	56	2	28	\N	39	goal	t	2023-03-12 18:10:45.766317	2023-03-12 18:10:45.766317	\N	391
39	36	2	28	\N	54	goal	t	2023-03-12 18:10:45.779587	2023-03-12 18:10:45.779587	\N	383
40	466	14	28	\N	61	goal	\N	2023-03-12 18:10:45.786278	2023-03-12 18:10:45.786278	\N	402
41	461	14	28	\N	64	goal	\N	2023-03-12 18:10:45.79311	2023-03-12 18:10:45.79311	\N	401
42	365	11	29	\N	64	goal	t	2023-03-12 18:10:54.560022	2023-03-12 18:10:54.560022	\N	419
43	484	15	30	\N	22	goal	\N	2023-03-12 18:11:03.316057	2023-03-12 18:11:03.316057	\N	456
44	496	15	30	\N	66	goal	\N	2023-03-12 18:11:03.352333	2023-03-12 18:11:03.352333	\N	458
45	120	4	31	\N	56	goal	\N	2023-03-12 18:11:12.080839	2023-03-12 18:11:12.080839	\N	489
46	246	8	31	\N	64	goal	t	2023-03-12 18:11:12.103187	2023-03-12 18:11:12.103187	\N	476
47	235	8	31	\N	86	goal	t	2023-03-12 18:11:12.158245	2023-03-12 18:11:12.158245	\N	471
48	388	12	32	\N	74	goal	\N	2023-03-12 18:11:20.906049	2023-03-12 18:11:20.906049	\N	516
49	297	9	33	\N	24	goal	\N	2023-03-12 18:11:29.539109	2023-03-12 18:11:29.539109	\N	546
50	555	17	33	\N	84	goal	t	2023-03-12 18:11:29.682544	2023-03-12 18:11:29.682544	\N	552
51	485	15	34	\N	66	goal	t	2023-03-12 18:11:38.398971	2023-03-12 18:11:38.398971	\N	567
52	440	13	35	\N	47	goal	t	2023-03-12 18:11:47.200828	2023-03-12 18:11:47.200828	\N	599
53	440	13	35	\N	63	goal	t	2023-03-12 18:11:47.241073	2023-03-12 18:11:47.241073	\N	599
54	316	10	35	\N	66	goal	\N	2023-03-12 18:11:47.251815	2023-03-12 18:11:47.251815	\N	609
55	191	6	36	\N	3	goal	t	2023-03-12 18:11:55.939099	2023-03-12 18:11:55.939099	\N	628
56	183	6	36	\N	6	goal	t	2023-03-12 18:11:55.949122	2023-03-12 18:11:55.949122	\N	623
57	173	6	36	\N	28	goal	t	2023-03-12 18:11:55.957965	2023-03-12 18:11:55.957965	\N	619
58	188	6	36	\N	31	goal	t	2023-03-12 18:11:55.966685	2023-03-12 18:11:55.966685	\N	627
59	165	6	36	\N	45	goal	t	2023-03-12 18:11:55.984295	2023-03-12 18:11:55.984295	\N	621
60	67	6	36	\N	46	\N	\N	2023-03-12 18:11:55.993389	2023-03-12 18:11:55.993389	t	631
61	188	6	36	\N	62	goal	t	2023-03-12 18:11:56.047261	2023-03-12 18:11:56.047261	\N	627
62	184	6	36	\N	80	goal	t	2023-03-12 18:11:56.106901	2023-03-12 18:11:56.106901	\N	642
63	191	6	36	\N	85	goal	t	2023-03-12 18:11:56.152822	2023-03-12 18:11:56.152822	\N	628
64	449	16	37	\N	4	\N	\N	2023-03-12 18:12:04.796348	2023-03-12 18:12:04.796348	t	652
65	510	16	37	\N	21	goal	\N	2023-03-12 18:12:04.805196	2023-03-12 18:12:04.805196	\N	664
66	461	14	37	\N	53	goal	t	2023-03-12 18:12:04.813902	2023-03-12 18:12:04.813902	\N	655
67	466	14	37	\N	62	goal	t	2023-03-12 18:12:04.860869	2023-03-12 18:12:04.860869	\N	660
68	466	14	37	\N	70	goal	t	2023-03-12 18:12:04.881703	2023-03-12 18:12:04.881703	\N	660
69	466	14	37	\N	81	goal	t	2023-03-12 18:12:04.914543	2023-03-12 18:12:04.914543	\N	660
70	365	11	38	\N	5	goal	\N	2023-03-12 18:12:13.591817	2023-03-12 18:12:13.591817	\N	701
71	365	11	38	\N	81	goal	\N	2023-03-12 18:12:13.71917	2023-03-12 18:12:13.71917	\N	701
72	16	1	39	\N	55	goal	\N	2023-03-12 18:12:22.412366	2023-03-12 18:12:22.412366	\N	730
73	16	1	39	\N	55	goal	\N	2023-03-12 18:17:39.229054	2023-03-12 18:17:39.229054	\N	730
74	16	1	39	\N	55	goal	\N	2023-03-12 18:20:05.283186	2023-03-12 18:20:05.283186	\N	730
75	16	1	39	\N	55	goal	\N	2023-03-12 18:21:18.064137	2023-03-12 18:21:18.064137	\N	730
76	16	1	39	\N	55	goal	\N	2023-03-12 18:31:47.727566	2023-03-12 18:31:47.727566	\N	730
77	16	1	39	\N	55	goal	\N	2023-03-12 18:31:53.248099	2023-03-12 18:31:53.248099	\N	730
78	140	5	40	\N	38	goal	t	2023-03-12 18:33:29.784936	2023-03-12 18:33:29.784936	\N	888
79	57	2	40	\N	90	goal	\N	2023-03-12 18:33:29.919039	2023-03-12 18:33:29.919039	\N	903
80	260	8	42	\N	30	goal	t	2023-03-12 18:33:47.331835	2023-03-12 18:33:47.331835	\N	971
81	653	20	42	\N	74	goal	\N	2023-03-12 18:33:47.40875	2023-03-12 18:33:47.40875	\N	985
82	261	8	42	\N	77	goal	t	2023-03-12 18:33:47.421401	2023-03-12 18:33:47.421401	\N	972
83	120	4	43	\N	48	goal	t	2023-03-12 18:33:56.129763	2023-03-12 18:33:56.129763	\N	1001
84	474	4	43	\N	55	\N	\N	2023-03-12 18:33:56.147712	2023-03-12 18:33:56.147712	t	1004
85	484	15	43	\N	60	goal	\N	2023-03-12 18:33:56.157763	2023-03-12 18:33:56.157763	\N	1008
86	297	9	44	\N	17	goal	\N	2023-03-12 18:34:04.86326	2023-03-12 18:34:04.86326	\N	1040
87	596	18	44	\N	55	goal	t	2023-03-12 18:34:04.902015	2023-03-12 18:34:04.902015	\N	1026
88	27	1	45	\N	23	goal	\N	2023-03-12 18:34:13.600578	2023-03-12 18:34:13.600578	\N	1065
89	380	11	46	\N	34	\N	\N	2023-03-12 18:34:22.408229	2023-03-12 18:34:22.408229	t	1074
90	392	12	46	\N	55	goal	t	2023-03-12 18:34:22.419197	2023-03-12 18:34:22.419197	\N	1078
91	529	16	47	\N	59	goal	t	2023-03-12 18:34:31.208338	2023-03-12 18:34:31.208338	\N	1107
92	558	17	47	\N	88	goal	\N	2023-03-12 18:34:31.361747	2023-03-12 18:34:31.361747	\N	1126
93	440	13	48	\N	23	goal	\N	2023-03-12 18:34:40.003986	2023-03-12 18:34:40.003986	\N	1149
94	218	7	48	\N	28	goal	t	2023-03-12 18:34:40.012291	2023-03-12 18:34:40.012291	\N	1135
95	221	7	48	\N	45	goal	t	2023-03-12 18:34:40.021415	2023-03-12 18:34:40.021415	\N	1138
96	58	2	49	\N	38	goal	\N	2023-03-12 18:34:48.815312	2023-03-12 18:34:48.815312	\N	1178
97	188	6	49	\N	61	goal	t	2023-03-12 18:34:48.827036	2023-03-12 18:34:48.827036	\N	1167
98	184	6	49	\N	90	goal	t	2023-03-12 18:34:48.941725	2023-03-12 18:34:48.941725	\N	1184
99	466	14	50	\N	12	goal	t	2023-03-12 18:34:57.530617	2023-03-12 18:34:57.530617	\N	1196
100	466	14	50	\N	23	goal	t	2023-03-12 18:34:57.544373	2023-03-12 18:34:57.544373	\N	1196
101	466	14	50	\N	38	goal	t	2023-03-12 18:34:57.554377	2023-03-12 18:34:57.554377	\N	1196
102	451	14	50	\N	50	goal	t	2023-03-12 18:34:57.562676	2023-03-12 18:34:57.562676	\N	1190
103	467	14	50	\N	65	goal	t	2023-03-12 18:34:57.619103	2023-03-12 18:34:57.619103	\N	1194
104	467	14	50	\N	87	goal	t	2023-03-12 18:34:57.703734	2023-03-12 18:34:57.703734	\N	1194
105	466	14	51	\N	50	goal	\N	2023-03-12 18:35:06.439089	2023-03-12 18:35:06.439089	\N	1238
106	663	20	51	\N	74	goal	t	2023-03-12 18:35:06.495645	2023-03-12 18:35:06.495645	\N	1226
107	560	17	52	\N	30	goal	t	2023-03-12 18:35:15.129713	2023-03-12 18:35:15.129713	\N	1254
108	560	17	52	\N	43	goal	t	2023-03-12 18:35:15.138364	2023-03-12 18:35:15.138364	\N	1254
109	596	18	52	\N	45	goal	\N	2023-03-12 18:35:15.146036	2023-03-12 18:35:15.146036	\N	1263
110	560	17	52	\N	58	goal	t	2023-03-12 18:35:15.16663	2023-03-12 18:35:15.16663	\N	1254
111	582	18	52	\N	79	goal	\N	2023-03-12 18:35:15.251754	2023-03-12 18:35:15.251754	\N	1262
112	561	17	52	\N	80	goal	t	2023-03-12 18:35:15.26027	2023-03-12 18:35:15.26027	\N	1253
113	558	17	52	\N	90	goal	t	2023-03-12 18:35:15.307186	2023-03-12 18:35:15.307186	\N	1275
114	328	10	53	\N	1	goal	\N	2023-03-12 18:35:23.954677	2023-03-12 18:35:23.954677	\N	1297
115	314	15	53	\N	10	\N	\N	2023-03-12 18:35:23.972421	2023-03-12 18:35:23.972421	t	1292
116	490	15	53	\N	15	goal	t	2023-03-12 18:35:23.990258	2023-03-12 18:35:23.990258	\N	1284
117	330	10	53	\N	33	goal	\N	2023-03-12 18:35:23.998332	2023-03-12 18:35:23.998332	\N	1298
118	496	15	53	\N	64	goal	t	2023-03-12 18:35:24.020474	2023-03-12 18:35:24.020474	\N	1285
119	484	15	53	\N	71	goal	t	2023-03-12 18:35:24.028825	2023-03-12 18:35:24.028825	\N	1283
120	484	15	53	\N	90	goal	t	2023-03-12 18:35:24.156767	2023-03-12 18:35:24.156767	\N	1283
121	402	12	54	\N	62	goal	\N	2023-03-12 18:35:32.788999	2023-03-12 18:35:32.788999	\N	1328
122	413	13	54	\N	76	goal	t	2023-03-12 18:35:32.830748	2023-03-12 18:35:32.830748	\N	1331
123	431	13	54	\N	88	goal	t	2023-03-12 18:35:32.914718	2023-03-12 18:35:32.914718	\N	1332
124	26	1	56	\N	35	goal	t	2023-03-12 18:35:50.218338	2023-03-12 18:35:50.218338	\N	1373
125	245	8	56	\N	60	goal	\N	2023-03-12 18:35:50.238772	2023-03-12 18:35:50.238772	\N	1385
126	25	1	56	\N	66	goal	t	2023-03-12 18:35:50.246773	2023-03-12 18:35:50.246773	\N	1376
127	25	1	56	\N	75	goal	t	2023-03-12 18:35:50.309874	2023-03-12 18:35:50.309874	\N	1376
128	625	19	58	\N	33	goal	t	2023-03-12 18:36:07.736001	2023-03-12 18:36:07.736001	\N	1431
129	634	19	58	\N	45	goal	t	2023-03-12 18:36:07.761676	2023-03-12 18:36:07.761676	\N	1435
130	85	3	58	\N	51	goal	\N	2023-03-12 18:36:07.781126	2023-03-12 18:36:07.781126	\N	1444
131	89	3	58	\N	63	goal	\N	2023-03-12 18:36:07.789711	2023-03-12 18:36:07.789711	\N	1446
132	92	3	58	\N	87	goal	\N	2023-03-12 18:36:07.850951	2023-03-12 18:36:07.850951	\N	1451
133	350	11	59	\N	40	goal	t	2023-03-12 18:36:16.507281	2023-03-12 18:36:16.507281	\N	1460
134	365	11	59	\N	75	goal	t	2023-03-12 18:36:16.573482	2023-03-12 18:36:16.573482	\N	1464
135	120	4	59	\N	83	goal	\N	2023-03-12 18:36:16.594072	2023-03-12 18:36:16.594072	\N	1475
136	141	5	60	\N	45	goal	t	2023-03-12 18:36:25.27852	2023-03-12 18:36:25.27852	\N	1493
137	245	8	62	\N	40	goal	t	2023-03-12 18:36:42.677953	2023-03-12 18:36:42.677953	\N	1521
138	261	8	62	\N	45	goal	t	2023-03-12 18:36:42.687751	2023-03-12 18:36:42.687751	\N	1523
139	246	8	62	\N	71	goal	t	2023-03-12 18:36:42.758587	2023-03-12 18:36:42.758587	\N	1518
140	261	8	62	\N	80	goal	t	2023-03-12 18:36:42.801974	2023-03-12 18:36:42.801974	\N	1523
141	16	1	63	\N	44	goal	\N	2023-03-12 18:36:51.442764	2023-03-12 18:36:51.442764	\N	1563
142	517	16	63	\N	90	goal	t	2023-03-12 18:36:51.560953	2023-03-12 18:36:51.560953	\N	1551
143	122	4	64	\N	25	goal	t	2023-03-12 18:37:00.260922	2023-03-12 18:37:00.260922	\N	1582
144	415	13	64	\N	47	goal	\N	2023-03-12 18:37:00.27724	2023-03-12 18:37:00.27724	\N	1587
145	124	4	64	\N	73	goal	t	2023-03-12 18:37:00.335388	2023-03-12 18:37:00.335388	\N	1583
146	165	6	67	\N	73	goal	t	2023-03-12 18:37:25.96418	2023-03-12 18:37:25.96418	\N	1608
147	189	6	67	\N	77	goal	t	2023-03-12 18:37:25.987089	2023-03-12 18:37:25.987089	\N	1613
148	353	11	68	\N	44	goal	\N	2023-03-12 18:37:34.69777	2023-03-12 18:37:34.69777	\N	1655
149	337	11	68	\N	45	goal	\N	2023-03-12 18:37:34.708977	2023-03-12 18:37:34.708977	\N	1651
150	467	14	68	\N	51	goal	t	2023-03-12 18:37:34.717689	2023-03-12 18:37:34.717689	\N	1644
151	466	14	68	\N	53	goal	t	2023-03-12 18:37:34.726681	2023-03-12 18:37:34.726681	\N	1646
152	468	14	68	\N	63	goal	t	2023-03-12 18:37:34.735197	2023-03-12 18:37:34.735197	\N	1643
153	468	14	68	\N	90	goal	t	2023-03-12 18:37:34.838402	2023-03-12 18:37:34.838402	\N	1643
154	659	20	71	\N	41	goal	t	2023-03-12 18:38:00.268207	2023-03-12 18:38:00.268207	\N	1670
155	236	8	72	\N	17	goal	\N	2023-03-12 18:38:09.054851	2023-03-12 18:38:09.054851	\N	1709
156	260	8	72	\N	28	goal	\N	2023-03-12 18:38:09.064527	2023-03-12 18:38:09.064527	\N	1716
157	248	8	72	\N	49	goal	\N	2023-03-12 18:38:09.073433	2023-03-12 18:38:09.073433	\N	1712
158	300	9	75	\N	53	goal	t	2023-03-12 18:38:34.69022	2023-03-12 18:38:34.69022	\N	1736
159	597	18	76	\N	1	goal	\N	2023-03-12 18:38:43.466249	2023-03-12 18:38:43.466249	\N	1776
160	10	18	76	\N	48	\N	\N	2023-03-12 18:38:43.504914	2023-03-12 18:38:43.504914	t	1758
161	25	1	76	\N	62	goal	t	2023-03-12 18:38:43.606199	2023-03-12 18:38:43.606199	\N	1763
162	27	1	76	\N	70	goal	t	2023-03-12 18:38:43.643517	2023-03-12 18:38:43.643517	\N	1780
163	85	3	77	\N	62	goal	\N	2023-03-12 18:38:52.339943	2023-03-12 18:38:52.339943	\N	1807
164	58	2	77	\N	67	goal	t	2023-03-12 18:38:52.353868	2023-03-12 18:38:52.353868	\N	1797
165	632	19	78	\N	11	goal	t	2023-03-12 18:39:01.055821	2023-03-12 18:39:01.055821	\N	1827
166	97	4	78	\N	54	goal	\N	2023-03-12 18:39:01.089666	2023-03-12 18:39:01.089666	\N	1830
167	115	4	78	\N	57	goal	\N	2023-03-12 18:39:01.098207	2023-03-12 18:39:01.098207	\N	1834
168	107	4	78	\N	60	goal	\N	2023-03-12 18:39:01.114803	2023-03-12 18:39:01.114803	\N	1833
169	623	19	78	\N	77	goal	t	2023-03-12 18:39:01.233252	2023-03-12 18:39:01.233252	\N	1842
170	317	10	79	\N	6	goal	\N	2023-03-12 18:39:09.881246	2023-03-12 18:39:09.881246	\N	1866
171	365	11	79	\N	8	goal	t	2023-03-12 18:39:09.889595	2023-03-12 18:39:09.889595	\N	1858
172	338	11	79	\N	21	goal	t	2023-03-12 18:39:09.897508	2023-03-12 18:39:09.897508	\N	1850
173	318	10	79	\N	41	goal	\N	2023-03-12 18:39:09.905535	2023-03-12 18:39:09.905535	\N	1865
174	355	11	79	\N	47	goal	t	2023-03-12 18:39:09.913459	2023-03-12 18:39:09.913459	\N	1854
175	363	11	79	\N	73	goal	t	2023-03-12 18:39:10.02822	2023-03-12 18:39:10.02822	\N	1872
176	363	11	79	\N	84	goal	t	2023-03-12 18:39:10.060791	2023-03-12 18:39:10.060791	\N	1872
177	363	11	79	\N	86	goal	t	2023-03-12 18:39:10.080663	2023-03-12 18:39:10.080663	\N	1872
178	458	14	80	\N	1	goal	\N	2023-03-12 18:39:18.641962	2023-03-12 18:39:18.641962	\N	1898
179	466	14	80	\N	16	goal	\N	2023-03-12 18:39:18.659366	2023-03-12 18:39:18.659366	\N	1897
180	463	14	80	\N	69	goal	\N	2023-03-12 18:39:18.736146	2023-03-12 18:39:18.736146	\N	1896
181	244	8	82	\N	20	goal	t	2023-03-12 18:39:36.124078	2023-03-12 18:39:36.124078	\N	1942
182	365	11	82	\N	31	goal	\N	2023-03-12 18:39:36.135921	2023-03-12 18:39:36.135921	\N	1957
183	260	8	82	\N	49	goal	t	2023-03-12 18:39:36.144719	2023-03-12 18:39:36.144719	\N	1945
184	251	8	82	\N	67	goal	t	2023-03-12 18:39:36.162722	2023-03-12 18:39:36.162722	\N	1943
185	531	16	83	\N	7	goal	t	2023-03-12 18:39:44.9882	2023-03-12 18:39:44.9882	\N	1977
186	439	13	83	\N	38	goal	\N	2023-03-12 18:39:45.018621	2023-03-12 18:39:45.018621	\N	1989
187	430	13	83	\N	90	goal	\N	2023-03-12 18:39:45.198205	2023-03-12 18:39:45.198205	\N	1994
188	56	2	84	\N	11	goal	\N	2023-03-12 18:39:53.778422	2023-03-12 18:39:53.778422	\N	2018
189	50	2	84	\N	33	goal	\N	2023-03-12 18:39:53.799291	2023-03-12 18:39:53.799291	\N	2017
190	53	2	84	\N	43	goal	\N	2023-03-12 18:39:53.823022	2023-03-12 18:39:53.823022	\N	2014
191	50	2	84	\N	57	goal	\N	2023-03-12 18:39:53.871793	2023-03-12 18:39:53.871793	\N	2017
192	121	4	84	\N	88	goal	t	2023-03-12 18:39:54.019885	2023-03-12 18:39:54.019885	\N	2007
193	318	10	86	\N	25	goal	t	2023-03-12 18:40:11.504474	2023-03-12 18:40:11.504474	\N	2065
194	316	10	86	\N	27	goal	t	2023-03-12 18:40:11.512735	2023-03-12 18:40:11.512735	\N	2068
195	318	10	86	\N	35	goal	t	2023-03-12 18:40:11.530571	2023-03-12 18:40:11.530571	\N	2065
196	330	10	86	\N	73	goal	t	2023-03-12 18:40:11.683149	2023-03-12 18:40:11.683149	\N	2085
197	496	15	87	\N	4	goal	\N	2023-03-12 18:40:20.510908	2023-03-12 18:40:20.510908	\N	2110
198	496	15	87	\N	17	goal	\N	2023-03-12 18:40:20.520141	2023-03-12 18:40:20.520141	\N	2110
199	188	6	87	\N	33	goal	t	2023-03-12 18:40:20.538375	2023-03-12 18:40:20.538375	\N	2099
200	188	6	87	\N	54	goal	t	2023-03-12 18:40:20.56053	2023-03-12 18:40:20.56053	\N	2099
201	473	6	87	\N	63	\N	\N	2023-03-12 18:40:20.643732	2023-03-12 18:40:20.643732	t	2104
202	496	15	87	\N	83	goal	\N	2023-03-12 18:40:20.69396	2023-03-12 18:40:20.69396	\N	2110
203	463	14	88	\N	8	goal	t	2023-03-12 18:40:29.374463	2023-03-12 18:40:29.374463	\N	2128
204	466	14	88	\N	34	goal	t	2023-03-12 18:40:29.397665	2023-03-12 18:40:29.397665	\N	2129
205	466	14	88	\N	37	goal	t	2023-03-12 18:40:29.409666	2023-03-12 18:40:29.409666	\N	2129
206	463	14	88	\N	44	goal	t	2023-03-12 18:40:29.500973	2023-03-12 18:40:29.500973	\N	2128
207	26	1	88	\N	56	goal	\N	2023-03-12 18:40:29.52683	2023-03-12 18:40:29.52683	\N	2138
208	466	14	88	\N	64	goal	t	2023-03-12 18:40:29.566257	2023-03-12 18:40:29.566257	\N	2129
209	463	14	88	\N	73	goal	t	2023-03-12 18:40:29.594097	2023-03-12 18:40:29.594097	\N	2128
210	24	1	88	\N	84	goal	\N	2023-03-12 18:40:29.678583	2023-03-12 18:40:29.678583	\N	2146
211	24	1	88	\N	90	goal	\N	2023-03-12 18:40:29.689732	2023-03-12 18:40:29.689732	\N	2146
212	39	2	6	\N	58	goal	t	2023-03-12 18:40:38.338389	2023-03-12 18:40:38.338389	\N	2154
213	56	2	6	\N	78	goal	t	2023-03-12 18:40:38.376076	2023-03-12 18:40:38.376076	\N	2161
214	213	7	7	\N	12	goal	\N	2023-03-12 18:40:47.066638	2023-03-12 18:40:47.066638	\N	2199
215	352	11	7	\N	21	goal	t	2023-03-12 18:40:47.076125	2023-03-12 18:40:47.076125	\N	2189
216	338	11	7	\N	31	goal	t	2023-03-12 18:40:47.128359	2023-03-12 18:40:47.128359	\N	2184
217	206	11	7	\N	61	\N	\N	2023-03-12 18:40:47.174297	2023-03-12 18:40:47.174297	t	2197
218	353	11	7	\N	63	goal	t	2023-03-12 18:40:47.182933	2023-03-12 18:40:47.182933	\N	2190
219	422	13	8	\N	45	goal	\N	2023-03-12 18:40:56.01344	2023-03-12 18:40:56.01344	\N	2231
220	313	10	5	\N	33	goal	t	2023-03-12 18:41:04.715791	2023-03-12 18:41:04.715791	\N	2248
221	320	10	5	\N	46	goal	t	2023-03-12 18:41:04.763475	2023-03-12 18:41:04.763475	\N	2251
222	560	17	5	\N	62	goal	\N	2023-03-12 18:41:04.81408	2023-03-12 18:41:04.81408	\N	2264
223	551	17	5	\N	86	goal	\N	2023-03-12 18:41:04.876469	2023-03-12 18:41:04.876469	\N	2267
224	466	14	10	\N	36	goal	\N	2023-03-12 18:41:13.484288	2023-03-12 18:41:13.484288	\N	2292
225	466	14	10	\N	65	goal	\N	2023-03-12 18:41:13.567202	2023-03-12 18:41:13.567202	\N	2292
226	212	7	89	\N	49	goal	t	2023-03-12 18:41:22.281418	2023-03-12 18:41:22.281418	\N	2312
227	281	9	89	\N	52	goal	\N	2023-03-12 18:41:22.291752	2023-03-12 18:41:22.291752	\N	2317
228	295	9	89	\N	54	goal	\N	2023-03-12 18:41:22.300291	2023-03-12 18:41:22.300291	\N	2323
229	401	12	90	\N	29	goal	t	2023-03-12 18:41:31.15173	2023-03-12 18:41:31.15173	\N	2344
230	404	12	90	\N	54	goal	t	2023-03-12 18:41:31.183967	2023-03-12 18:41:31.183967	\N	2341
231	330	10	91	\N	10	goal	\N	2023-03-12 18:41:39.908744	2023-03-12 18:41:39.908744	\N	2384
232	85	3	91	\N	68	goal	t	2023-03-12 18:41:39.975515	2023-03-12 18:41:39.975515	\N	2372
233	78	3	91	\N	71	goal	t	2023-03-12 18:41:39.984705	2023-03-12 18:41:39.984705	\N	2368
234	261	8	92	\N	1	goal	t	2023-03-12 18:41:48.710146	2023-03-12 18:41:48.710146	\N	2402
235	192	6	92	\N	34	goal	\N	2023-03-12 18:41:48.728202	2023-03-12 18:41:48.728202	\N	2413
236	245	8	92	\N	45	goal	t	2023-03-12 18:41:48.749022	2023-03-12 18:41:48.749022	\N	2400
237	188	6	92	\N	53	goal	\N	2023-03-12 18:41:48.779136	2023-03-12 18:41:48.779136	\N	2414
238	245	8	92	\N	76	goal	t	2023-03-12 18:41:48.818847	2023-03-12 18:41:48.818847	\N	2400
239	365	11	93	\N	22	goal	\N	2023-03-12 18:41:57.494227	2023-03-12 18:41:57.494227	\N	2443
240	431	13	94	\N	45	goal	t	2023-03-12 18:42:06.221691	2023-03-12 18:42:06.221691	\N	2461
241	425	13	94	\N	54	goal	t	2023-03-12 18:42:06.242426	2023-03-12 18:42:06.242426	\N	2460
242	441	13	94	\N	89	goal	t	2023-03-12 18:42:06.356842	2023-03-12 18:42:06.356842	\N	2476
243	574	18	95	\N	10	goal	\N	2023-03-12 18:42:14.994708	2023-03-12 18:42:14.994708	\N	2497
244	531	16	95	\N	24	goal	t	2023-03-12 18:42:15.012521	2023-03-12 18:42:15.012521	\N	2491
245	518	16	95	\N	76	goal	t	2023-03-12 18:42:15.084042	2023-03-12 18:42:15.084042	\N	2489
246	299	9	96	\N	5	goal	t	2023-03-12 18:42:23.811581	2023-03-12 18:42:23.811581	\N	2517
247	26	1	96	\N	15	goal	\N	2023-03-12 18:42:23.821061	2023-03-12 18:42:23.821061	\N	2530
248	882	1	96	\N	44	goal	\N	2023-03-12 18:42:23.845058	2023-03-12 18:42:23.845058	\N	2534
249	451	14	97	\N	20	goal	t	2023-03-12 18:42:32.70921	2023-03-12 18:42:32.70921	\N	2545
250	463	14	97	\N	32	goal	t	2023-03-12 18:42:32.729142	2023-03-12 18:42:32.729142	\N	2550
251	468	14	97	\N	49	goal	t	2023-03-12 18:42:32.737991	2023-03-12 18:42:32.737991	\N	2548
252	466	14	97	\N	65	goal	t	2023-03-12 18:42:32.76185	2023-03-12 18:42:32.76185	\N	2551
253	54	2	98	\N	21	goal	t	2023-03-12 18:42:41.526279	2023-03-12 18:42:41.526279	\N	2578
254	49	2	98	\N	28	goal	t	2023-03-12 18:42:41.534408	2023-03-12 18:42:41.534408	\N	2582
255	560	17	98	\N	54	goal	\N	2023-03-12 18:42:41.563248	2023-03-12 18:42:41.563248	\N	2593
256	54	2	98	\N	56	goal	t	2023-03-12 18:42:41.571295	2023-03-12 18:42:41.571295	\N	2578
257	50	2	98	\N	82	goal	t	2023-03-12 18:42:41.638893	2023-03-12 18:42:41.638893	\N	2580
258	541	2	98	\N	90	\N	\N	2023-03-12 18:42:41.696184	2023-03-12 18:42:41.696184	t	2586
259	635	19	99	\N	15	goal	t	2023-03-12 18:42:50.305776	2023-03-12 18:42:50.305776	\N	2613
260	647	20	99	\N	22	goal	\N	2023-03-12 18:42:50.324565	2023-03-12 18:42:50.324565	\N	2619
261	113	4	100	\N	5	goal	\N	2023-03-12 18:42:59.077124	2023-03-12 18:42:59.077124	\N	2651
262	404	12	100	\N	29	goal	t	2023-03-12 18:42:59.095141	2023-03-12 18:42:59.095141	\N	2639
263	401	12	100	\N	62	goal	t	2023-03-12 18:42:59.112717	2023-03-12 18:42:59.112717	\N	2642
264	402	12	100	\N	90	goal	t	2023-03-12 18:42:59.220318	2023-03-12 18:42:59.220318	\N	2657
265	427	13	101	\N	6	goal	\N	2023-03-12 18:43:07.895434	2023-03-12 18:43:07.895434	\N	2680
266	427	13	101	\N	65	goal	\N	2023-03-12 18:43:07.982563	2023-03-12 18:43:07.982563	\N	2680
267	560	17	102	\N	27	goal	t	2023-03-12 18:43:16.687003	2023-03-12 18:43:16.687003	\N	2700
268	560	17	102	\N	64	goal	t	2023-03-12 18:43:16.727246	2023-03-12 18:43:16.727246	\N	2700
269	89	3	103	\N	2	goal	\N	2023-03-12 18:43:25.471158	2023-03-12 18:43:25.471158	\N	2742
270	101	4	103	\N	22	goal	t	2023-03-12 18:43:25.479866	2023-03-12 18:43:25.479866	\N	2723
271	77	3	103	\N	29	goal	\N	2023-03-12 18:43:25.488549	2023-03-12 18:43:25.488549	\N	2738
272	120	4	103	\N	52	goal	t	2023-03-12 18:43:25.531221	2023-03-12 18:43:25.531221	\N	2731
273	245	8	104	\N	35	goal	\N	2023-03-12 18:43:34.245432	2023-03-12 18:43:34.245432	\N	2769
274	189	6	106	\N	76	goal	t	2023-03-12 18:43:51.81651	2023-03-12 18:43:51.81651	\N	2821
275	204	7	108	\N	20	goal	t	2023-03-12 18:44:09.366352	2023-03-12 18:44:09.366352	\N	2871
276	394	12	108	\N	64	goal	\N	2023-03-12 18:44:09.438898	2023-03-12 18:44:09.438898	\N	2884
277	365	11	109	\N	59	goal	t	2023-03-12 18:44:18.261458	2023-03-12 18:44:18.261458	\N	2907
278	350	11	109	\N	86	goal	t	2023-03-12 18:44:18.368604	2023-03-12 18:44:18.368604	\N	2902
279	140	5	110	\N	56	goal	t	2023-03-12 18:44:27.094423	2023-03-12 18:44:27.094423	\N	2932
\.


--
-- Data for Name: leagues; Type: TABLE DATA; Schema: public; Owner: goldsmid
--

COPY public.leagues (id, name, country_id, api_football_id, created_at, updated_at) FROM stdin;
1	Premier League	1	39	2022-12-14 18:27:37.692444	2022-12-14 18:27:37.692444
\.


--
-- Data for Name: player_seasons; Type: TABLE DATA; Schema: public; Owner: goldsmid
--

COPY public.player_seasons (id, player_id, team_season_id, api_football_id, created_at, updated_at, current_season, season_id) FROM stdin;
1	1	1	\N	2022-12-20 18:15:29.431501	2022-12-20 18:15:29.431501	t	1
2	2	1	\N	2022-12-20 18:15:29.437923	2022-12-20 18:15:29.437923	t	1
3	3	1	\N	2022-12-20 18:15:29.442075	2022-12-20 18:15:29.442075	t	1
4	4	1	\N	2022-12-20 18:15:29.445665	2022-12-20 18:15:29.445665	t	1
5	5	1	\N	2022-12-20 18:15:29.449175	2022-12-20 18:15:29.449175	t	1
6	6	1	\N	2022-12-20 18:15:29.452682	2022-12-20 18:15:29.452682	t	1
7	7	1	\N	2022-12-20 18:15:29.456053	2022-12-20 18:15:29.456053	t	1
8	8	1	\N	2022-12-20 18:15:29.459416	2022-12-20 18:15:29.459416	t	1
9	9	1	\N	2022-12-20 18:15:29.462559	2022-12-20 18:15:29.462559	t	1
10	10	1	\N	2022-12-20 18:15:29.465889	2022-12-20 18:15:29.465889	t	1
11	11	1	\N	2022-12-20 18:15:29.469058	2022-12-20 18:15:29.469058	t	1
12	12	1	\N	2022-12-20 18:15:29.472224	2022-12-20 18:15:29.472224	t	1
13	13	1	\N	2022-12-20 18:15:29.475326	2022-12-20 18:15:29.475326	t	1
14	14	1	\N	2022-12-20 18:15:29.478251	2022-12-20 18:15:29.478251	t	1
15	15	1	\N	2022-12-20 18:15:29.48109	2022-12-20 18:15:29.48109	t	1
16	16	1	\N	2022-12-20 18:15:29.483771	2022-12-20 18:15:29.483771	t	1
17	17	1	\N	2022-12-20 18:15:29.48659	2022-12-20 18:15:29.48659	t	1
18	18	1	\N	2022-12-20 18:15:29.489189	2022-12-20 18:15:29.489189	t	1
19	19	1	\N	2022-12-20 18:15:29.492099	2022-12-20 18:15:29.492099	t	1
20	20	1	\N	2022-12-20 18:15:29.494885	2022-12-20 18:15:29.494885	t	1
21	21	1	\N	2022-12-20 18:15:29.497422	2022-12-20 18:15:29.497422	t	1
22	22	1	\N	2022-12-20 18:15:29.500556	2022-12-20 18:15:29.500556	t	1
23	23	1	\N	2022-12-20 18:15:29.50354	2022-12-20 18:15:29.50354	t	1
24	24	1	\N	2022-12-20 18:15:29.506404	2022-12-20 18:15:29.506404	t	1
25	25	1	\N	2022-12-20 18:15:29.509051	2022-12-20 18:15:29.509051	t	1
26	26	1	\N	2022-12-20 18:15:29.511645	2022-12-20 18:15:29.511645	t	1
27	27	1	\N	2022-12-20 18:15:29.514085	2022-12-20 18:15:29.514085	t	1
28	28	1	\N	2022-12-20 18:15:29.516855	2022-12-20 18:15:29.516855	t	1
29	29	1	\N	2022-12-20 18:15:29.519631	2022-12-20 18:15:29.519631	t	1
30	30	1	\N	2022-12-20 18:15:29.522223	2022-12-20 18:15:29.522223	t	1
31	31	1	\N	2022-12-20 18:15:29.524626	2022-12-20 18:15:29.524626	t	1
32	32	2	\N	2022-12-20 18:15:29.527315	2022-12-20 18:15:29.527315	t	1
33	33	2	\N	2022-12-20 18:15:29.529838	2022-12-20 18:15:29.529838	t	1
34	34	2	\N	2022-12-20 18:15:29.532568	2022-12-20 18:15:29.532568	t	1
35	35	2	\N	2022-12-20 18:15:29.535219	2022-12-20 18:15:29.535219	t	1
36	36	2	\N	2022-12-20 18:15:29.537853	2022-12-20 18:15:29.537853	t	1
37	37	2	\N	2022-12-20 18:15:29.540461	2022-12-20 18:15:29.540461	t	1
38	38	2	\N	2022-12-20 18:15:29.543857	2022-12-20 18:15:29.543857	t	1
39	39	2	\N	2022-12-20 18:15:29.546483	2022-12-20 18:15:29.546483	t	1
40	40	2	\N	2022-12-20 18:15:29.549288	2022-12-20 18:15:29.549288	t	1
41	41	2	\N	2022-12-20 18:15:29.552008	2022-12-20 18:15:29.552008	t	1
42	42	2	\N	2022-12-20 18:15:29.554921	2022-12-20 18:15:29.554921	t	1
43	43	2	\N	2022-12-20 18:15:29.557373	2022-12-20 18:15:29.557373	t	1
44	44	2	\N	2022-12-20 18:15:29.560005	2022-12-20 18:15:29.560005	t	1
45	45	2	\N	2022-12-20 18:15:29.562655	2022-12-20 18:15:29.562655	t	1
46	46	2	\N	2022-12-20 18:15:29.565142	2022-12-20 18:15:29.565142	t	1
47	47	2	\N	2022-12-20 18:15:29.568133	2022-12-20 18:15:29.568133	t	1
48	48	2	\N	2022-12-20 18:15:29.570713	2022-12-20 18:15:29.570713	t	1
49	49	2	\N	2022-12-20 18:15:29.573254	2022-12-20 18:15:29.573254	t	1
50	50	2	\N	2022-12-20 18:15:29.57582	2022-12-20 18:15:29.57582	t	1
51	51	2	\N	2022-12-20 18:15:29.578397	2022-12-20 18:15:29.578397	t	1
52	52	2	\N	2022-12-20 18:15:29.580975	2022-12-20 18:15:29.580975	t	1
53	53	2	\N	2022-12-20 18:15:29.583886	2022-12-20 18:15:29.583886	t	1
54	54	2	\N	2022-12-20 18:15:29.586517	2022-12-20 18:15:29.586517	t	1
55	55	2	\N	2022-12-20 18:15:29.589039	2022-12-20 18:15:29.589039	t	1
56	56	2	\N	2022-12-20 18:15:29.591789	2022-12-20 18:15:29.591789	t	1
57	57	2	\N	2022-12-20 18:15:29.594514	2022-12-20 18:15:29.594514	t	1
58	58	2	\N	2022-12-20 18:15:29.59742	2022-12-20 18:15:29.59742	t	1
59	59	2	\N	2022-12-20 18:15:29.600047	2022-12-20 18:15:29.600047	t	1
60	60	3	\N	2022-12-20 18:15:29.602679	2022-12-20 18:15:29.602679	t	1
61	61	3	\N	2022-12-20 18:15:29.605638	2022-12-20 18:15:29.605638	t	1
62	62	3	\N	2022-12-20 18:15:29.608389	2022-12-20 18:15:29.608389	t	1
63	63	3	\N	2022-12-20 18:15:29.61106	2022-12-20 18:15:29.61106	t	1
64	64	3	\N	2022-12-20 18:15:29.613552	2022-12-20 18:15:29.613552	t	1
65	65	3	\N	2022-12-20 18:15:29.616216	2022-12-20 18:15:29.616216	t	1
66	66	3	\N	2022-12-20 18:15:29.618939	2022-12-20 18:15:29.618939	t	1
67	67	3	\N	2022-12-20 18:15:29.621573	2022-12-20 18:15:29.621573	t	1
68	68	3	\N	2022-12-20 18:15:29.624064	2022-12-20 18:15:29.624064	t	1
69	69	3	\N	2022-12-20 18:15:29.62661	2022-12-20 18:15:29.62661	t	1
70	70	3	\N	2022-12-20 18:15:29.629189	2022-12-20 18:15:29.629189	t	1
71	71	3	\N	2022-12-20 18:15:29.631883	2022-12-20 18:15:29.631883	t	1
72	72	3	\N	2022-12-20 18:15:29.634596	2022-12-20 18:15:29.634596	t	1
73	73	3	\N	2022-12-20 18:15:29.637192	2022-12-20 18:15:29.637192	t	1
74	74	3	\N	2022-12-20 18:15:29.639846	2022-12-20 18:15:29.639846	t	1
75	75	3	\N	2022-12-20 18:15:29.64279	2022-12-20 18:15:29.64279	t	1
76	76	3	\N	2022-12-20 18:15:29.645453	2022-12-20 18:15:29.645453	t	1
77	77	3	\N	2022-12-20 18:15:29.64801	2022-12-20 18:15:29.64801	t	1
78	78	3	\N	2022-12-20 18:15:29.650783	2022-12-20 18:15:29.650783	t	1
79	79	3	\N	2022-12-20 18:15:29.653849	2022-12-20 18:15:29.653849	t	1
80	80	3	\N	2022-12-20 18:15:29.656732	2022-12-20 18:15:29.656732	t	1
81	81	3	\N	2022-12-20 18:15:29.659534	2022-12-20 18:15:29.659534	t	1
82	82	3	\N	2022-12-20 18:15:29.662063	2022-12-20 18:15:29.662063	t	1
83	83	3	\N	2022-12-20 18:15:29.664658	2022-12-20 18:15:29.664658	t	1
84	84	3	\N	2022-12-20 18:15:29.667324	2022-12-20 18:15:29.667324	t	1
85	85	3	\N	2022-12-20 18:15:29.670011	2022-12-20 18:15:29.670011	t	1
86	86	3	\N	2022-12-20 18:15:29.672532	2022-12-20 18:15:29.672532	t	1
87	87	3	\N	2022-12-20 18:15:29.675204	2022-12-20 18:15:29.675204	t	1
88	88	3	\N	2022-12-20 18:15:29.677848	2022-12-20 18:15:29.677848	t	1
89	89	3	\N	2022-12-20 18:15:29.680489	2022-12-20 18:15:29.680489	t	1
90	90	3	\N	2022-12-20 18:15:29.683343	2022-12-20 18:15:29.683343	t	1
91	91	3	\N	2022-12-20 18:15:29.686213	2022-12-20 18:15:29.686213	t	1
92	92	3	\N	2022-12-20 18:15:29.690463	2022-12-20 18:15:29.690463	t	1
93	93	4	\N	2022-12-20 18:15:29.693553	2022-12-20 18:15:29.693553	t	1
94	94	4	\N	2022-12-20 18:15:29.697649	2022-12-20 18:15:29.697649	t	1
95	95	4	\N	2022-12-20 18:15:29.700743	2022-12-20 18:15:29.700743	t	1
96	96	4	\N	2022-12-20 18:15:29.703696	2022-12-20 18:15:29.703696	t	1
97	97	4	\N	2022-12-20 18:15:29.706417	2022-12-20 18:15:29.706417	t	1
98	98	4	\N	2022-12-20 18:15:29.709114	2022-12-20 18:15:29.709114	t	1
99	99	4	\N	2022-12-20 18:15:29.711749	2022-12-20 18:15:29.711749	t	1
100	100	4	\N	2022-12-20 18:15:29.714616	2022-12-20 18:15:29.714616	t	1
101	101	4	\N	2022-12-20 18:15:29.717304	2022-12-20 18:15:29.717304	t	1
102	102	4	\N	2022-12-20 18:15:29.72008	2022-12-20 18:15:29.72008	t	1
103	103	4	\N	2022-12-20 18:15:29.722629	2022-12-20 18:15:29.722629	t	1
104	104	4	\N	2022-12-20 18:15:29.725252	2022-12-20 18:15:29.725252	t	1
105	105	4	\N	2022-12-20 18:15:29.727907	2022-12-20 18:15:29.727907	t	1
106	106	4	\N	2022-12-20 18:15:29.730847	2022-12-20 18:15:29.730847	t	1
107	107	4	\N	2022-12-20 18:15:29.733416	2022-12-20 18:15:29.733416	t	1
108	108	4	\N	2022-12-20 18:15:29.735982	2022-12-20 18:15:29.735982	t	1
109	109	4	\N	2022-12-20 18:15:29.738433	2022-12-20 18:15:29.738433	t	1
110	110	4	\N	2022-12-20 18:15:29.741022	2022-12-20 18:15:29.741022	t	1
111	111	4	\N	2022-12-20 18:15:29.743652	2022-12-20 18:15:29.743652	t	1
112	112	4	\N	2022-12-20 18:15:29.747655	2022-12-20 18:15:29.747655	t	1
113	113	4	\N	2022-12-20 18:15:29.750597	2022-12-20 18:15:29.750597	t	1
114	114	4	\N	2022-12-20 18:15:29.753218	2022-12-20 18:15:29.753218	t	1
115	115	4	\N	2022-12-20 18:15:29.755842	2022-12-20 18:15:29.755842	t	1
116	116	4	\N	2022-12-20 18:15:29.758735	2022-12-20 18:15:29.758735	t	1
117	117	4	\N	2022-12-20 18:15:29.761225	2022-12-20 18:15:29.761225	t	1
118	118	4	\N	2022-12-20 18:15:29.764189	2022-12-20 18:15:29.764189	t	1
119	119	4	\N	2022-12-20 18:15:29.766742	2022-12-20 18:15:29.766742	t	1
120	120	4	\N	2022-12-20 18:15:29.769895	2022-12-20 18:15:29.769895	t	1
121	121	4	\N	2022-12-20 18:15:29.7725	2022-12-20 18:15:29.7725	t	1
122	122	4	\N	2022-12-20 18:15:29.775331	2022-12-20 18:15:29.775331	t	1
123	123	4	\N	2022-12-20 18:15:29.777879	2022-12-20 18:15:29.777879	t	1
124	124	4	\N	2022-12-20 18:15:29.780828	2022-12-20 18:15:29.780828	t	1
125	125	4	\N	2022-12-20 18:15:29.783512	2022-12-20 18:15:29.783512	t	1
126	126	4	\N	2022-12-20 18:15:29.786207	2022-12-20 18:15:29.786207	t	1
127	127	5	\N	2022-12-20 18:15:29.788673	2022-12-20 18:15:29.788673	t	1
128	128	5	\N	2022-12-20 18:15:29.791256	2022-12-20 18:15:29.791256	t	1
129	129	5	\N	2022-12-20 18:15:29.793835	2022-12-20 18:15:29.793835	t	1
130	130	5	\N	2022-12-20 18:15:29.797881	2022-12-20 18:15:29.797881	t	1
131	131	5	\N	2022-12-20 18:15:29.800918	2022-12-20 18:15:29.800918	t	1
132	132	5	\N	2022-12-20 18:15:29.8036	2022-12-20 18:15:29.8036	t	1
133	133	5	\N	2022-12-20 18:15:29.80626	2022-12-20 18:15:29.80626	t	1
134	134	5	\N	2022-12-20 18:15:29.809017	2022-12-20 18:15:29.809017	t	1
135	135	5	\N	2022-12-20 18:15:29.811752	2022-12-20 18:15:29.811752	t	1
136	136	5	\N	2022-12-20 18:15:29.81493	2022-12-20 18:15:29.81493	t	1
137	137	5	\N	2022-12-20 18:15:29.818144	2022-12-20 18:15:29.818144	t	1
138	138	5	\N	2022-12-20 18:15:29.821263	2022-12-20 18:15:29.821263	t	1
139	139	5	\N	2022-12-20 18:15:29.824184	2022-12-20 18:15:29.824184	t	1
140	140	5	\N	2022-12-20 18:15:29.827065	2022-12-20 18:15:29.827065	t	1
141	141	5	\N	2022-12-20 18:15:29.830072	2022-12-20 18:15:29.830072	t	1
142	142	5	\N	2022-12-20 18:15:29.832954	2022-12-20 18:15:29.832954	t	1
143	143	5	\N	2022-12-20 18:15:29.835468	2022-12-20 18:15:29.835468	t	1
144	144	5	\N	2022-12-20 18:15:29.837975	2022-12-20 18:15:29.837975	t	1
145	145	5	\N	2022-12-20 18:15:29.840428	2022-12-20 18:15:29.840428	t	1
146	146	5	\N	2022-12-20 18:15:29.843141	2022-12-20 18:15:29.843141	t	1
147	147	5	\N	2022-12-20 18:15:29.845955	2022-12-20 18:15:29.845955	t	1
148	148	5	\N	2022-12-20 18:15:29.848799	2022-12-20 18:15:29.848799	t	1
149	149	5	\N	2022-12-20 18:15:29.851409	2022-12-20 18:15:29.851409	t	1
150	150	5	\N	2022-12-20 18:15:29.85387	2022-12-20 18:15:29.85387	t	1
151	151	5	\N	2022-12-20 18:15:29.856489	2022-12-20 18:15:29.856489	t	1
152	152	5	\N	2022-12-20 18:15:29.859317	2022-12-20 18:15:29.859317	t	1
153	153	5	\N	2022-12-20 18:15:29.861907	2022-12-20 18:15:29.861907	t	1
154	154	5	\N	2022-12-20 18:15:29.864423	2022-12-20 18:15:29.864423	t	1
155	155	5	\N	2022-12-20 18:15:29.86709	2022-12-20 18:15:29.86709	t	1
156	156	5	\N	2022-12-20 18:15:29.869791	2022-12-20 18:15:29.869791	t	1
157	157	5	\N	2022-12-20 18:15:29.872371	2022-12-20 18:15:29.872371	t	1
158	158	6	\N	2022-12-20 18:15:29.874878	2022-12-20 18:15:29.874878	t	1
159	159	6	\N	2022-12-20 18:15:29.877334	2022-12-20 18:15:29.877334	t	1
160	160	6	\N	2022-12-20 18:15:29.879973	2022-12-20 18:15:29.879973	t	1
161	161	6	\N	2022-12-20 18:15:29.882464	2022-12-20 18:15:29.882464	t	1
162	162	6	\N	2022-12-20 18:15:29.885147	2022-12-20 18:15:29.885147	t	1
163	163	6	\N	2022-12-20 18:15:29.887703	2022-12-20 18:15:29.887703	t	1
164	164	6	\N	2022-12-20 18:15:29.890266	2022-12-20 18:15:29.890266	t	1
165	165	6	\N	2022-12-20 18:15:29.892857	2022-12-20 18:15:29.892857	t	1
166	166	6	\N	2022-12-20 18:15:29.895638	2022-12-20 18:15:29.895638	t	1
167	167	6	\N	2022-12-20 18:15:29.898413	2022-12-20 18:15:29.898413	t	1
168	168	6	\N	2022-12-20 18:15:29.901224	2022-12-20 18:15:29.901224	t	1
169	169	6	\N	2022-12-20 18:15:29.903712	2022-12-20 18:15:29.903712	t	1
170	170	6	\N	2022-12-20 18:15:29.906427	2022-12-20 18:15:29.906427	t	1
171	171	6	\N	2022-12-20 18:15:29.909223	2022-12-20 18:15:29.909223	t	1
172	172	6	\N	2022-12-20 18:15:29.911811	2022-12-20 18:15:29.911811	t	1
173	173	6	\N	2022-12-20 18:15:29.914365	2022-12-20 18:15:29.914365	t	1
174	174	6	\N	2022-12-20 18:15:29.91693	2022-12-20 18:15:29.91693	t	1
175	175	6	\N	2022-12-20 18:15:29.919484	2022-12-20 18:15:29.919484	t	1
176	176	6	\N	2022-12-20 18:15:29.922121	2022-12-20 18:15:29.922121	t	1
177	177	6	\N	2022-12-20 18:15:29.924771	2022-12-20 18:15:29.924771	t	1
178	178	6	\N	2022-12-20 18:15:29.927338	2022-12-20 18:15:29.927338	t	1
179	179	6	\N	2022-12-20 18:15:29.930023	2022-12-20 18:15:29.930023	t	1
180	180	6	\N	2022-12-20 18:15:29.932619	2022-12-20 18:15:29.932619	t	1
181	181	6	\N	2022-12-20 18:15:29.935152	2022-12-20 18:15:29.935152	t	1
182	182	6	\N	2022-12-20 18:15:29.937834	2022-12-20 18:15:29.937834	t	1
183	183	6	\N	2022-12-20 18:15:29.940439	2022-12-20 18:15:29.940439	t	1
184	184	6	\N	2022-12-20 18:15:29.942974	2022-12-20 18:15:29.942974	t	1
185	185	6	\N	2022-12-20 18:15:29.945676	2022-12-20 18:15:29.945676	t	1
186	186	6	\N	2022-12-20 18:15:29.948512	2022-12-20 18:15:29.948512	t	1
187	187	6	\N	2022-12-20 18:15:29.951173	2022-12-20 18:15:29.951173	t	1
188	188	6	\N	2022-12-20 18:15:29.953663	2022-12-20 18:15:29.953663	t	1
189	189	6	\N	2022-12-20 18:15:29.956211	2022-12-20 18:15:29.956211	t	1
190	190	6	\N	2022-12-20 18:15:29.958944	2022-12-20 18:15:29.958944	t	1
191	191	6	\N	2022-12-20 18:15:29.961602	2022-12-20 18:15:29.961602	t	1
192	192	6	\N	2022-12-20 18:15:29.964063	2022-12-20 18:15:29.964063	t	1
193	193	6	\N	2022-12-20 18:15:29.966645	2022-12-20 18:15:29.966645	t	1
194	194	6	\N	2022-12-20 18:15:29.969225	2022-12-20 18:15:29.969225	t	1
195	195	6	\N	2022-12-20 18:15:29.971795	2022-12-20 18:15:29.971795	t	1
196	196	6	\N	2022-12-20 18:15:29.974267	2022-12-20 18:15:29.974267	t	1
197	197	6	\N	2022-12-20 18:15:29.976838	2022-12-20 18:15:29.976838	t	1
198	198	7	\N	2022-12-20 18:15:29.979449	2022-12-20 18:15:29.979449	t	1
199	199	7	\N	2022-12-20 18:15:29.98201	2022-12-20 18:15:29.98201	t	1
200	200	7	\N	2022-12-20 18:15:29.984766	2022-12-20 18:15:29.984766	t	1
201	201	7	\N	2022-12-20 18:15:29.987274	2022-12-20 18:15:29.987274	t	1
202	202	7	\N	2022-12-20 18:15:29.989866	2022-12-20 18:15:29.989866	t	1
203	203	7	\N	2022-12-20 18:15:29.992511	2022-12-20 18:15:29.992511	t	1
204	204	7	\N	2022-12-20 18:15:29.995401	2022-12-20 18:15:29.995401	t	1
205	205	7	\N	2022-12-20 18:15:29.99837	2022-12-20 18:15:29.99837	t	1
206	206	7	\N	2022-12-20 18:15:30.001702	2022-12-20 18:15:30.001702	t	1
207	207	7	\N	2022-12-20 18:15:30.004702	2022-12-20 18:15:30.004702	t	1
208	208	7	\N	2022-12-20 18:15:30.007691	2022-12-20 18:15:30.007691	t	1
209	209	7	\N	2022-12-20 18:15:30.010679	2022-12-20 18:15:30.010679	t	1
210	210	7	\N	2022-12-20 18:15:30.013701	2022-12-20 18:15:30.013701	t	1
211	211	7	\N	2022-12-20 18:15:30.016651	2022-12-20 18:15:30.016651	t	1
212	212	7	\N	2022-12-20 18:15:30.019648	2022-12-20 18:15:30.019648	t	1
213	213	7	\N	2022-12-20 18:15:30.022219	2022-12-20 18:15:30.022219	t	1
214	214	7	\N	2022-12-20 18:15:30.027446	2022-12-20 18:15:30.027446	t	1
215	215	7	\N	2022-12-20 18:15:30.0306	2022-12-20 18:15:30.0306	t	1
216	216	7	\N	2022-12-20 18:15:30.033932	2022-12-20 18:15:30.033932	t	1
217	217	7	\N	2022-12-20 18:15:30.036958	2022-12-20 18:15:30.036958	t	1
218	218	7	\N	2022-12-20 18:15:30.039925	2022-12-20 18:15:30.039925	t	1
219	219	7	\N	2022-12-20 18:15:30.042699	2022-12-20 18:15:30.042699	t	1
220	220	7	\N	2022-12-20 18:15:30.045578	2022-12-20 18:15:30.045578	t	1
221	221	7	\N	2022-12-20 18:15:30.048493	2022-12-20 18:15:30.048493	t	1
222	222	7	\N	2022-12-20 18:15:30.051303	2022-12-20 18:15:30.051303	t	1
223	223	7	\N	2022-12-20 18:15:30.053962	2022-12-20 18:15:30.053962	t	1
224	224	7	\N	2022-12-20 18:15:30.056437	2022-12-20 18:15:30.056437	t	1
225	225	7	\N	2022-12-20 18:15:30.0593	2022-12-20 18:15:30.0593	t	1
226	226	7	\N	2022-12-20 18:15:30.06186	2022-12-20 18:15:30.06186	t	1
227	227	7	\N	2022-12-20 18:15:30.064619	2022-12-20 18:15:30.064619	t	1
228	228	8	\N	2022-12-20 18:15:30.067365	2022-12-20 18:15:30.067365	t	1
229	229	8	\N	2022-12-20 18:15:30.069977	2022-12-20 18:15:30.069977	t	1
230	230	8	\N	2022-12-20 18:15:30.072498	2022-12-20 18:15:30.072498	t	1
231	231	8	\N	2022-12-20 18:15:30.074966	2022-12-20 18:15:30.074966	t	1
232	232	8	\N	2022-12-20 18:15:30.077455	2022-12-20 18:15:30.077455	t	1
233	233	8	\N	2022-12-20 18:15:30.08	2022-12-20 18:15:30.08	t	1
234	234	8	\N	2022-12-20 18:15:30.082677	2022-12-20 18:15:30.082677	t	1
235	235	8	\N	2022-12-20 18:15:30.085119	2022-12-20 18:15:30.085119	t	1
236	236	8	\N	2022-12-20 18:15:30.087648	2022-12-20 18:15:30.087648	t	1
237	237	8	\N	2022-12-20 18:15:30.09028	2022-12-20 18:15:30.09028	t	1
238	238	8	\N	2022-12-20 18:15:30.092767	2022-12-20 18:15:30.092767	t	1
239	239	8	\N	2022-12-20 18:15:30.095408	2022-12-20 18:15:30.095408	t	1
240	240	8	\N	2022-12-20 18:15:30.098077	2022-12-20 18:15:30.098077	t	1
241	241	8	\N	2022-12-20 18:15:30.100978	2022-12-20 18:15:30.100978	t	1
242	242	8	\N	2022-12-20 18:15:30.103502	2022-12-20 18:15:30.103502	t	1
243	243	8	\N	2022-12-20 18:15:30.106109	2022-12-20 18:15:30.106109	t	1
244	244	8	\N	2022-12-20 18:15:30.10855	2022-12-20 18:15:30.10855	t	1
245	245	8	\N	2022-12-20 18:15:30.111446	2022-12-20 18:15:30.111446	t	1
246	246	8	\N	2022-12-20 18:15:30.114023	2022-12-20 18:15:30.114023	t	1
247	247	8	\N	2022-12-20 18:15:30.11661	2022-12-20 18:15:30.11661	t	1
248	248	8	\N	2022-12-20 18:15:30.119184	2022-12-20 18:15:30.119184	t	1
249	249	8	\N	2022-12-20 18:15:30.121784	2022-12-20 18:15:30.121784	t	1
250	250	8	\N	2022-12-20 18:15:30.124252	2022-12-20 18:15:30.124252	t	1
251	251	8	\N	2022-12-20 18:15:30.126763	2022-12-20 18:15:30.126763	t	1
252	252	8	\N	2022-12-20 18:15:30.129309	2022-12-20 18:15:30.129309	t	1
253	253	8	\N	2022-12-20 18:15:30.131938	2022-12-20 18:15:30.131938	t	1
254	254	8	\N	2022-12-20 18:15:30.134489	2022-12-20 18:15:30.134489	t	1
255	255	8	\N	2022-12-20 18:15:30.137123	2022-12-20 18:15:30.137123	t	1
256	256	8	\N	2022-12-20 18:15:30.139717	2022-12-20 18:15:30.139717	t	1
257	257	8	\N	2022-12-20 18:15:30.142191	2022-12-20 18:15:30.142191	t	1
258	258	8	\N	2022-12-20 18:15:30.144898	2022-12-20 18:15:30.144898	t	1
259	259	8	\N	2022-12-20 18:15:30.147635	2022-12-20 18:15:30.147635	t	1
260	260	8	\N	2022-12-20 18:15:30.151527	2022-12-20 18:15:30.151527	t	1
261	261	8	\N	2022-12-20 18:15:30.154564	2022-12-20 18:15:30.154564	t	1
262	262	8	\N	2022-12-20 18:15:30.157479	2022-12-20 18:15:30.157479	t	1
263	263	8	\N	2022-12-20 18:15:30.160223	2022-12-20 18:15:30.160223	t	1
264	264	8	\N	2022-12-20 18:15:30.163325	2022-12-20 18:15:30.163325	t	1
265	265	8	\N	2022-12-20 18:15:30.166065	2022-12-20 18:15:30.166065	t	1
266	266	8	\N	2022-12-20 18:15:30.169095	2022-12-20 18:15:30.169095	t	1
267	267	9	\N	2022-12-20 18:15:30.171843	2022-12-20 18:15:30.171843	t	1
268	268	9	\N	2022-12-20 18:15:30.174299	2022-12-20 18:15:30.174299	t	1
269	269	9	\N	2022-12-20 18:15:30.17684	2022-12-20 18:15:30.17684	t	1
270	270	9	\N	2022-12-20 18:15:30.179371	2022-12-20 18:15:30.179371	t	1
271	271	9	\N	2022-12-20 18:15:30.181965	2022-12-20 18:15:30.181965	t	1
272	272	9	\N	2022-12-20 18:15:30.184719	2022-12-20 18:15:30.184719	t	1
273	273	9	\N	2022-12-20 18:15:30.187901	2022-12-20 18:15:30.187901	t	1
274	274	9	\N	2022-12-20 18:15:30.190436	2022-12-20 18:15:30.190436	t	1
275	275	9	\N	2022-12-20 18:15:30.193023	2022-12-20 18:15:30.193023	t	1
276	276	9	\N	2022-12-20 18:15:30.195745	2022-12-20 18:15:30.195745	t	1
277	277	9	\N	2022-12-20 18:15:30.19901	2022-12-20 18:15:30.19901	t	1
278	278	9	\N	2022-12-20 18:15:30.202522	2022-12-20 18:15:30.202522	t	1
279	279	9	\N	2022-12-20 18:15:30.205402	2022-12-20 18:15:30.205402	t	1
280	280	9	\N	2022-12-20 18:15:30.208147	2022-12-20 18:15:30.208147	t	1
281	281	9	\N	2022-12-20 18:15:30.210759	2022-12-20 18:15:30.210759	t	1
282	282	9	\N	2022-12-20 18:15:30.213764	2022-12-20 18:15:30.213764	t	1
283	283	9	\N	2022-12-20 18:15:30.216602	2022-12-20 18:15:30.216602	t	1
284	284	9	\N	2022-12-20 18:15:30.21962	2022-12-20 18:15:30.21962	t	1
285	285	9	\N	2022-12-20 18:15:30.222468	2022-12-20 18:15:30.222468	t	1
286	286	9	\N	2022-12-20 18:15:30.225071	2022-12-20 18:15:30.225071	t	1
287	287	9	\N	2022-12-20 18:15:30.22754	2022-12-20 18:15:30.22754	t	1
288	288	9	\N	2022-12-20 18:15:30.230334	2022-12-20 18:15:30.230334	t	1
289	289	9	\N	2022-12-20 18:15:30.232869	2022-12-20 18:15:30.232869	t	1
290	290	9	\N	2022-12-20 18:15:30.235455	2022-12-20 18:15:30.235455	t	1
291	291	9	\N	2022-12-20 18:15:30.237938	2022-12-20 18:15:30.237938	t	1
292	292	9	\N	2022-12-20 18:15:30.240479	2022-12-20 18:15:30.240479	t	1
293	293	9	\N	2022-12-20 18:15:30.242906	2022-12-20 18:15:30.242906	t	1
294	294	9	\N	2022-12-20 18:15:30.245508	2022-12-20 18:15:30.245508	t	1
295	295	9	\N	2022-12-20 18:15:30.248177	2022-12-20 18:15:30.248177	t	1
296	296	9	\N	2022-12-20 18:15:30.250845	2022-12-20 18:15:30.250845	t	1
297	297	9	\N	2022-12-20 18:15:30.253575	2022-12-20 18:15:30.253575	t	1
298	298	9	\N	2022-12-20 18:15:30.256066	2022-12-20 18:15:30.256066	t	1
299	299	9	\N	2022-12-20 18:15:30.258625	2022-12-20 18:15:30.258625	t	1
300	300	9	\N	2022-12-20 18:15:30.261407	2022-12-20 18:15:30.261407	t	1
301	301	9	\N	2022-12-20 18:15:30.264207	2022-12-20 18:15:30.264207	t	1
302	302	10	\N	2022-12-20 18:15:30.266886	2022-12-20 18:15:30.266886	t	1
303	303	10	\N	2022-12-20 18:15:30.269723	2022-12-20 18:15:30.269723	t	1
304	304	10	\N	2022-12-20 18:15:30.272369	2022-12-20 18:15:30.272369	t	1
305	305	10	\N	2022-12-20 18:15:30.274873	2022-12-20 18:15:30.274873	t	1
306	306	10	\N	2022-12-20 18:15:30.277496	2022-12-20 18:15:30.277496	t	1
307	307	10	\N	2022-12-20 18:15:30.280218	2022-12-20 18:15:30.280218	t	1
308	308	10	\N	2022-12-20 18:15:30.282887	2022-12-20 18:15:30.282887	t	1
309	309	10	\N	2022-12-20 18:15:30.285418	2022-12-20 18:15:30.285418	t	1
310	310	10	\N	2022-12-20 18:15:30.288092	2022-12-20 18:15:30.288092	t	1
311	311	10	\N	2022-12-20 18:15:30.290701	2022-12-20 18:15:30.290701	t	1
312	312	10	\N	2022-12-20 18:15:30.293286	2022-12-20 18:15:30.293286	t	1
313	313	10	\N	2022-12-20 18:15:30.295979	2022-12-20 18:15:30.295979	t	1
314	314	10	\N	2022-12-20 18:15:30.298869	2022-12-20 18:15:30.298869	t	1
315	315	10	\N	2022-12-20 18:15:30.301805	2022-12-20 18:15:30.301805	t	1
316	316	10	\N	2022-12-20 18:15:30.304854	2022-12-20 18:15:30.304854	t	1
317	317	10	\N	2022-12-20 18:15:30.307605	2022-12-20 18:15:30.307605	t	1
318	318	10	\N	2022-12-20 18:15:30.310384	2022-12-20 18:15:30.310384	t	1
319	319	10	\N	2022-12-20 18:15:30.313192	2022-12-20 18:15:30.313192	t	1
320	320	10	\N	2022-12-20 18:15:30.315827	2022-12-20 18:15:30.315827	t	1
321	321	10	\N	2022-12-20 18:15:30.318568	2022-12-20 18:15:30.318568	t	1
322	322	10	\N	2022-12-20 18:15:30.321214	2022-12-20 18:15:30.321214	t	1
323	323	10	\N	2022-12-20 18:15:30.323747	2022-12-20 18:15:30.323747	t	1
324	324	10	\N	2022-12-20 18:15:30.326324	2022-12-20 18:15:30.326324	t	1
325	325	10	\N	2022-12-20 18:15:30.329104	2022-12-20 18:15:30.329104	t	1
326	326	10	\N	2022-12-20 18:15:30.331918	2022-12-20 18:15:30.331918	t	1
327	327	10	\N	2022-12-20 18:15:30.334527	2022-12-20 18:15:30.334527	t	1
328	328	10	\N	2022-12-20 18:15:30.337052	2022-12-20 18:15:30.337052	t	1
329	329	10	\N	2022-12-20 18:15:30.33971	2022-12-20 18:15:30.33971	t	1
330	330	10	\N	2022-12-20 18:15:30.342611	2022-12-20 18:15:30.342611	t	1
331	331	11	\N	2022-12-20 18:15:30.345396	2022-12-20 18:15:30.345396	t	1
332	332	11	\N	2022-12-20 18:15:30.348291	2022-12-20 18:15:30.348291	t	1
333	333	11	\N	2022-12-20 18:15:30.350931	2022-12-20 18:15:30.350931	t	1
334	334	11	\N	2022-12-20 18:15:30.353899	2022-12-20 18:15:30.353899	t	1
335	335	11	\N	2022-12-20 18:15:30.356411	2022-12-20 18:15:30.356411	t	1
336	336	11	\N	2022-12-20 18:15:30.358991	2022-12-20 18:15:30.358991	t	1
337	337	11	\N	2022-12-20 18:15:30.361532	2022-12-20 18:15:30.361532	t	1
338	338	11	\N	2022-12-20 18:15:30.364378	2022-12-20 18:15:30.364378	t	1
339	339	11	\N	2022-12-20 18:15:30.367051	2022-12-20 18:15:30.367051	t	1
340	340	11	\N	2022-12-20 18:15:30.369681	2022-12-20 18:15:30.369681	t	1
341	341	11	\N	2022-12-20 18:15:30.37237	2022-12-20 18:15:30.37237	t	1
342	342	11	\N	2022-12-20 18:15:30.374854	2022-12-20 18:15:30.374854	t	1
343	343	11	\N	2022-12-20 18:15:30.377429	2022-12-20 18:15:30.377429	t	1
344	344	11	\N	2022-12-20 18:15:30.380014	2022-12-20 18:15:30.380014	t	1
345	345	11	\N	2022-12-20 18:15:30.382635	2022-12-20 18:15:30.382635	t	1
346	346	11	\N	2022-12-20 18:15:30.385094	2022-12-20 18:15:30.385094	t	1
347	347	11	\N	2022-12-20 18:15:30.387677	2022-12-20 18:15:30.387677	t	1
348	348	11	\N	2022-12-20 18:15:30.390154	2022-12-20 18:15:30.390154	t	1
349	349	11	\N	2022-12-20 18:15:30.392727	2022-12-20 18:15:30.392727	t	1
350	350	11	\N	2022-12-20 18:15:30.395148	2022-12-20 18:15:30.395148	t	1
351	351	11	\N	2022-12-20 18:15:30.397919	2022-12-20 18:15:30.397919	t	1
352	352	11	\N	2022-12-20 18:15:30.400395	2022-12-20 18:15:30.400395	t	1
353	353	11	\N	2022-12-20 18:15:30.403431	2022-12-20 18:15:30.403431	t	1
354	354	11	\N	2022-12-20 18:15:30.405858	2022-12-20 18:15:30.405858	t	1
355	355	11	\N	2022-12-20 18:15:30.408369	2022-12-20 18:15:30.408369	t	1
356	356	11	\N	2022-12-20 18:15:30.411074	2022-12-20 18:15:30.411074	t	1
357	357	11	\N	2022-12-20 18:15:30.413913	2022-12-20 18:15:30.413913	t	1
358	358	11	\N	2022-12-20 18:15:30.416529	2022-12-20 18:15:30.416529	t	1
359	359	11	\N	2022-12-20 18:15:30.419567	2022-12-20 18:15:30.419567	t	1
360	360	11	\N	2022-12-20 18:15:30.422151	2022-12-20 18:15:30.422151	t	1
361	361	11	\N	2022-12-20 18:15:30.424788	2022-12-20 18:15:30.424788	t	1
362	362	11	\N	2022-12-20 18:15:30.427459	2022-12-20 18:15:30.427459	t	1
363	363	11	\N	2022-12-20 18:15:30.430263	2022-12-20 18:15:30.430263	t	1
364	364	11	\N	2022-12-20 18:15:30.433039	2022-12-20 18:15:30.433039	t	1
365	365	11	\N	2022-12-20 18:15:30.435861	2022-12-20 18:15:30.435861	t	1
366	366	11	\N	2022-12-20 18:15:30.43826	2022-12-20 18:15:30.43826	t	1
367	367	11	\N	2022-12-20 18:15:30.440742	2022-12-20 18:15:30.440742	t	1
368	368	11	\N	2022-12-20 18:15:30.443363	2022-12-20 18:15:30.443363	t	1
369	369	11	\N	2022-12-20 18:15:30.446409	2022-12-20 18:15:30.446409	t	1
370	370	12	\N	2022-12-20 18:15:30.450028	2022-12-20 18:15:30.450028	t	1
371	371	12	\N	2022-12-20 18:15:30.452976	2022-12-20 18:15:30.452976	t	1
372	372	12	\N	2022-12-20 18:15:30.455634	2022-12-20 18:15:30.455634	t	1
373	373	12	\N	2022-12-20 18:15:30.458044	2022-12-20 18:15:30.458044	t	1
374	374	12	\N	2022-12-20 18:15:30.460608	2022-12-20 18:15:30.460608	t	1
375	375	12	\N	2022-12-20 18:15:30.46321	2022-12-20 18:15:30.46321	t	1
376	376	12	\N	2022-12-20 18:15:30.465808	2022-12-20 18:15:30.465808	t	1
377	377	12	\N	2022-12-20 18:15:30.468642	2022-12-20 18:15:30.468642	t	1
378	378	12	\N	2022-12-20 18:15:30.471343	2022-12-20 18:15:30.471343	t	1
379	379	12	\N	2022-12-20 18:15:30.473808	2022-12-20 18:15:30.473808	t	1
380	380	12	\N	2022-12-20 18:15:30.47642	2022-12-20 18:15:30.47642	t	1
381	381	12	\N	2022-12-20 18:15:30.47906	2022-12-20 18:15:30.47906	t	1
382	382	12	\N	2022-12-20 18:15:30.481613	2022-12-20 18:15:30.481613	t	1
383	383	12	\N	2022-12-20 18:15:30.484254	2022-12-20 18:15:30.484254	t	1
384	384	12	\N	2022-12-20 18:15:30.486947	2022-12-20 18:15:30.486947	t	1
385	385	12	\N	2022-12-20 18:15:30.489514	2022-12-20 18:15:30.489514	t	1
386	386	12	\N	2022-12-20 18:15:30.492123	2022-12-20 18:15:30.492123	t	1
387	387	12	\N	2022-12-20 18:15:30.494639	2022-12-20 18:15:30.494639	t	1
388	388	12	\N	2022-12-20 18:15:30.497107	2022-12-20 18:15:30.497107	t	1
389	389	12	\N	2022-12-20 18:15:30.499895	2022-12-20 18:15:30.499895	t	1
390	390	12	\N	2022-12-20 18:15:30.502889	2022-12-20 18:15:30.502889	t	1
391	391	12	\N	2022-12-20 18:15:30.505648	2022-12-20 18:15:30.505648	t	1
392	392	12	\N	2022-12-20 18:15:30.508162	2022-12-20 18:15:30.508162	t	1
393	393	12	\N	2022-12-20 18:15:30.510743	2022-12-20 18:15:30.510743	t	1
394	394	12	\N	2022-12-20 18:15:30.513322	2022-12-20 18:15:30.513322	t	1
395	395	12	\N	2022-12-20 18:15:30.515888	2022-12-20 18:15:30.515888	t	1
396	396	12	\N	2022-12-20 18:15:30.518707	2022-12-20 18:15:30.518707	t	1
397	397	12	\N	2022-12-20 18:15:30.521537	2022-12-20 18:15:30.521537	t	1
398	398	12	\N	2022-12-20 18:15:30.524081	2022-12-20 18:15:30.524081	t	1
399	399	12	\N	2022-12-20 18:15:30.526795	2022-12-20 18:15:30.526795	t	1
400	400	12	\N	2022-12-20 18:15:30.529492	2022-12-20 18:15:30.529492	t	1
401	401	12	\N	2022-12-20 18:15:30.532171	2022-12-20 18:15:30.532171	t	1
402	402	12	\N	2022-12-20 18:15:30.53486	2022-12-20 18:15:30.53486	t	1
403	403	12	\N	2022-12-20 18:15:30.537442	2022-12-20 18:15:30.537442	t	1
404	404	12	\N	2022-12-20 18:15:30.540009	2022-12-20 18:15:30.540009	t	1
405	405	12	\N	2022-12-20 18:15:30.542674	2022-12-20 18:15:30.542674	t	1
406	406	12	\N	2022-12-20 18:15:30.545292	2022-12-20 18:15:30.545292	t	1
407	407	13	\N	2022-12-20 18:15:30.547947	2022-12-20 18:15:30.547947	t	1
408	408	13	\N	2022-12-20 18:15:30.550947	2022-12-20 18:15:30.550947	t	1
409	409	13	\N	2022-12-20 18:15:30.554199	2022-12-20 18:15:30.554199	t	1
410	410	13	\N	2022-12-20 18:15:30.557071	2022-12-20 18:15:30.557071	t	1
411	411	13	\N	2022-12-20 18:15:30.559876	2022-12-20 18:15:30.559876	t	1
412	412	13	\N	2022-12-20 18:15:30.562936	2022-12-20 18:15:30.562936	t	1
413	413	13	\N	2022-12-20 18:15:30.565729	2022-12-20 18:15:30.565729	t	1
414	414	13	\N	2022-12-20 18:15:30.56895	2022-12-20 18:15:30.56895	t	1
415	415	13	\N	2022-12-20 18:15:30.571683	2022-12-20 18:15:30.571683	t	1
416	416	13	\N	2022-12-20 18:15:30.574236	2022-12-20 18:15:30.574236	t	1
417	417	13	\N	2022-12-20 18:15:30.576882	2022-12-20 18:15:30.576882	t	1
418	418	13	\N	2022-12-20 18:15:30.57962	2022-12-20 18:15:30.57962	t	1
419	419	13	\N	2022-12-20 18:15:30.582332	2022-12-20 18:15:30.582332	t	1
420	420	13	\N	2022-12-20 18:15:30.584971	2022-12-20 18:15:30.584971	t	1
421	421	13	\N	2022-12-20 18:15:30.587529	2022-12-20 18:15:30.587529	t	1
422	422	13	\N	2022-12-20 18:15:30.593232	2022-12-20 18:15:30.593232	t	1
423	423	13	\N	2022-12-20 18:15:30.596214	2022-12-20 18:15:30.596214	t	1
424	424	13	\N	2022-12-20 18:15:30.599716	2022-12-20 18:15:30.599716	t	1
425	425	13	\N	2022-12-20 18:15:30.603202	2022-12-20 18:15:30.603202	t	1
426	426	13	\N	2022-12-20 18:15:30.60643	2022-12-20 18:15:30.60643	t	1
427	427	13	\N	2022-12-20 18:15:30.609298	2022-12-20 18:15:30.609298	t	1
428	428	13	\N	2022-12-20 18:15:30.612145	2022-12-20 18:15:30.612145	t	1
429	429	13	\N	2022-12-20 18:15:30.615175	2022-12-20 18:15:30.615175	t	1
430	430	13	\N	2022-12-20 18:15:30.618066	2022-12-20 18:15:30.618066	t	1
431	431	13	\N	2022-12-20 18:15:30.621003	2022-12-20 18:15:30.621003	t	1
432	432	13	\N	2022-12-20 18:15:30.623544	2022-12-20 18:15:30.623544	t	1
433	433	13	\N	2022-12-20 18:15:30.626167	2022-12-20 18:15:30.626167	t	1
434	434	13	\N	2022-12-20 18:15:30.628809	2022-12-20 18:15:30.628809	t	1
435	435	13	\N	2022-12-20 18:15:30.63152	2022-12-20 18:15:30.63152	t	1
436	436	13	\N	2022-12-20 18:15:30.634306	2022-12-20 18:15:30.634306	t	1
437	437	13	\N	2022-12-20 18:15:30.63689	2022-12-20 18:15:30.63689	t	1
438	438	13	\N	2022-12-20 18:15:30.639526	2022-12-20 18:15:30.639526	t	1
439	439	13	\N	2022-12-20 18:15:30.641973	2022-12-20 18:15:30.641973	t	1
440	440	13	\N	2022-12-20 18:15:30.644533	2022-12-20 18:15:30.644533	t	1
441	441	13	\N	2022-12-20 18:15:30.647045	2022-12-20 18:15:30.647045	t	1
442	442	13	\N	2022-12-20 18:15:30.649953	2022-12-20 18:15:30.649953	t	1
443	443	13	\N	2022-12-20 18:15:30.653018	2022-12-20 18:15:30.653018	t	1
444	444	14	\N	2022-12-20 18:15:30.655798	2022-12-20 18:15:30.655798	t	1
445	445	14	\N	2022-12-20 18:15:30.658783	2022-12-20 18:15:30.658783	t	1
446	446	14	\N	2022-12-20 18:15:30.661504	2022-12-20 18:15:30.661504	t	1
447	447	14	\N	2022-12-20 18:15:30.664566	2022-12-20 18:15:30.664566	t	1
448	448	14	\N	2022-12-20 18:15:30.667571	2022-12-20 18:15:30.667571	t	1
449	449	14	\N	2022-12-20 18:15:30.670284	2022-12-20 18:15:30.670284	t	1
450	450	14	\N	2022-12-20 18:15:30.672781	2022-12-20 18:15:30.672781	t	1
451	451	14	\N	2022-12-20 18:15:30.675385	2022-12-20 18:15:30.675385	t	1
452	452	14	\N	2022-12-20 18:15:30.677895	2022-12-20 18:15:30.677895	t	1
453	453	14	\N	2022-12-20 18:15:30.680486	2022-12-20 18:15:30.680486	t	1
454	454	14	\N	2022-12-20 18:15:30.683183	2022-12-20 18:15:30.683183	t	1
455	455	14	\N	2022-12-20 18:15:30.685798	2022-12-20 18:15:30.685798	t	1
456	456	14	\N	2022-12-20 18:15:30.688393	2022-12-20 18:15:30.688393	t	1
457	457	14	\N	2022-12-20 18:15:30.690848	2022-12-20 18:15:30.690848	t	1
458	458	14	\N	2022-12-20 18:15:30.693415	2022-12-20 18:15:30.693415	t	1
459	459	14	\N	2022-12-20 18:15:30.695879	2022-12-20 18:15:30.695879	t	1
460	460	14	\N	2022-12-20 18:15:30.698907	2022-12-20 18:15:30.698907	t	1
461	461	14	\N	2022-12-20 18:15:30.701478	2022-12-20 18:15:30.701478	t	1
462	462	14	\N	2022-12-20 18:15:30.704324	2022-12-20 18:15:30.704324	t	1
463	463	14	\N	2022-12-20 18:15:30.706972	2022-12-20 18:15:30.706972	t	1
464	464	14	\N	2022-12-20 18:15:30.709551	2022-12-20 18:15:30.709551	t	1
465	465	14	\N	2022-12-20 18:15:30.712161	2022-12-20 18:15:30.712161	t	1
466	466	14	\N	2022-12-20 18:15:30.715012	2022-12-20 18:15:30.715012	t	1
467	467	14	\N	2022-12-20 18:15:30.717742	2022-12-20 18:15:30.717742	t	1
468	468	14	\N	2022-12-20 18:15:30.720427	2022-12-20 18:15:30.720427	t	1
469	469	15	\N	2022-12-20 18:15:30.723001	2022-12-20 18:15:30.723001	t	1
470	470	15	\N	2022-12-20 18:15:30.725384	2022-12-20 18:15:30.725384	t	1
471	471	15	\N	2022-12-20 18:15:30.728041	2022-12-20 18:15:30.728041	t	1
472	472	15	\N	2022-12-20 18:15:30.730686	2022-12-20 18:15:30.730686	t	1
473	473	15	\N	2022-12-20 18:15:30.733494	2022-12-20 18:15:30.733494	t	1
474	474	15	\N	2022-12-20 18:15:30.735978	2022-12-20 18:15:30.735978	t	1
475	475	15	\N	2022-12-20 18:15:30.738584	2022-12-20 18:15:30.738584	t	1
476	476	15	\N	2022-12-20 18:15:30.741158	2022-12-20 18:15:30.741158	t	1
477	477	15	\N	2022-12-20 18:15:30.743597	2022-12-20 18:15:30.743597	t	1
478	478	15	\N	2022-12-20 18:15:30.746305	2022-12-20 18:15:30.746305	t	1
479	479	15	\N	2022-12-20 18:15:30.748954	2022-12-20 18:15:30.748954	t	1
480	480	15	\N	2022-12-20 18:15:30.751746	2022-12-20 18:15:30.751746	t	1
481	481	15	\N	2022-12-20 18:15:30.754351	2022-12-20 18:15:30.754351	t	1
482	482	15	\N	2022-12-20 18:15:30.757174	2022-12-20 18:15:30.757174	t	1
483	483	15	\N	2022-12-20 18:15:30.759655	2022-12-20 18:15:30.759655	t	1
484	484	15	\N	2022-12-20 18:15:30.762428	2022-12-20 18:15:30.762428	t	1
485	485	15	\N	2022-12-20 18:15:30.76529	2022-12-20 18:15:30.76529	t	1
486	486	15	\N	2022-12-20 18:15:30.768273	2022-12-20 18:15:30.768273	t	1
487	487	15	\N	2022-12-20 18:15:30.770886	2022-12-20 18:15:30.770886	t	1
488	488	15	\N	2022-12-20 18:15:30.773488	2022-12-20 18:15:30.773488	t	1
489	489	15	\N	2022-12-20 18:15:30.776008	2022-12-20 18:15:30.776008	t	1
490	490	15	\N	2022-12-20 18:15:30.778535	2022-12-20 18:15:30.778535	t	1
491	491	15	\N	2022-12-20 18:15:30.781368	2022-12-20 18:15:30.781368	t	1
492	492	15	\N	2022-12-20 18:15:30.784521	2022-12-20 18:15:30.784521	t	1
493	493	15	\N	2022-12-20 18:15:30.787127	2022-12-20 18:15:30.787127	t	1
494	494	15	\N	2022-12-20 18:15:30.789668	2022-12-20 18:15:30.789668	t	1
495	495	15	\N	2022-12-20 18:15:30.79222	2022-12-20 18:15:30.79222	t	1
496	496	15	\N	2022-12-20 18:15:30.794642	2022-12-20 18:15:30.794642	t	1
497	497	15	\N	2022-12-20 18:15:30.797494	2022-12-20 18:15:30.797494	t	1
498	498	15	\N	2022-12-20 18:15:30.800226	2022-12-20 18:15:30.800226	t	1
499	499	15	\N	2022-12-20 18:15:30.802989	2022-12-20 18:15:30.802989	t	1
500	500	15	\N	2022-12-20 18:15:30.805831	2022-12-20 18:15:30.805831	t	1
501	501	16	\N	2022-12-20 18:15:30.808327	2022-12-20 18:15:30.808327	t	1
502	502	16	\N	2022-12-20 18:15:30.8109	2022-12-20 18:15:30.8109	t	1
503	503	16	\N	2022-12-20 18:15:30.813702	2022-12-20 18:15:30.813702	t	1
504	504	16	\N	2022-12-20 18:15:30.816417	2022-12-20 18:15:30.816417	t	1
505	505	16	\N	2022-12-20 18:15:30.819146	2022-12-20 18:15:30.819146	t	1
506	506	16	\N	2022-12-20 18:15:30.821798	2022-12-20 18:15:30.821798	t	1
507	507	16	\N	2022-12-20 18:15:30.82428	2022-12-20 18:15:30.82428	t	1
508	508	16	\N	2022-12-20 18:15:30.826867	2022-12-20 18:15:30.826867	t	1
509	509	16	\N	2022-12-20 18:15:30.82951	2022-12-20 18:15:30.82951	t	1
510	510	16	\N	2022-12-20 18:15:30.832228	2022-12-20 18:15:30.832228	t	1
511	511	16	\N	2022-12-20 18:15:30.834771	2022-12-20 18:15:30.834771	t	1
512	512	16	\N	2022-12-20 18:15:30.837343	2022-12-20 18:15:30.837343	t	1
513	513	16	\N	2022-12-20 18:15:30.839785	2022-12-20 18:15:30.839785	t	1
514	514	16	\N	2022-12-20 18:15:30.842349	2022-12-20 18:15:30.842349	t	1
515	515	16	\N	2022-12-20 18:15:30.84487	2022-12-20 18:15:30.84487	t	1
516	516	16	\N	2022-12-20 18:15:30.847588	2022-12-20 18:15:30.847588	t	1
517	517	16	\N	2022-12-20 18:15:30.850517	2022-12-20 18:15:30.850517	t	1
518	518	16	\N	2022-12-20 18:15:30.853426	2022-12-20 18:15:30.853426	t	1
519	519	16	\N	2022-12-20 18:15:30.8562	2022-12-20 18:15:30.8562	t	1
520	520	16	\N	2022-12-20 18:15:30.858814	2022-12-20 18:15:30.858814	t	1
521	521	16	\N	2022-12-20 18:15:30.86164	2022-12-20 18:15:30.86164	t	1
522	522	16	\N	2022-12-20 18:15:30.86458	2022-12-20 18:15:30.86458	t	1
523	523	16	\N	2022-12-20 18:15:30.867493	2022-12-20 18:15:30.867493	t	1
524	524	16	\N	2022-12-20 18:15:30.87045	2022-12-20 18:15:30.87045	t	1
525	525	16	\N	2022-12-20 18:15:30.873308	2022-12-20 18:15:30.873308	t	1
526	526	16	\N	2022-12-20 18:15:30.875794	2022-12-20 18:15:30.875794	t	1
527	527	16	\N	2022-12-20 18:15:30.878425	2022-12-20 18:15:30.878425	t	1
528	528	16	\N	2022-12-20 18:15:30.881041	2022-12-20 18:15:30.881041	t	1
529	529	16	\N	2022-12-20 18:15:30.883684	2022-12-20 18:15:30.883684	t	1
530	530	16	\N	2022-12-20 18:15:30.886147	2022-12-20 18:15:30.886147	t	1
531	531	16	\N	2022-12-20 18:15:30.888727	2022-12-20 18:15:30.888727	t	1
532	532	16	\N	2022-12-20 18:15:30.89118	2022-12-20 18:15:30.89118	t	1
533	533	16	\N	2022-12-20 18:15:30.893701	2022-12-20 18:15:30.893701	t	1
534	534	16	\N	2022-12-20 18:15:30.896216	2022-12-20 18:15:30.896216	t	1
535	535	17	\N	2022-12-20 18:15:30.899068	2022-12-20 18:15:30.899068	t	1
536	536	17	\N	2022-12-20 18:15:30.901932	2022-12-20 18:15:30.901932	t	1
537	537	17	\N	2022-12-20 18:15:30.904874	2022-12-20 18:15:30.904874	t	1
538	538	17	\N	2022-12-20 18:15:30.90759	2022-12-20 18:15:30.90759	t	1
539	539	17	\N	2022-12-20 18:15:30.910161	2022-12-20 18:15:30.910161	t	1
540	540	17	\N	2022-12-20 18:15:30.913007	2022-12-20 18:15:30.913007	t	1
541	541	17	\N	2022-12-20 18:15:30.915755	2022-12-20 18:15:30.915755	t	1
542	542	17	\N	2022-12-20 18:15:30.918503	2022-12-20 18:15:30.918503	t	1
543	543	17	\N	2022-12-20 18:15:30.921106	2022-12-20 18:15:30.921106	t	1
544	544	17	\N	2022-12-20 18:15:30.923745	2022-12-20 18:15:30.923745	t	1
545	545	17	\N	2022-12-20 18:15:30.926202	2022-12-20 18:15:30.926202	t	1
546	546	17	\N	2022-12-20 18:15:30.928882	2022-12-20 18:15:30.928882	t	1
547	547	17	\N	2022-12-20 18:15:30.931442	2022-12-20 18:15:30.931442	t	1
548	548	17	\N	2022-12-20 18:15:30.934123	2022-12-20 18:15:30.934123	t	1
549	549	17	\N	2022-12-20 18:15:30.936598	2022-12-20 18:15:30.936598	t	1
550	550	17	\N	2022-12-20 18:15:30.93924	2022-12-20 18:15:30.93924	t	1
551	551	17	\N	2022-12-20 18:15:30.941659	2022-12-20 18:15:30.941659	t	1
552	552	17	\N	2022-12-20 18:15:30.9442	2022-12-20 18:15:30.9442	t	1
553	553	17	\N	2022-12-20 18:15:30.946744	2022-12-20 18:15:30.946744	t	1
554	554	17	\N	2022-12-20 18:15:30.949626	2022-12-20 18:15:30.949626	t	1
555	555	17	\N	2022-12-20 18:15:30.952614	2022-12-20 18:15:30.952614	t	1
556	556	17	\N	2022-12-20 18:15:30.955413	2022-12-20 18:15:30.955413	t	1
557	557	17	\N	2022-12-20 18:15:30.958109	2022-12-20 18:15:30.958109	t	1
558	558	17	\N	2022-12-20 18:15:30.96069	2022-12-20 18:15:30.96069	t	1
559	559	17	\N	2022-12-20 18:15:30.963501	2022-12-20 18:15:30.963501	t	1
560	560	17	\N	2022-12-20 18:15:30.966335	2022-12-20 18:15:30.966335	t	1
561	561	17	\N	2022-12-20 18:15:30.969319	2022-12-20 18:15:30.969319	t	1
562	562	17	\N	2022-12-20 18:15:30.971958	2022-12-20 18:15:30.971958	t	1
563	563	17	\N	2022-12-20 18:15:30.974423	2022-12-20 18:15:30.974423	t	1
564	564	18	\N	2022-12-20 18:15:30.976951	2022-12-20 18:15:30.976951	t	1
565	565	18	\N	2022-12-20 18:15:30.979543	2022-12-20 18:15:30.979543	t	1
566	566	18	\N	2022-12-20 18:15:30.982125	2022-12-20 18:15:30.982125	t	1
567	567	18	\N	2022-12-20 18:15:30.98472	2022-12-20 18:15:30.98472	t	1
568	568	18	\N	2022-12-20 18:15:30.987404	2022-12-20 18:15:30.987404	t	1
569	569	18	\N	2022-12-20 18:15:30.989922	2022-12-20 18:15:30.989922	t	1
570	570	18	\N	2022-12-20 18:15:30.992419	2022-12-20 18:15:30.992419	t	1
571	571	18	\N	2022-12-20 18:15:30.994868	2022-12-20 18:15:30.994868	t	1
572	572	18	\N	2022-12-20 18:15:30.997424	2022-12-20 18:15:30.997424	t	1
573	573	18	\N	2022-12-20 18:15:31.000398	2022-12-20 18:15:31.000398	t	1
574	574	18	\N	2022-12-20 18:15:31.00338	2022-12-20 18:15:31.00338	t	1
575	575	18	\N	2022-12-20 18:15:31.006309	2022-12-20 18:15:31.006309	t	1
576	576	18	\N	2022-12-20 18:15:31.00891	2022-12-20 18:15:31.00891	t	1
577	577	18	\N	2022-12-20 18:15:31.011723	2022-12-20 18:15:31.011723	t	1
578	578	18	\N	2022-12-20 18:15:31.014569	2022-12-20 18:15:31.014569	t	1
579	579	18	\N	2022-12-20 18:15:31.017715	2022-12-20 18:15:31.017715	t	1
580	580	18	\N	2022-12-20 18:15:31.020593	2022-12-20 18:15:31.020593	t	1
581	581	18	\N	2022-12-20 18:15:31.023166	2022-12-20 18:15:31.023166	t	1
582	582	18	\N	2022-12-20 18:15:31.0256	2022-12-20 18:15:31.0256	t	1
583	583	18	\N	2022-12-20 18:15:31.028347	2022-12-20 18:15:31.028347	t	1
584	584	18	\N	2022-12-20 18:15:31.030916	2022-12-20 18:15:31.030916	t	1
585	585	18	\N	2022-12-20 18:15:31.033586	2022-12-20 18:15:31.033586	t	1
586	586	18	\N	2022-12-20 18:15:31.036321	2022-12-20 18:15:31.036321	t	1
587	587	18	\N	2022-12-20 18:15:31.038881	2022-12-20 18:15:31.038881	t	1
588	588	18	\N	2022-12-20 18:15:31.041433	2022-12-20 18:15:31.041433	t	1
589	589	18	\N	2022-12-20 18:15:31.043939	2022-12-20 18:15:31.043939	t	1
590	590	18	\N	2022-12-20 18:15:31.046504	2022-12-20 18:15:31.046504	t	1
591	591	18	\N	2022-12-20 18:15:31.048962	2022-12-20 18:15:31.048962	t	1
592	592	18	\N	2022-12-20 18:15:31.051734	2022-12-20 18:15:31.051734	t	1
593	593	18	\N	2022-12-20 18:15:31.054345	2022-12-20 18:15:31.054345	t	1
594	594	18	\N	2022-12-20 18:15:31.057001	2022-12-20 18:15:31.057001	t	1
595	595	18	\N	2022-12-20 18:15:31.059518	2022-12-20 18:15:31.059518	t	1
596	596	18	\N	2022-12-20 18:15:31.062034	2022-12-20 18:15:31.062034	t	1
597	597	18	\N	2022-12-20 18:15:31.064776	2022-12-20 18:15:31.064776	t	1
598	598	18	\N	2022-12-20 18:15:31.067451	2022-12-20 18:15:31.067451	t	1
599	599	18	\N	2022-12-20 18:15:31.070127	2022-12-20 18:15:31.070127	t	1
600	600	18	\N	2022-12-20 18:15:31.075703	2022-12-20 18:15:31.075703	t	1
601	601	19	\N	2022-12-20 18:15:31.079937	2022-12-20 18:15:31.079937	t	1
602	602	19	\N	2022-12-20 18:15:31.086496	2022-12-20 18:15:31.086496	t	1
603	603	19	\N	2022-12-20 18:15:31.093161	2022-12-20 18:15:31.093161	t	1
604	604	19	\N	2022-12-20 18:15:31.097913	2022-12-20 18:15:31.097913	t	1
605	605	19	\N	2022-12-20 18:15:31.103117	2022-12-20 18:15:31.103117	t	1
606	606	19	\N	2022-12-20 18:15:31.108018	2022-12-20 18:15:31.108018	t	1
607	607	19	\N	2022-12-20 18:15:31.112897	2022-12-20 18:15:31.112897	t	1
608	608	19	\N	2022-12-20 18:15:31.117128	2022-12-20 18:15:31.117128	t	1
609	609	19	\N	2022-12-20 18:15:31.12261	2022-12-20 18:15:31.12261	t	1
610	610	19	\N	2022-12-20 18:15:31.127558	2022-12-20 18:15:31.127558	t	1
611	611	19	\N	2022-12-20 18:15:31.133229	2022-12-20 18:15:31.133229	t	1
612	612	19	\N	2022-12-20 18:15:31.138006	2022-12-20 18:15:31.138006	t	1
613	613	19	\N	2022-12-20 18:15:31.144209	2022-12-20 18:15:31.144209	t	1
614	614	19	\N	2022-12-20 18:15:31.149777	2022-12-20 18:15:31.149777	t	1
615	615	19	\N	2022-12-20 18:15:31.154765	2022-12-20 18:15:31.154765	t	1
616	616	19	\N	2022-12-20 18:15:31.159754	2022-12-20 18:15:31.159754	t	1
617	617	19	\N	2022-12-20 18:15:31.16696	2022-12-20 18:15:31.16696	t	1
618	618	19	\N	2022-12-20 18:15:31.173915	2022-12-20 18:15:31.173915	t	1
619	619	19	\N	2022-12-20 18:15:31.180947	2022-12-20 18:15:31.180947	t	1
620	620	19	\N	2022-12-20 18:15:31.185817	2022-12-20 18:15:31.185817	t	1
621	621	19	\N	2022-12-20 18:15:31.190976	2022-12-20 18:15:31.190976	t	1
622	622	19	\N	2022-12-20 18:15:31.197192	2022-12-20 18:15:31.197192	t	1
623	623	19	\N	2022-12-20 18:15:31.228127	2022-12-20 18:15:31.228127	t	1
624	624	19	\N	2022-12-20 18:15:31.232139	2022-12-20 18:15:31.232139	t	1
625	625	19	\N	2022-12-20 18:15:31.23634	2022-12-20 18:15:31.23634	t	1
626	626	19	\N	2022-12-20 18:15:31.240063	2022-12-20 18:15:31.240063	t	1
627	627	19	\N	2022-12-20 18:15:31.243809	2022-12-20 18:15:31.243809	t	1
628	628	19	\N	2022-12-20 18:15:31.24745	2022-12-20 18:15:31.24745	t	1
629	629	19	\N	2022-12-20 18:15:31.250831	2022-12-20 18:15:31.250831	t	1
630	630	19	\N	2022-12-20 18:15:31.254202	2022-12-20 18:15:31.254202	t	1
631	631	19	\N	2022-12-20 18:15:31.257421	2022-12-20 18:15:31.257421	t	1
632	632	19	\N	2022-12-20 18:15:31.260944	2022-12-20 18:15:31.260944	t	1
633	633	19	\N	2022-12-20 18:15:31.264038	2022-12-20 18:15:31.264038	t	1
634	634	19	\N	2022-12-20 18:15:31.267275	2022-12-20 18:15:31.267275	t	1
635	635	19	\N	2022-12-20 18:15:31.270435	2022-12-20 18:15:31.270435	t	1
636	636	19	\N	2022-12-20 18:15:31.273735	2022-12-20 18:15:31.273735	t	1
637	637	19	\N	2022-12-20 18:15:31.276946	2022-12-20 18:15:31.276946	t	1
638	638	20	\N	2022-12-20 18:15:31.27991	2022-12-20 18:15:31.27991	t	1
639	639	20	\N	2022-12-20 18:15:31.282968	2022-12-20 18:15:31.282968	t	1
640	640	20	\N	2022-12-20 18:15:31.286109	2022-12-20 18:15:31.286109	t	1
641	641	20	\N	2022-12-20 18:15:31.289158	2022-12-20 18:15:31.289158	t	1
642	642	20	\N	2022-12-20 18:15:31.291939	2022-12-20 18:15:31.291939	t	1
643	643	20	\N	2022-12-20 18:15:31.29458	2022-12-20 18:15:31.29458	t	1
644	644	20	\N	2022-12-20 18:15:31.297415	2022-12-20 18:15:31.297415	t	1
645	645	20	\N	2022-12-20 18:15:31.300089	2022-12-20 18:15:31.300089	t	1
646	646	20	\N	2022-12-20 18:15:31.30287	2022-12-20 18:15:31.30287	t	1
647	647	20	\N	2022-12-20 18:15:31.305409	2022-12-20 18:15:31.305409	t	1
648	648	20	\N	2022-12-20 18:15:31.308339	2022-12-20 18:15:31.308339	t	1
649	649	20	\N	2022-12-20 18:15:31.311382	2022-12-20 18:15:31.311382	t	1
650	650	20	\N	2022-12-20 18:15:31.31428	2022-12-20 18:15:31.31428	t	1
651	651	20	\N	2022-12-20 18:15:31.317137	2022-12-20 18:15:31.317137	t	1
652	652	20	\N	2022-12-20 18:15:31.319946	2022-12-20 18:15:31.319946	t	1
653	653	20	\N	2022-12-20 18:15:31.32293	2022-12-20 18:15:31.32293	t	1
654	654	20	\N	2022-12-20 18:15:31.325881	2022-12-20 18:15:31.325881	t	1
655	655	20	\N	2022-12-20 18:15:31.328684	2022-12-20 18:15:31.328684	t	1
656	656	20	\N	2022-12-20 18:15:31.331313	2022-12-20 18:15:31.331313	t	1
657	657	20	\N	2022-12-20 18:15:31.334118	2022-12-20 18:15:31.334118	t	1
658	658	20	\N	2022-12-20 18:15:31.336728	2022-12-20 18:15:31.336728	t	1
659	659	20	\N	2022-12-20 18:15:31.339462	2022-12-20 18:15:31.339462	t	1
660	660	20	\N	2022-12-20 18:15:31.342049	2022-12-20 18:15:31.342049	t	1
661	661	20	\N	2022-12-20 18:15:31.344731	2022-12-20 18:15:31.344731	t	1
662	662	20	\N	2022-12-20 18:15:31.347485	2022-12-20 18:15:31.347485	t	1
663	663	20	\N	2022-12-20 18:15:31.350218	2022-12-20 18:15:31.350218	t	1
664	664	20	\N	2022-12-20 18:15:31.352905	2022-12-20 18:15:31.352905	t	1
665	502	16	\N	2022-12-20 18:27:52.367476	2022-12-20 18:27:52.367476	t	1
666	511	16	\N	2022-12-20 18:27:52.372272	2022-12-20 18:27:52.372272	t	1
667	510	16	\N	2022-12-20 18:27:52.375811	2022-12-20 18:27:52.375811	t	1
668	509	16	\N	2022-12-20 18:27:52.379416	2022-12-20 18:27:52.379416	t	1
669	507	16	\N	2022-12-20 18:27:52.382858	2022-12-20 18:27:52.382858	t	1
670	519	16	\N	2022-12-20 18:27:52.386165	2022-12-20 18:27:52.386165	t	1
671	518	16	\N	2022-12-20 18:27:52.389393	2022-12-20 18:27:52.389393	t	1
672	522	16	\N	2022-12-20 18:27:52.392721	2022-12-20 18:27:52.392721	t	1
673	528	16	\N	2022-12-20 18:27:52.395731	2022-12-20 18:27:52.395731	t	1
674	529	16	\N	2022-12-20 18:27:52.398499	2022-12-20 18:27:52.398499	t	1
675	531	16	\N	2022-12-20 18:27:52.401413	2022-12-20 18:27:52.401413	t	1
676	228	8	\N	2022-12-20 18:27:52.472616	2022-12-20 18:27:52.472616	t	1
677	235	8	\N	2022-12-20 18:27:52.476846	2022-12-20 18:27:52.476846	t	1
678	234	8	\N	2022-12-20 18:27:52.481113	2022-12-20 18:27:52.481113	t	1
679	236	8	\N	2022-12-20 18:27:52.484759	2022-12-20 18:27:52.484759	t	1
680	251	8	\N	2022-12-20 18:27:52.488213	2022-12-20 18:27:52.488213	t	1
681	244	8	\N	2022-12-20 18:27:52.49148	2022-12-20 18:27:52.49148	t	1
682	252	8	\N	2022-12-20 18:27:52.494893	2022-12-20 18:27:52.494893	t	1
683	246	8	\N	2022-12-20 18:27:52.498047	2022-12-20 18:27:52.498047	t	1
684	245	8	\N	2022-12-20 18:27:52.50104	2022-12-20 18:27:52.50104	t	1
685	260	8	\N	2022-12-20 18:27:52.504451	2022-12-20 18:27:52.504451	t	1
686	261	8	\N	2022-12-20 18:27:52.508163	2022-12-20 18:27:52.508163	t	1
687	93	4	\N	2022-12-22 17:23:25.190817	2022-12-22 17:23:25.190817	t	1
688	99	4	\N	2022-12-22 17:23:25.196582	2022-12-22 17:23:25.196582	t	1
689	95	4	\N	2022-12-22 17:23:25.200139	2022-12-22 17:23:25.200139	t	1
690	97	4	\N	2022-12-22 17:23:25.203928	2022-12-22 17:23:25.203928	t	1
691	102	4	\N	2022-12-22 17:23:25.207753	2022-12-22 17:23:25.207753	t	1
692	108	4	\N	2022-12-22 17:23:25.211246	2022-12-22 17:23:25.211246	t	1
693	113	4	\N	2022-12-22 17:23:25.214561	2022-12-22 17:23:25.214561	t	1
694	115	4	\N	2022-12-22 17:23:25.217808	2022-12-22 17:23:25.217808	t	1
695	107	4	\N	2022-12-22 17:23:25.221214	2022-12-22 17:23:25.221214	t	1
696	121	4	\N	2022-12-22 17:23:25.224706	2022-12-22 17:23:25.224706	t	1
697	120	4	\N	2022-12-22 17:23:25.228542	2022-12-22 17:23:25.228542	t	1
698	158	6	\N	2022-12-22 17:23:25.295059	2022-12-22 17:23:25.295059	t	1
699	170	6	\N	2022-12-22 17:23:25.29849	2022-12-22 17:23:25.29849	t	1
700	165	6	\N	2022-12-22 17:23:25.301485	2022-12-22 17:23:25.301485	t	1
701	169	6	\N	2022-12-22 17:23:25.304796	2022-12-22 17:23:25.304796	t	1
702	173	6	\N	2022-12-22 17:23:25.307528	2022-12-22 17:23:25.307528	t	1
703	180	6	\N	2022-12-22 17:23:25.310245	2022-12-22 17:23:25.310245	t	1
704	177	6	\N	2022-12-22 17:23:25.313054	2022-12-22 17:23:25.313054	t	1
705	176	6	\N	2022-12-22 17:23:25.31598	2022-12-22 17:23:25.31598	t	1
706	188	6	\N	2022-12-22 17:23:25.318882	2022-12-22 17:23:25.318882	t	1
707	189	6	\N	2022-12-22 17:23:25.321737	2022-12-22 17:23:25.321737	t	1
708	191	6	\N	2022-12-22 17:23:25.324593	2022-12-22 17:23:25.324593	t	1
709	228	8	\N	2022-12-22 17:25:15.835015	2022-12-22 17:25:15.835015	t	1
710	235	8	\N	2022-12-22 17:25:15.839016	2022-12-22 17:25:15.839016	t	1
711	234	8	\N	2022-12-22 17:25:15.842528	2022-12-22 17:25:15.842528	t	1
712	236	8	\N	2022-12-22 17:25:15.845805	2022-12-22 17:25:15.845805	t	1
713	251	8	\N	2022-12-22 17:25:15.849061	2022-12-22 17:25:15.849061	t	1
714	244	8	\N	2022-12-22 17:25:15.852206	2022-12-22 17:25:15.852206	t	1
715	252	8	\N	2022-12-22 17:25:15.855288	2022-12-22 17:25:15.855288	t	1
716	246	8	\N	2022-12-22 17:25:15.858404	2022-12-22 17:25:15.858404	t	1
717	245	8	\N	2022-12-22 17:25:15.861268	2022-12-22 17:25:15.861268	t	1
718	260	8	\N	2022-12-22 17:25:15.864619	2022-12-22 17:25:15.864619	t	1
719	261	8	\N	2022-12-22 17:25:15.86759	2022-12-22 17:25:15.86759	t	1
720	302	10	\N	2022-12-22 17:25:15.904379	2022-12-22 17:25:15.904379	t	1
721	309	10	\N	2022-12-22 17:25:15.907492	2022-12-22 17:25:15.907492	t	1
722	310	10	\N	2022-12-22 17:25:15.910904	2022-12-22 17:25:15.910904	t	1
723	313	10	\N	2022-12-22 17:25:15.913913	2022-12-22 17:25:15.913913	t	1
724	305	10	\N	2022-12-22 17:25:15.916874	2022-12-22 17:25:15.916874	t	1
725	418	10	\N	2022-12-22 17:25:15.91956	2022-12-22 17:25:15.91956	t	1
726	317	10	\N	2022-12-22 17:25:15.922296	2022-12-22 17:25:15.922296	t	1
727	322	10	\N	2022-12-22 17:25:15.925239	2022-12-22 17:25:15.925239	t	1
728	318	10	\N	2022-12-22 17:25:15.928335	2022-12-22 17:25:15.928335	t	1
729	320	10	\N	2022-12-22 17:25:15.931086	2022-12-22 17:25:15.931086	t	1
730	327	10	\N	2022-12-22 17:25:15.933738	2022-12-22 17:25:15.933738	t	1
731	638	20	\N	2022-12-22 17:26:27.176519	2022-12-22 17:26:27.176519	t	1
732	650	20	\N	2022-12-22 17:26:27.181062	2022-12-22 17:26:27.181062	t	1
733	644	20	\N	2022-12-22 17:26:27.185039	2022-12-22 17:26:27.185039	t	1
734	642	20	\N	2022-12-22 17:26:27.188716	2022-12-22 17:26:27.188716	t	1
735	641	20	\N	2022-12-22 17:26:27.192223	2022-12-22 17:26:27.192223	t	1
736	658	20	\N	2022-12-22 17:26:27.195785	2022-12-22 17:26:27.195785	t	1
737	654	20	\N	2022-12-22 17:26:27.199543	2022-12-22 17:26:27.199543	t	1
738	660	20	\N	2022-12-22 17:26:27.202859	2022-12-22 17:26:27.202859	t	1
739	659	20	\N	2022-12-22 17:26:27.206196	2022-12-22 17:26:27.206196	t	1
740	661	20	\N	2022-12-22 17:26:27.209677	2022-12-22 17:26:27.209677	t	1
741	662	20	\N	2022-12-22 17:26:27.213593	2022-12-22 17:26:27.213593	t	1
742	267	9	\N	2022-12-22 17:26:27.275258	2022-12-22 17:26:27.275258	t	1
743	272	9	\N	2022-12-22 17:26:27.278764	2022-12-22 17:26:27.278764	t	1
744	281	9	\N	2022-12-22 17:26:27.282239	2022-12-22 17:26:27.282239	t	1
745	274	9	\N	2022-12-22 17:26:27.285662	2022-12-22 17:26:27.285662	t	1
746	277	9	\N	2022-12-22 17:26:27.288912	2022-12-22 17:26:27.288912	t	1
747	273	9	\N	2022-12-22 17:26:27.292149	2022-12-22 17:26:27.292149	t	1
748	288	9	\N	2022-12-22 17:26:27.295222	2022-12-22 17:26:27.295222	t	1
749	298	9	\N	2022-12-22 17:26:27.298199	2022-12-22 17:26:27.298199	t	1
750	299	9	\N	2022-12-22 17:26:27.301317	2022-12-22 17:26:27.301317	t	1
751	297	9	\N	2022-12-22 17:26:27.304295	2022-12-22 17:26:27.304295	t	1
752	295	9	\N	2022-12-22 17:26:27.307449	2022-12-22 17:26:27.307449	t	1
753	665	16	\N	2022-12-22 17:37:51.428475	2022-12-22 17:37:51.428475	t	1
754	666	8	\N	2022-12-22 17:37:51.434914	2022-12-22 17:37:51.434914	t	1
755	667	4	\N	2022-12-22 17:37:51.439682	2022-12-22 17:37:51.439682	t	1
756	668	4	\N	2022-12-22 17:37:51.444151	2022-12-22 17:37:51.444151	t	1
757	669	4	\N	2022-12-22 17:37:51.44833	2022-12-22 17:37:51.44833	t	1
758	670	6	\N	2022-12-22 17:37:51.452462	2022-12-22 17:37:51.452462	t	1
759	671	9	\N	2022-12-22 17:37:51.456507	2022-12-22 17:37:51.456507	t	1
760	672	9	\N	2022-12-22 17:37:51.460842	2022-12-22 17:37:51.460842	t	1
761	60	3	\N	2022-12-29 12:36:01.289915	2022-12-29 12:36:01.289915	t	1
762	68	3	\N	2022-12-29 12:36:01.297217	2022-12-29 12:36:01.297217	t	1
763	66	3	\N	2022-12-29 12:36:01.301152	2022-12-29 12:36:01.301152	t	1
764	67	3	\N	2022-12-29 12:36:01.304466	2022-12-29 12:36:01.304466	t	1
765	72	3	\N	2022-12-29 12:36:01.308301	2022-12-29 12:36:01.308301	t	1
766	84	3	\N	2022-12-29 12:36:01.311747	2022-12-29 12:36:01.311747	t	1
767	77	3	\N	2022-12-29 12:36:01.315055	2022-12-29 12:36:01.315055	t	1
768	85	3	\N	2022-12-29 12:36:01.318266	2022-12-29 12:36:01.318266	t	1
769	81	3	\N	2022-12-29 12:36:01.321627	2022-12-29 12:36:01.321627	t	1
770	91	3	\N	2022-12-29 12:36:01.324785	2022-12-29 12:36:01.324785	t	1
771	89	3	\N	2022-12-29 12:36:01.328534	2022-12-29 12:36:01.328534	t	1
772	638	20	\N	2022-12-29 12:36:01.388068	2022-12-29 12:36:01.388068	t	1
773	650	20	\N	2022-12-29 12:36:01.391556	2022-12-29 12:36:01.391556	t	1
774	642	20	\N	2022-12-29 12:36:01.394752	2022-12-29 12:36:01.394752	t	1
775	643	20	\N	2022-12-29 12:36:01.397777	2022-12-29 12:36:01.397777	t	1
776	641	20	\N	2022-12-29 12:36:01.400597	2022-12-29 12:36:01.400597	t	1
777	658	20	\N	2022-12-29 12:36:01.403277	2022-12-29 12:36:01.403277	t	1
778	654	20	\N	2022-12-29 12:36:01.406303	2022-12-29 12:36:01.406303	t	1
779	660	20	\N	2022-12-29 12:36:01.409109	2022-12-29 12:36:01.409109	t	1
780	659	20	\N	2022-12-29 12:36:01.412465	2022-12-29 12:36:01.412465	t	1
781	661	20	\N	2022-12-29 12:36:01.415479	2022-12-29 12:36:01.415479	t	1
782	663	20	\N	2022-12-29 12:36:01.418507	2022-12-29 12:36:01.418507	t	1
783	564	18	\N	2022-12-29 12:36:50.408754	2022-12-29 12:36:50.408754	t	1
784	572	18	\N	2022-12-29 12:36:50.412207	2022-12-29 12:36:50.412207	t	1
785	570	18	\N	2022-12-29 12:36:50.415705	2022-12-29 12:36:50.415705	t	1
786	575	18	\N	2022-12-29 12:36:50.419063	2022-12-29 12:36:50.419063	t	1
787	574	18	\N	2022-12-29 12:36:50.422707	2022-12-29 12:36:50.422707	t	1
788	582	18	\N	2022-12-29 12:36:50.426372	2022-12-29 12:36:50.426372	t	1
789	584	18	\N	2022-12-29 12:36:50.430164	2022-12-29 12:36:50.430164	t	1
790	583	18	\N	2022-12-29 12:36:50.433717	2022-12-29 12:36:50.433717	t	1
791	581	18	\N	2022-12-29 12:36:50.437108	2022-12-29 12:36:50.437108	t	1
792	595	18	\N	2022-12-29 12:36:50.44023	2022-12-29 12:36:50.44023	t	1
793	592	18	\N	2022-12-29 12:36:50.443532	2022-12-29 12:36:50.443532	t	1
794	127	5	\N	2022-12-29 12:36:50.481406	2022-12-29 12:36:50.481406	t	1
795	651	5	\N	2022-12-29 12:36:50.484365	2022-12-29 12:36:50.484365	t	1
796	133	5	\N	2022-12-29 12:36:50.48727	2022-12-29 12:36:50.48727	t	1
797	131	5	\N	2022-12-29 12:36:50.490044	2022-12-29 12:36:50.490044	t	1
798	135	5	\N	2022-12-29 12:36:50.493302	2022-12-29 12:36:50.493302	t	1
799	130	5	\N	2022-12-29 12:36:50.495942	2022-12-29 12:36:50.495942	t	1
800	140	5	\N	2022-12-29 12:36:50.498845	2022-12-29 12:36:50.498845	t	1
801	141	5	\N	2022-12-29 12:36:50.501467	2022-12-29 12:36:50.501467	t	1
802	150	5	\N	2022-12-29 12:36:50.504431	2022-12-29 12:36:50.504431	t	1
803	621	5	\N	2022-12-29 12:36:50.50759	2022-12-29 12:36:50.50759	t	1
804	148	5	\N	2022-12-29 12:36:50.51083	2022-12-29 12:36:50.51083	t	1
805	638	20	\N	2022-12-29 12:43:21.286085	2022-12-29 12:43:21.286085	t	1
806	650	20	\N	2022-12-29 12:43:21.289892	2022-12-29 12:43:21.289892	t	1
807	644	20	\N	2022-12-29 12:43:21.293455	2022-12-29 12:43:21.293455	t	1
808	642	20	\N	2022-12-29 12:43:21.296978	2022-12-29 12:43:21.296978	t	1
809	641	20	\N	2022-12-29 12:43:21.300352	2022-12-29 12:43:21.300352	t	1
810	658	20	\N	2022-12-29 12:43:21.303477	2022-12-29 12:43:21.303477	t	1
811	654	20	\N	2022-12-29 12:43:21.306518	2022-12-29 12:43:21.306518	t	1
812	660	20	\N	2022-12-29 12:43:21.309286	2022-12-29 12:43:21.309286	t	1
813	659	20	\N	2022-12-29 12:43:21.311996	2022-12-29 12:43:21.311996	t	1
814	661	20	\N	2022-12-29 12:43:21.31487	2022-12-29 12:43:21.31487	t	1
815	662	20	\N	2022-12-29 12:43:21.317675	2022-12-29 12:43:21.317675	t	1
816	267	9	\N	2022-12-29 12:43:21.365586	2022-12-29 12:43:21.365586	t	1
817	272	9	\N	2022-12-29 12:43:21.368362	2022-12-29 12:43:21.368362	t	1
818	281	9	\N	2022-12-29 12:43:21.371084	2022-12-29 12:43:21.371084	t	1
819	274	9	\N	2022-12-29 12:43:21.373929	2022-12-29 12:43:21.373929	t	1
820	277	9	\N	2022-12-29 12:43:21.376751	2022-12-29 12:43:21.376751	t	1
821	273	9	\N	2022-12-29 12:43:21.379437	2022-12-29 12:43:21.379437	t	1
822	288	9	\N	2022-12-29 12:43:21.382028	2022-12-29 12:43:21.382028	t	1
823	298	9	\N	2022-12-29 12:43:21.384788	2022-12-29 12:43:21.384788	t	1
824	299	9	\N	2022-12-29 12:43:21.387372	2022-12-29 12:43:21.387372	t	1
825	297	9	\N	2022-12-29 12:43:21.389909	2022-12-29 12:43:21.389909	t	1
826	295	9	\N	2022-12-29 12:43:21.393	2022-12-29 12:43:21.393	t	1
827	535	17	\N	2022-12-29 12:43:32.070586	2022-12-29 12:43:32.070586	t	1
828	544	17	\N	2022-12-29 12:43:32.074092	2022-12-29 12:43:32.074092	t	1
829	543	17	\N	2022-12-29 12:43:32.077505	2022-12-29 12:43:32.077505	t	1
830	539	17	\N	2022-12-29 12:43:32.081162	2022-12-29 12:43:32.081162	t	1
831	546	17	\N	2022-12-29 12:43:32.084447	2022-12-29 12:43:32.084447	t	1
832	538	17	\N	2022-12-29 12:43:32.087916	2022-12-29 12:43:32.087916	t	1
833	548	17	\N	2022-12-29 12:43:32.091191	2022-12-29 12:43:32.091191	t	1
834	550	17	\N	2022-12-29 12:43:32.094705	2022-12-29 12:43:32.094705	t	1
835	560	17	\N	2022-12-29 12:43:32.098291	2022-12-29 12:43:32.098291	t	1
836	551	17	\N	2022-12-29 12:43:32.101909	2022-12-29 12:43:32.101909	t	1
837	561	17	\N	2022-12-29 12:43:32.105324	2022-12-29 12:43:32.105324	t	1
838	1	1	\N	2022-12-29 12:43:32.143726	2022-12-29 12:43:32.143726	t	1
839	7	1	\N	2022-12-29 12:43:32.146734	2022-12-29 12:43:32.146734	t	1
840	12	1	\N	2022-12-29 12:43:32.14958	2022-12-29 12:43:32.14958	t	1
841	11	1	\N	2022-12-29 12:43:32.152217	2022-12-29 12:43:32.152217	t	1
842	8	1	\N	2022-12-29 12:43:32.15535	2022-12-29 12:43:32.15535	t	1
843	17	1	\N	2022-12-29 12:43:32.157977	2022-12-29 12:43:32.157977	t	1
844	18	1	\N	2022-12-29 12:43:32.16096	2022-12-29 12:43:32.16096	t	1
845	16	1	\N	2022-12-29 12:43:32.16386	2022-12-29 12:43:32.16386	t	1
846	25	1	\N	2022-12-29 12:43:32.1678	2022-12-29 12:43:32.1678	t	1
847	27	1	\N	2022-12-29 12:43:32.17068	2022-12-29 12:43:32.17068	t	1
848	535	17	\N	2022-12-29 12:49:10.255005	2022-12-29 12:49:10.255005	t	1
849	544	17	\N	2022-12-29 12:49:10.259305	2022-12-29 12:49:10.259305	t	1
850	543	17	\N	2022-12-29 12:49:10.263153	2022-12-29 12:49:10.263153	t	1
851	539	17	\N	2022-12-29 12:49:10.266867	2022-12-29 12:49:10.266867	t	1
852	546	17	\N	2022-12-29 12:49:10.270635	2022-12-29 12:49:10.270635	t	1
853	538	17	\N	2022-12-29 12:49:10.27428	2022-12-29 12:49:10.27428	t	1
854	548	17	\N	2022-12-29 12:49:10.277986	2022-12-29 12:49:10.277986	t	1
855	550	17	\N	2022-12-29 12:49:10.281721	2022-12-29 12:49:10.281721	t	1
856	560	17	\N	2022-12-29 12:49:10.285045	2022-12-29 12:49:10.285045	t	1
857	551	17	\N	2022-12-29 12:49:10.288473	2022-12-29 12:49:10.288473	t	1
858	561	17	\N	2022-12-29 12:49:10.291841	2022-12-29 12:49:10.291841	t	1
859	1	1	\N	2022-12-29 12:49:10.352479	2022-12-29 12:49:10.352479	t	1
860	7	1	\N	2022-12-29 12:49:10.356173	2022-12-29 12:49:10.356173	t	1
861	12	1	\N	2022-12-29 12:49:10.359771	2022-12-29 12:49:10.359771	t	1
862	11	1	\N	2022-12-29 12:49:10.363567	2022-12-29 12:49:10.363567	t	1
863	8	1	\N	2022-12-29 12:49:10.367225	2022-12-29 12:49:10.367225	t	1
864	17	1	\N	2022-12-29 12:49:10.370673	2022-12-29 12:49:10.370673	t	1
865	18	1	\N	2022-12-29 12:49:10.37419	2022-12-29 12:49:10.37419	t	1
866	16	1	\N	2022-12-29 12:49:10.377914	2022-12-29 12:49:10.377914	t	1
867	25	1	\N	2022-12-29 12:49:10.383155	2022-12-29 12:49:10.383155	t	1
868	27	1	\N	2022-12-29 12:49:10.386759	2022-12-29 12:49:10.386759	t	1
869	674	17	\N	2023-03-07 19:56:02.604026	2023-03-07 19:56:02.604026	t	1
870	678	15	\N	2023-03-12 15:32:03.926265	2023-03-12 15:32:03.926265	t	1
871	679	15	\N	2023-03-12 18:08:51.324252	2023-03-12 18:08:51.324252	t	1
872	677	13	\N	2023-03-12 18:09:00.230491	2023-03-12 18:09:00.230491	t	1
873	680	14	\N	2023-03-12 18:09:17.923538	2023-03-12 18:09:17.923538	t	1
874	681	14	\N	2023-03-12 18:09:17.934217	2023-03-12 18:09:17.934217	t	1
875	682	19	\N	2023-03-12 18:09:26.740563	2023-03-12 18:09:26.740563	t	1
876	683	7	\N	2023-03-12 18:09:35.478059	2023-03-12 18:09:35.478059	t	1
877	684	7	\N	2023-03-12 18:09:35.485056	2023-03-12 18:09:35.485056	t	1
878	673	5	\N	2023-03-12 18:09:44.237469	2023-03-12 18:09:44.237469	t	1
879	685	9	\N	2023-03-12 18:10:10.568954	2023-03-12 18:10:10.568954	t	1
880	686	9	\N	2023-03-12 18:10:10.577257	2023-03-12 18:10:10.577257	t	1
881	687	17	\N	2023-03-12 18:10:19.379922	2023-03-12 18:10:19.379922	t	1
882	675	1	\N	2023-03-12 18:10:36.811249	2023-03-12 18:10:36.811249	t	1
883	688	20	\N	2023-03-12 18:11:20.63206	2023-03-12 18:11:20.63206	t	1
884	689	9	\N	2023-03-12 18:11:29.405745	2023-03-12 18:11:29.405745	t	1
885	676	13	\N	2023-03-12 18:11:46.981498	2023-03-12 18:11:46.981498	t	1
886	690	3	\N	2023-03-12 18:11:55.782702	2023-03-12 18:11:55.782702	t	1
887	691	3	\N	2023-03-12 18:11:55.792056	2023-03-12 18:11:55.792056	t	1
888	692	14	\N	2023-03-12 18:12:04.591941	2023-03-12 18:12:04.591941	t	1
889	693	9	\N	2023-03-12 18:34:04.743296	2023-03-12 18:34:04.743296	t	1
890	694	1	\N	2023-03-12 18:34:13.497198	2023-03-12 18:34:13.497198	t	1
891	695	17	\N	2023-03-12 18:34:31.028783	2023-03-12 18:34:31.028783	t	1
892	696	13	\N	2023-03-12 18:34:39.847038	2023-03-12 18:34:39.847038	t	1
893	697	8	\N	2023-03-12 18:36:42.523685	2023-03-12 18:36:42.523685	t	1
894	698	9	\N	2023-03-12 18:36:42.565374	2023-03-12 18:36:42.565374	t	1
895	699	1	\N	2023-03-12 18:36:51.327745	2023-03-12 18:36:51.327745	t	1
896	700	13	\N	2023-03-12 18:37:00.072026	2023-03-12 18:37:00.072026	t	1
897	701	13	\N	2023-03-12 18:37:00.120513	2023-03-12 18:37:00.120513	t	1
898	702	13	\N	2023-03-12 18:37:00.129074	2023-03-12 18:37:00.129074	t	1
899	703	6	\N	2023-03-12 18:37:25.656216	2023-03-12 18:37:25.656216	t	1
900	704	5	\N	2023-03-12 18:37:25.685292	2023-03-12 18:37:25.685292	t	1
901	705	5	\N	2023-03-12 18:37:25.693026	2023-03-12 18:37:25.693026	t	1
902	706	5	\N	2023-03-12 18:37:25.709394	2023-03-12 18:37:25.709394	t	1
903	707	5	\N	2023-03-12 18:37:25.722678	2023-03-12 18:37:25.722678	t	1
904	708	1	\N	2023-03-12 18:38:43.27782	2023-03-12 18:38:43.27782	t	1
905	709	1	\N	2023-03-12 18:38:43.300414	2023-03-12 18:38:43.300414	t	1
906	710	18	\N	2023-03-12 18:38:43.317425	2023-03-12 18:38:43.317425	t	1
907	711	18	\N	2023-03-12 18:38:43.325743	2023-03-12 18:38:43.325743	t	1
908	712	18	\N	2023-03-12 18:38:43.342549	2023-03-12 18:38:43.342549	t	1
909	713	7	\N	2023-03-12 18:40:46.947959	2023-03-12 18:40:46.947959	t	1
910	714	12	\N	2023-03-12 18:41:13.324322	2023-03-12 18:41:13.324322	t	1
911	715	12	\N	2023-03-12 18:41:13.333253	2023-03-12 18:41:13.333253	t	1
\.


--
-- Data for Name: players; Type: TABLE DATA; Schema: public; Owner: goldsmid
--

COPY public.players (id, full_name, short_name, "position", team_id, api_football_id, created_at, updated_at) FROM stdin;
3	N. Bishop	\N	Goalkeeper	1	20319	2022-12-20 18:09:29.690065	2022-12-20 18:09:29.690065
32	L. Karius	\N	Goalkeeper	2	1972	2022-12-20 18:09:32.142801	2022-12-20 18:09:32.142801
63	C. Plain	\N	Goalkeeper	3	382166	2022-12-20 18:09:34.61094	2022-12-20 18:09:34.61094
73	C. Francis	\N	Defender	3	382929	2022-12-20 18:09:34.660762	2022-12-20 18:09:34.660762
74	B. Greenwood	\N	Defender	3	290962	2022-12-20 18:09:34.665113	2022-12-20 18:09:34.665113
86	F. Okoh	\N	Midfielder	3	382930	2022-12-20 18:09:34.716089	2022-12-20 18:09:34.716089
87	D. Sadi	\N	Midfielder	3	334725	2022-12-20 18:09:34.719692	2022-12-20 18:09:34.719692
88	J. Wadham	\N	Midfielder	3	382167	2022-12-20 18:09:34.723234	2022-12-20 18:09:34.723234
92	J. Anthony	\N	Attacker	3	196855	2022-12-20 18:09:34.739463	2022-12-20 18:09:34.739463
2	Tom Heaton	 T. Heaton	Goalkeeper	1	2931	2022-12-20 18:09:29.684882	2023-01-12 17:50:59.012052
5	Victor Lindelf	V. Lindelf	Defender	1	889	2022-12-20 18:09:29.700034	2023-01-12 17:50:59.023187
6	Phil Jones	P. Jones	Defender	1	888	2022-12-20 18:09:29.704935	2023-01-12 17:50:59.027306
7	Harry Maguire	H. Maguire	Defender	1	2935	2022-12-20 18:09:29.710391	2023-01-12 17:50:59.031504
8	Lisandro Martnez	L. Martnez	Defender	1	2467	2022-12-20 18:09:29.714993	2023-01-12 17:50:59.035616
10	Raphael Varane	R. Varane	Defender	1	742	2022-12-20 18:09:29.724182	2023-01-12 17:50:59.043805
11	Diogo Dalot	D. Dalot	Defender	1	886	2022-12-20 18:09:29.728765	2023-01-12 17:50:59.048012
12	Luke Shaw	L. Shaw	Defender	1	891	2022-12-20 18:09:29.733228	2023-01-12 17:50:59.052008
13	Aaron Wan-Bissaka	A. Wan-Bissaka	Defender	1	18846	2022-12-20 18:09:29.737511	2023-01-12 17:50:59.056171
14	Brandon Williams	B. Williams	Defender	1	138806	2022-12-20 18:09:29.74171	2023-01-12 17:50:59.060374
15	Axel Tuanzebe	A. Tuanzebe	Defender	1	19182	2022-12-20 18:09:29.746368	2023-01-12 17:50:59.064455
17	Christian Eriksen	C. Eriksen	Midfielder	1	174	2022-12-20 18:09:29.7541	2023-01-12 17:50:59.072746
18	Fred	 Fred	Midfielder	1	905	2022-12-20 18:09:29.758647	2023-01-12 17:50:59.07671
19	Casemiro	 Casemiro	Midfielder	1	747	2022-12-20 18:09:29.763343	2023-01-12 17:50:59.0808
20	Facunda Pellistri	F. Pellistri	Midfielder	1	70078	2022-12-20 18:09:29.767496	2023-01-12 17:50:59.084889
21	Donny van de Beek	D. van de Beek	Midfielder	1	547	2022-12-20 18:09:29.771102	2023-01-12 17:50:59.088948
23	Zidane Iqbal	Z. Iqbal	Midfielder	1	284295	2022-12-20 18:09:29.778944	2023-01-12 17:50:59.0971
24	Anthony Martial	A. Martial	Attacker	1	908	2022-12-20 18:09:29.782805	2023-01-12 17:50:59.100916
25	Marcus Rashford	M. Rashford	Attacker	1	909	2022-12-20 18:09:29.786401	2023-01-12 17:50:59.10455
26	Antony	 Antony	Attacker	1	9971	2022-12-20 18:09:29.789967	2023-01-12 17:50:59.108078
27	Jadon Sancho	J. Sancho	Attacker	1	18	2022-12-20 18:09:29.794552	2023-01-12 17:50:59.111585
28	Anthony Elanga	A. Elanga	Attacker	1	153430	2022-12-20 18:09:29.798725	2023-01-12 17:50:59.11566
29	Shola Shoretire	S. Shoretire	Attacker	1	163054	2022-12-20 18:09:29.802478	2023-01-12 17:50:59.119807
31	Charlie McNeill	C. McNeill	Attacker	1	288107	2022-12-20 18:09:29.810233	2023-01-12 17:50:59.128136
33	Nick Pope	N. Pope	Goalkeeper	2	18911	2022-12-20 18:09:32.148971	2023-01-12 17:50:59.134973
34	Karl Darlow	K. Darlow	Goalkeeper	2	18885	2022-12-20 18:09:32.15426	2023-01-12 17:50:59.138904
35	Mark Gillespie	M. Gillespie	Goalkeeper	2	44912	2022-12-20 18:09:32.159295	2023-01-12 17:50:59.142409
36	Kieran Trippier	K. Trippier	Defender	2	169	2022-12-20 18:09:32.164158	2023-01-12 17:50:59.145964
38	Sven Botman	S. Botman	Defender	2	38734	2022-12-20 18:09:32.173982	2023-01-12 17:50:59.153239
39	Fabian Schr	F. Schr	Defender	2	2806	2022-12-20 18:09:32.178839	2023-01-12 17:50:59.156835
40	Jamaal Lascelles	J. Lascelles 	Defender	2	18894	2022-12-20 18:09:32.183691	2023-01-12 17:50:59.160819
41	Jamal Lewis	 J. Lewis	Defender	2	19076	2022-12-20 18:09:32.188201	2023-01-12 17:50:59.164785
42	Matthew Targett	M. Targett	Defender	2	18941	2022-12-20 18:09:32.192817	2023-01-12 17:50:59.168742
44	Javi Manquillo	J. Manquillo	Defender	2	18896	2022-12-20 18:09:32.202636	2023-01-12 17:50:59.176998
45	Dan Burn	D. Burn	Defender	2	18961	2022-12-20 18:09:32.207097	2023-01-12 17:50:59.180876
46	Jonjo Shelvey	J. Shelvey	Midfielder	2	18904	2022-12-20 18:09:32.211358	2023-01-12 17:50:59.184975
47	Matt Ritchie	M. Ritchie	Midfielder	2	18903	2022-12-20 18:09:32.215505	2023-01-12 17:50:59.188585
49	Jacob Murphy	J. Murphy	Midfielder	2	19163	2022-12-20 18:09:32.225485	2023-01-12 17:50:59.195738
50	Miguel Almirn	M. Almirn	Midfielder	2	2507	2022-12-20 18:09:32.230574	2023-01-12 17:50:59.199269
51	Joe Willock	J. Willock	Midfielder	2	1463	2022-12-20 18:09:32.235866	2023-01-12 17:50:59.202755
52	Elliot Anderson	E. Anderson	Midfielder	2	138908	2022-12-20 18:09:32.240515	2023-01-12 17:50:59.206588
54	Bruno Guimares	B. Guimares	Midfielder	2	10135	2022-12-20 18:09:32.249802	2023-01-12 17:50:59.213638
55	Joelinton	Joelinton	Attacker	2	723	2022-12-20 18:09:32.253867	2023-01-12 17:50:59.217071
56	Callum Wilson	C. Wilson	Attacker	2	2939	2022-12-20 18:09:32.257525	2023-01-12 17:50:59.220748
57	Allan Saint-Maximin	A. Saint-Maximin	Attacker	2	22173	2022-12-20 18:09:32.261147	2023-01-12 17:50:59.224902
58	Alexander Isak	A. Isak	Attacker	2	2864	2022-12-20 18:09:32.264863	2023-01-12 17:50:59.228878
59	Chris Wood	C. Wood	Attacker	2	18931	2022-12-20 18:09:32.268526	2023-01-12 17:50:59.232856
60	Mark Travers	M. Travers	Goalkeeper	3	18860	2022-12-20 18:09:34.591748	2023-01-12 17:50:59.236819
61	Neto	 Neto	Goalkeeper	3	912	2022-12-20 18:09:34.59948	2023-01-12 17:50:59.24076
64	Ryan Fredericks	R. Fredericks 	Defender	3	18815	2022-12-20 18:09:34.616121	2023-01-12 17:50:59.251612
65	Jack Stephens	J. Stephens	Defender	3	18940	2022-12-20 18:09:34.621212	2023-01-12 17:50:59.255889
66	Lloyd Kelly	L. Kelly	Defender	3	19263	2022-12-20 18:09:34.626299	2023-01-12 17:50:59.259823
67	Chris Mepham	C. Mepham	Defender	3	18866	2022-12-20 18:09:34.631775	2023-01-12 17:50:59.267795
68	Adam Smith	A. Smith	Defender	3	18869	2022-12-20 18:09:34.636871	2023-01-12 17:50:59.272209
69	Jack Stacey	J. Stacey	Defender	3	19769	2022-12-20 18:09:34.641746	2023-01-12 17:50:59.276501
71	Marcos Senesi	M. Senesi 	Defender	3	6610	2022-12-20 18:09:34.651682	2023-01-12 17:50:59.284542
72	Jordan Zemura	J. Zemura	Defender	3	19824	2022-12-20 18:09:34.656273	2023-01-12 17:50:59.288222
75	Lewis Cook	L. Cook	Midfielder	3	18872	2022-12-20 18:09:34.66934	2023-01-12 17:50:59.297803
76	David Brooks	D. Brooks	Midfielder	3	18870	2022-12-20 18:09:34.673601	2023-01-12 17:50:59.30212
77	Jefferson Lerma	J. Lerma	Midfielder	3	2490	2022-12-20 18:09:34.677811	2023-01-12 17:50:59.306272
79	Emiliano Marcondes	E. Marcondes	Midfielder	3	19356	2022-12-20 18:09:34.687389	2023-01-12 17:50:59.314804
80	Joe Rothwell	J. Rothwell	Midfielder	3	19482	2022-12-20 18:09:34.691901	2023-01-12 17:50:59.318828
81	Marcus Tavernier	M. Tavernier	Midfielder	3	19245	2022-12-20 18:09:34.696437	2023-01-12 17:50:59.322825
83	Siriki Dembl	S. Dembl	Midfielder	3	19964	2022-12-20 18:09:34.704633	2023-01-12 17:50:59.331266
84	Ben Pearson	B. Pearson	Midfielder	3	19454	2022-12-20 18:09:34.708404	2023-01-12 17:50:59.335365
85	Philip Billing	P. Billing	Midfielder	3	2734	2022-12-20 18:09:34.712315	2023-01-12 17:50:59.339309
89	Dominic Solanke	D. Solanke	Attacker	3	18883	2022-12-20 18:09:34.726927	2023-01-12 17:50:59.351676
91	Kieffer Moore	K. Moore	Attacker	3	19804	2022-12-20 18:09:34.735396	2023-01-12 17:50:59.359778
93	Marek Rodk	M. Rodk	Goalkeeper	4	19657	2022-12-20 18:09:37.072368	2023-01-12 17:50:59.366791
94	Bernd Leno	B. Leno	Goalkeeper	4	1438	2022-12-20 18:09:37.078482	2023-01-12 17:50:59.370886
95	Kenny Tete	K. Tete	Defender	4	657	2022-12-20 18:09:37.084144	2023-01-12 17:50:59.374763
103	S. Parkes	\N	Defender	4	284471	2022-12-20 18:09:37.123775	2022-12-20 18:09:37.123775
105	C. McAvoy	\N	Defender	4	153412	2022-12-20 18:09:37.133372	2022-12-20 18:09:37.133372
106	C. Robinson	\N	Defender	4	327736	2022-12-20 18:09:37.138188	2022-12-20 18:09:37.138188
117	K. Sekularac	\N	Midfielder	4	335116	2022-12-20 18:09:37.183344	2022-12-20 18:09:37.183344
119	A. Pajaziti	\N	Midfielder	4	278059	2022-12-20 18:09:37.190967	2022-12-20 18:09:37.190967
125	T. Ablade	\N	Attacker	4	174174	2022-12-20 18:09:37.214067	2022-12-20 18:09:37.214067
126	M. Godo	\N	Attacker	4	359386	2022-12-20 18:09:37.218053	2022-12-20 18:09:37.218053
146	H. Griffiths	\N	Midfielder	5	284262	2022-12-20 18:09:39.622476	2022-12-20 18:09:39.622476
157	N. Fraser	\N	Attacker	5	303019	2022-12-20 18:09:39.663445	2022-12-20 18:09:39.663445
160	C. Kelleher	\N	Goalkeeper	6	281	2022-12-20 18:09:42.014127	2022-12-20 18:09:42.014127
161	H. Davies	\N	Goalkeeper	6	180316	2022-12-20 18:09:42.019228	2022-12-20 18:09:42.019228
162	F. Mrozek	\N	Goalkeeper	6	287111	2022-12-20 18:09:42.024104	2022-12-20 18:09:42.024104
163	Marcelo	\N	Goalkeeper	6	180866	2022-12-20 18:09:42.028882	2022-12-20 18:09:42.028882
174	J. Quansah	\N	Defender	6	158698	2022-12-20 18:09:42.079516	2022-12-20 18:09:42.079516
175	L. Chambers	\N	Defender	6	284366	2022-12-20 18:09:42.083455	2022-12-20 18:09:42.083455
186	J. Cain	\N	Midfielder	6	152975	2022-12-20 18:09:42.127267	2022-12-20 18:09:42.127267
187	D. Corness	\N	Midfielder	6	284253	2022-12-20 18:09:42.131099	2022-12-20 18:09:42.131099
98	Shane Duffy	S. Duffy	Defender	4	18962	2022-12-20 18:09:37.099412	2023-01-12 17:50:59.385618
99	Tim Ream	T. Ream	Defender	4	19023	2022-12-20 18:09:37.104145	2023-01-12 17:50:59.389104
100	Kevin Mbabu	K. Mbabu	Defender	4	946	2022-12-20 18:09:37.109174	2023-01-12 17:50:59.392938
101	Issa Diop	I. Diop	Defender	4	18814	2022-12-20 18:09:37.114185	2023-01-12 17:50:59.39694
102	Antonee Robinson	A. Robinson	Defender	4	19549	2022-12-20 18:09:37.11895	2023-01-12 17:50:59.400442
104	L. D'Auria-Henry	\N	Defender	4	288121	2022-12-20 18:09:37.128566	2023-01-12 17:50:59.406896
107	Harrison Reed	H. Reed	Midfielder	4	19480	2022-12-20 18:09:37.142406	2023-01-12 17:50:59.416659
109	Harry Wilson	H. Wilson	Midfielder	4	19221	2022-12-20 18:09:37.150894	2023-01-12 17:50:59.424901
110	Tom Cairney	T. Cairney	Midfielder	4	19025	2022-12-20 18:09:37.154806	2023-01-12 17:50:59.428912
111	Manor Solomon	M. Solomon	Midfielder	4	697	2022-12-20 18:09:37.158554	2023-01-12 17:50:59.432902
112	Nathaniel Chalobah	N. Chalobah	Midfielder	4	18803	2022-12-20 18:09:37.162577	2023-01-12 17:50:59.436774
114	Josh Onomah	J. Onomah	Midfielder	4	19393	2022-12-20 18:09:37.170328	2023-01-12 17:50:59.445006
115	Joo Palhinha	J. Palhinha	Midfielder	4	41104	2022-12-20 18:09:37.174757	2023-01-12 17:50:59.448993
116	Luke Harris	L. Harris	Midfielder	4	284475	2022-12-20 18:09:37.178901	2023-01-12 17:50:59.45283
118	O. O'Neill	\N	Midfielder	4	278087	2022-12-20 18:09:37.187354	2023-01-12 17:50:59.459183
120	Aleksandar Mitrovi	A. Mitrovi	Attacker	4	2825	2022-12-20 18:09:37.19455	2023-01-12 17:50:59.465643
122	Willian	Willian	Attacker	4	2294	2022-12-20 18:09:37.202158	2023-01-12 17:50:59.472765
123	Dan James	D. James	Attacker	4	19329	2022-12-20 18:09:37.205825	2023-01-12 17:50:59.477102
124	Carlos Vincius	Carlos Vincius	Attacker	4	104	2022-12-20 18:09:37.209763	2023-01-12 17:50:59.482148
127	Jos S	J. S	Goalkeeper	5	1590	2022-12-20 18:09:39.531391	2023-01-12 17:50:59.49181
128	Matija arki	M. arki	Goalkeeper	5	19173	2022-12-20 18:09:39.538597	2023-01-12 17:50:59.495637
129	Jackson Smith	J. Smith	Goalkeeper	5	280689	2022-12-20 18:09:39.544074	2023-01-12 17:50:59.499308
131	Nathan Collins	N. Collins	Defender	5	19495	2022-12-20 18:09:39.55438	2023-01-12 17:50:59.506935
132	Yerson Mosquera	Y. Mosquera	Defender	5	195717	2022-12-20 18:09:39.559184	2023-01-12 17:50:59.51065
133	Jonny Castro	Jonny	Defender	5	18740	2022-12-20 18:09:39.56403	2023-01-12 17:50:59.514138
134	Nlson Semedo	N. Semedo	Defender	5	130	2022-12-20 18:09:39.569295	2023-01-12 17:50:59.517815
135	Max Kilman	M. Kilman	Defender	5	18744	2022-12-20 18:09:39.574315	2023-01-12 17:50:59.522959
136	Toti	Toti	Defender	5	41606	2022-12-20 18:09:39.579053	2023-01-12 17:50:59.529572
138	Dexter Lembikisa	D. Lembikisa	Defender	5	284237	2022-12-20 18:09:39.589394	2023-01-12 17:50:59.547152
139	Boubacar Traor	B. Traor	Midfielder	5	157912	2022-12-20 18:09:39.594012	2023-01-12 17:50:59.554797
140	Rben Neves	R. Neves	Midfielder	5	2676	2022-12-20 18:09:39.598331	2023-01-12 17:50:59.561134
142	Connor Ronan	C. Ronan	Midfielder	5	61178	2022-12-20 18:09:39.606923	2023-01-12 17:50:59.572021
143	Matheus Nunes	M. Nunes	Midfielder	5	41621	2022-12-20 18:09:39.610754	2023-01-12 17:50:59.577911
144	Joo Moutinho	J. Moutinho	Midfielder	5	2677	2022-12-20 18:09:39.614553	2023-01-12 17:50:59.584848
145	Joe Hodge	J. Hodge	Midfielder	5	204033	2022-12-20 18:09:39.618555	2023-01-12 17:50:59.616502
147	Chem Campbell	C. Campbell	Midfielder	5	158432	2022-12-20 18:09:39.626088	2023-01-12 17:50:59.625593
148	Pedro Neto	P. Neto	Attacker	5	1864	2022-12-20 18:09:39.630055	2023-01-12 17:50:59.630407
150	Hee-Chan Hwang	H. Hwang	Attacker	5	24888	2022-12-20 18:09:39.638001	2023-01-12 17:50:59.640088
151	Gonalo Guedes	G. Guedes	Attacker	5	925	2022-12-20 18:09:39.641534	2023-01-12 17:50:59.644679
152	Saa Kalajdzic	S. Kalajdzic	Attacker	5	7722	2022-12-20 18:09:39.645409	2023-01-12 17:50:59.648993
153	Chiquinho	Chiquinho	Attacker	5	195962	2022-12-20 18:09:39.649198	2023-01-12 17:50:59.653418
154	Diego Costa	D. Costa	Attacker	5	54	2022-12-20 18:09:39.652896	2023-01-12 17:50:59.658005
155	Lo Bonatini	L. Bonatini	Attacker	5	19307	2022-12-20 18:09:39.656439	2023-01-12 17:50:59.662312
158	Alisson	Alisson	Goalkeeper	6	280	2022-12-20 18:09:42.002575	2023-01-12 17:50:59.673996
159	Adrin	Adrin	Goalkeeper	6	18812	2022-12-20 18:09:42.008569	2023-01-12 17:50:59.678178
164	Joe Gomez	J. Gomez	Defender	6	284	2022-12-20 18:09:42.033626	2023-01-12 17:50:59.693133
165	Virgil van Dijk	V. van Dijk	Defender	6	290	2022-12-20 18:09:42.038455	2023-01-12 17:50:59.697037
166	Ibrahima Konat	I. Konat	Defender	6	1145	2022-12-20 18:09:42.043354	2023-01-12 17:50:59.700585
168	Calvin Ramsay	C. Ramsay	Defender	6	135525	2022-12-20 18:09:42.052898	2023-01-12 17:50:59.708427
169	Andrew Robertson	A. Robertson	Defender	6	289	2022-12-20 18:09:42.057607	2023-01-12 17:50:59.712715
170	Jol Matip	J. Matip	Defender	6	286	2022-12-20 18:09:42.061983	2023-01-12 17:50:59.716768
171	Stefan Bajeti	S. Bajeti	Defender	6	310187	2022-12-20 18:09:42.066394	2023-01-12 17:50:59.721134
172	Nat Phillips	N. Phillips	Defender	6	127472	2022-12-20 18:09:42.071206	2023-01-12 17:50:59.724901
176	Fabinho	Fabinho	Midfielder	6	299	2022-12-20 18:09:42.08761	2023-01-12 17:50:59.738568
177	Thiago Alcntara	Thiago	Midfielder	6	507	2022-12-20 18:09:42.092132	2023-01-12 17:50:59.742768
178	James Milner	J. Milner	Midfielder	6	296	2022-12-20 18:09:42.095894	2023-01-12 17:50:59.746746
179	Naby Keta	N. Keta	Midfielder	6	294	2022-12-20 18:09:42.099918	2023-01-12 17:50:59.750682
180	Jordan Henderson	J. Henderson	Midfielder	6	292	2022-12-20 18:09:42.10445	2023-01-12 17:50:59.754793
182	Curtis Jones	C. Jones	Midfielder	6	293	2022-12-20 18:09:42.112078	2023-01-12 17:50:59.762054
183	Harvey Elliott	H. Elliott	Midfielder	6	19035	2022-12-20 18:09:42.115868	2023-01-12 17:50:59.765884
184	Fbio Carvalho	F. Carvalho	Midfielder	6	153066	2022-12-20 18:09:42.119874	2023-01-12 17:50:59.769458
185	Arthur	Arthur	Midfielder	6	150	2022-12-20 18:09:42.123526	2023-01-12 17:50:59.773189
188	Roberto Firmino	R. Firmino	Attacker	6	302	2022-12-20 18:09:42.134817	2023-01-12 17:50:59.78305
189	Mohamed Salah	M. Salah	Attacker	6	306	2022-12-20 18:09:42.138619	2023-01-12 17:50:59.786935
190	Diogo Jota	D. Jota	Attacker	6	2678	2022-12-20 18:09:42.142407	2023-01-12 17:50:59.790652
193	B. Clark	\N	Attacker	6	334729	2022-12-20 18:09:42.153843	2022-12-20 18:09:42.153843
194	B. Doak	\N	Attacker	6	343576	2022-12-20 18:09:42.157513	2022-12-20 18:09:42.157513
195	M. Frauendorf	\N	Attacker	6	284248	2022-12-20 18:09:42.161207	2022-12-20 18:09:42.161207
196	K. Gordon	\N	Attacker	6	286764	2022-12-20 18:09:42.164863	2022-12-20 18:09:42.164863
197	L. Stewart	\N	Attacker	6	152977	2022-12-20 18:09:42.168746	2022-12-20 18:09:42.168746
209	L. Payne	\N	Defender	7	284427	2022-12-20 18:09:44.578188	2022-12-20 18:09:44.578188
210	N. Lawrence	\N	Defender	7	354581	2022-12-20 18:09:44.582634	2022-12-20 18:09:44.582634
217	I. Diallo	\N	Midfielder	7	20557	2022-12-20 18:09:44.612735	2022-12-20 18:09:44.612735
218	R. Lavia	\N	Midfielder	7	282125	2022-12-20 18:09:44.616746	2022-12-20 18:09:44.616746
219	R. Finnigan	\N	Midfielder	7	284423	2022-12-20 18:09:44.620933	2022-12-20 18:09:44.620933
220	D. Edwards	\N	Midfielder	7	284424	2022-12-20 18:09:44.62495	2022-12-20 18:09:44.62495
223	S. Mara	\N	Attacker	7	190686	2022-12-20 18:09:44.636379	2022-12-20 18:09:44.636379
226	D. Ballard	\N	Attacker	7	303460	2022-12-20 18:09:44.647861	2022-12-20 18:09:44.647861
227	J. Morgan	\N	Attacker	7	330982	2022-12-20 18:09:44.651547	2022-12-20 18:09:44.651547
231	H. Graczyk	\N	Goalkeeper	8	284539	2022-12-20 18:09:46.991506	2022-12-20 18:09:46.991506
232	J. Hillson	\N	Goalkeeper	8	138843	2022-12-20 18:09:46.996999	2022-12-20 18:09:46.996999
240	L. Sousa	\N	Defender	8	284439	2022-12-20 18:09:47.039841	2022-12-20 18:09:47.039841
241	T. Foran	\N	Defender	8	284421	2022-12-20 18:09:47.045031	2022-12-20 18:09:47.045031
242	Z. Monlouis	\N	Defender	8	284557	2022-12-20 18:09:47.050048	2022-12-20 18:09:47.050048
243	R. Walters	\N	Defender	8	309505	2022-12-20 18:09:47.054709	2022-12-20 18:09:47.054709
253	M. Smith	\N	Midfielder	8	167658	2022-12-20 18:09:47.103121	2022-12-20 18:09:47.103121
254	E. Nwaneri	\N	Midfielder	8	313236	2022-12-20 18:09:47.107178	2022-12-20 18:09:47.107178
255	N. Butler-Oyedeji	\N	Midfielder	8	153407	2022-12-20 18:09:47.111419	2022-12-20 18:09:47.111419
256	C. Crjan	\N	Midfielder	8	278075	2022-12-20 18:09:47.116345	2022-12-20 18:09:47.116345
257	A. Cozier-Duberry	\N	Midfielder	8	309501	2022-12-20 18:09:47.121195	2022-12-20 18:09:47.121195
258	B. Ibrahim	\N	Midfielder	8	309507	2022-12-20 18:09:47.126196	2022-12-20 18:09:47.126196
259	M. Lewis-Skelly	\N	Midfielder	8	313245	2022-12-20 18:09:47.130778	2022-12-20 18:09:47.130778
265	K. Edwards	\N	Attacker	8	284062	2022-12-20 18:09:47.154677	2022-12-20 18:09:47.154677
266	C. Sagoe	\N	Attacker	8	284571	2022-12-20 18:09:47.15831	2022-12-20 18:09:47.15831
270	E. Jakupovic	\N	Goalkeeper	9	18770	2022-12-20 18:09:49.487963	2022-12-20 18:09:49.487963
271	B. Crellin	\N	Goalkeeper	9	20069	2022-12-20 18:09:49.492174	2022-12-20 18:09:49.492174
282	K. John	\N	Defender	9	138849	2022-12-20 18:09:49.539519	2022-12-20 18:09:49.539519
283	R. Welch	\N	Defender	9	284327	2022-12-20 18:09:49.543166	2022-12-20 18:09:49.543166
284	J. Anderson	\N	Defender	9	138853	2022-12-20 18:09:49.546849	2022-12-20 18:09:49.546849
192	Darwin Nez	D. Nez	Attacker	6	51617	2022-12-20 18:09:42.149988	2023-01-12 17:50:59.79787
198	Alex McCarthy	A. McCarthy	Goalkeeper	7	18935	2022-12-20 18:09:44.518118	2023-01-12 17:50:59.815671
199	Willy Caballero	W. Caballero	Goalkeeper	7	2275	2022-12-20 18:09:44.525582	2023-01-12 17:50:59.819567
201	Kyle Walker-Peters	K. Walker-Peters	Defender	7	171	2022-12-20 18:09:44.536917	2023-01-12 17:50:59.827597
202	Lyanco	Lyanco	Defender	7	30476	2022-12-20 18:09:44.542239	2023-01-12 17:50:59.831558
203	Duje aleta-Car	D. aleta-Car	Defender	7	1902	2022-12-20 18:09:44.547357	2023-01-12 17:50:59.835521
204	Romain Perraud	R. Perraud	Defender	7	20600	2022-12-20 18:09:44.552722	2023-01-12 17:50:59.839264
206	Mo Salisu	M. Salisu	Defender	7	47480	2022-12-20 18:09:44.563267	2023-01-12 17:50:59.846743
207	Juan Larios	Juan Larios	Defender	7	284264	2022-12-20 18:09:44.568331	2023-01-12 17:50:59.850307
208	Armel Bella-Kotchap	A. Bella-Kotchap	Defender	7	25061	2022-12-20 18:09:44.573354	2023-01-12 17:50:59.85381
211	Ainsley Maitland-Niles	A. Maitland-Niles	Midfielder	7	1456	2022-12-20 18:09:44.587527	2023-01-12 17:50:59.862609
212	Joe Aribo	J. Aribo	Midfielder	7	19825	2022-12-20 18:09:44.591941	2023-01-12 17:50:59.866846
214	Stuart Armstrong	S. Armstrong	Midfielder	7	18945	2022-12-20 18:09:44.600718	2023-01-12 17:50:59.874795
215	Moussa Djenepo	M. Djenepo	Midfielder	7	2114	2022-12-20 18:09:44.604868	2023-01-12 17:50:59.878499
216	Mohamed Elyounoussi	M. Elyounoussi	Midfielder	7	18946	2022-12-20 18:09:44.608692	2023-01-12 17:50:59.88245
221	Adam Armstrong	A. Armstrong	Attacker	7	19484	2022-12-20 18:09:44.628681	2023-01-12 17:50:59.896577
222	Ch Adams	C. Adams	Attacker	7	19524	2022-12-20 18:09:44.632406	2023-01-12 17:50:59.900414
224	Samuel Edozie	S. Edozie	Attacker	7	278085	2022-12-20 18:09:44.640275	2023-01-12 17:50:59.906918
228	Aaron Ramsdale	A. Ramsdale	Goalkeeper	8	20355	2022-12-20 18:09:46.97245	2023-01-12 17:50:59.920725
229	Matt Turner	M. Turner	Goalkeeper	8	50999	2022-12-20 18:09:46.979737	2023-01-12 17:50:59.924419
230	Karl Hein	K. Hein	Goalkeeper	8	169295	2022-12-20 18:09:46.98573	2023-01-12 17:50:59.928501
233	Kieran Tierney	K. Tierney	Defender	8	1117	2022-12-20 18:09:47.002236	2023-01-12 17:50:59.937222
235	Gabriel Magalhes	Gabriel	Defender	8	22224	2022-12-20 18:09:47.013762	2023-01-12 17:50:59.944686
236	William Saliba	W. Saliba	Defender	8	22090	2022-12-20 18:09:47.019227	2023-01-12 17:50:59.948203
237	Rob Holding	R. Holding	Defender	8	1440	2022-12-20 18:09:47.024706	2023-01-12 17:50:59.951961
238	Cdric Soares	C. Soares	Defender	8	190	2022-12-20 18:09:47.029727	2023-01-12 17:50:59.955492
239	Takehiro Tomiyasu	T. Tomiyasu	Defender	8	2597	2022-12-20 18:09:47.034632	2023-01-12 17:50:59.958978
244	Thomas Partey	T. Partey	Midfielder	8	49	2022-12-20 18:09:47.059627	2023-01-12 17:50:59.974285
245	Bukayo Saka	B. Saka	Midfielder	8	1460	2022-12-20 18:09:47.064877	2023-01-12 17:50:59.978344
247	Emile Smith Rowe	E. Smith Rowe	Midfielder	8	1161	2022-12-20 18:09:47.075211	2023-01-12 17:50:59.986213
248	Fbio Vieira	F. Vieira	Midfielder	8	41725	2022-12-20 18:09:47.080171	2023-01-12 17:50:59.990202
249	Albert Lokonga	A. Lokonga	Midfielder	8	1427	2022-12-20 18:09:47.084977	2023-01-12 17:50:59.993665
250	Mohamed Elneny	M. Elneny	Midfielder	8	1452	2022-12-20 18:09:47.089534	2023-01-12 17:50:59.997214
251	Granit Xhaka	G. Xhaka	Midfielder	8	1464	2022-12-20 18:09:47.094019	2023-01-12 17:51:00.000705
260	Gabriel Jesus	G. Jesus	Attacker	8	643	2022-12-20 18:09:47.135638	2023-01-12 17:51:00.031463
261	Gabriel Martinelli	G. Martinelli	Attacker	8	127769	2022-12-20 18:09:47.139541	2023-01-12 17:51:00.035882
262	Eddie Nketiah	E. Nketiah	Attacker	8	1468	2022-12-20 18:09:47.143421	2023-01-12 17:51:00.040114
263	Reiss Nelson	R. Nelson	Attacker	8	727	2022-12-20 18:09:47.147083	2023-01-12 17:51:00.044573
264	Marquinhos	Marquinhos	Attacker	8	311520	2022-12-20 18:09:47.150934	2023-01-12 17:51:00.048663
267	Jordan Pickford	J. Pickford	Goalkeeper	9	2932	2022-12-20 18:09:49.473516	2023-01-12 17:51:00.058964
268	Asmir Begovi	A. Begovi	Goalkeeper	9	18858	2022-12-20 18:09:49.478573	2023-01-12 17:51:00.062731
272	James Tarkowski	J. Tarkowski	Defender	9	2936	2022-12-20 18:09:49.496615	2023-01-12 17:51:00.076015
273	Nathan Patterson	N. Patterson	Defender	9	138417	2022-12-20 18:09:49.50098	2023-01-12 17:51:00.079905
274	Mason Holgate	M. Holgate	Defender	9	19150	2022-12-20 18:09:49.505451	2023-01-12 17:51:00.083962
275	Michael Keane	M. Keane	Defender	9	2934	2022-12-20 18:09:49.510039	2023-01-12 17:51:00.087934
276	Yerry Mina	Y. Mina	Defender	9	2484	2022-12-20 18:09:49.5144	2023-01-12 17:51:00.092006
278	Ben Godfrey	B. Godfrey	Defender	9	19073	2022-12-20 18:09:49.522119	2023-01-12 17:51:00.099935
279	Samus Coleman	S. Coleman	Defender	9	18758	2022-12-20 18:09:49.526444	2023-01-12 17:51:00.103552
280	Rben Vinagre	R. Vinagre	Defender	9	18745	2022-12-20 18:09:49.530417	2023-01-12 17:51:00.107234
281	Conor Coady	C. Coady	Defender	9	18741	2022-12-20 18:09:49.535123	2023-01-12 17:51:00.110761
285	I. Samuels-Smith	\N	Defender	9	328093	2022-12-20 18:09:49.550605	2022-12-20 18:09:49.550605
292	S. Mills	\N	Midfielder	9	284187	2022-12-20 18:09:49.577565	2022-12-20 18:09:49.577565
293	I. Price	\N	Midfielder	9	284267	2022-12-20 18:09:49.581218	2022-12-20 18:09:49.581218
294	S. Quirk	\N	Midfielder	9	298096	2022-12-20 18:09:49.585631	2022-12-20 18:09:49.585631
301	T. Cannon	\N	Attacker	9	215874	2022-12-20 18:09:49.612935	2022-12-20 18:09:49.612935
314	L. Thomas	\N	Defender	10	152969	2022-12-20 18:09:52.004497	2022-12-20 18:09:52.004497
315	J. Wormleighton	\N	Defender	10	284396	2022-12-20 18:09:52.008836	2022-12-20 18:09:52.008836
324	L. Brunt	\N	Midfielder	10	138929	2022-12-20 18:09:52.046526	2022-12-20 18:09:52.046526
325	B. Soumar	\N	Midfielder	10	22233	2022-12-20 18:09:52.05028	2022-12-20 18:09:52.05028
326	S. Braybrooke	\N	Midfielder	10	289624	2022-12-20 18:09:52.054204	2022-12-20 18:09:52.054204
340	D. Spence	\N	Defender	11	19235	2022-12-20 18:09:54.545386	2022-12-20 18:09:54.545386
344	A. Dorrington	\N	Defender	11	311817	2022-12-20 18:09:54.5655	2022-12-20 18:09:54.5655
345	M. Fagan-Walcott	\N	Defender	11	154800	2022-12-20 18:09:54.571143	2022-12-20 18:09:54.571143
346	M. Muir	\N	Defender	11	162607	2022-12-20 18:09:54.575822	2022-12-20 18:09:54.575822
347	M. Paskoti	\N	Defender	11	60353	2022-12-20 18:09:54.580471	2022-12-20 18:09:54.580471
348	C. Sayers	\N	Defender	11	331009	2022-12-20 18:09:54.585381	2022-12-20 18:09:54.585381
359	A. Devine	\N	Midfielder	11	273757	2022-12-20 18:09:54.629741	2022-12-20 18:09:54.629741
360	N. John	\N	Midfielder	11	162150	2022-12-20 18:09:54.633652	2022-12-20 18:09:54.633652
361	R. Mundle	\N	Midfielder	11	284414	2022-12-20 18:09:54.637935	2022-12-20 18:09:54.637935
362	M. Robson	\N	Midfielder	11	162148	2022-12-20 18:09:54.64179	2022-12-20 18:09:54.64179
368	J. Donley	\N	Attacker	11	293163	2022-12-20 18:09:54.665105	2022-12-20 18:09:54.665105
369	W. Lankshear	\N	Attacker	11	393195	2022-12-20 18:09:54.668915	2022-12-20 18:09:54.668915
373	K. Hegyi	\N	Goalkeeper	12	144723	2022-12-20 18:09:57.01867	2022-12-20 18:09:57.01867
287	Andros Townsend	A. Townsend	Midfielder	9	18854	2022-12-20 18:09:49.558132	2023-01-12 17:51:00.128922
289	Tom Davies	T. Davies	Midfielder	9	18762	2022-12-20 18:09:49.56608	2023-01-12 17:51:00.136329
290	Idrissa Gueye	I. Gueye	Midfielder	9	2990	2022-12-20 18:09:49.56983	2023-01-12 17:51:00.139953
291	James Garner	J. Garner	Midfielder	9	895	2022-12-20 18:09:49.573844	2023-01-12 17:51:00.143997
295	Dwight McNeil	D. McNeil	Attacker	9	18929	2022-12-20 18:09:49.58969	2023-01-12 17:51:00.155829
297	Anthony Gordon	A. Gordon	Attacker	9	138787	2022-12-20 18:09:49.597561	2023-01-12 17:51:00.164057
298	Demarai Gray	D. Gray	Attacker	9	18781	2022-12-20 18:09:49.601469	2023-01-12 17:51:00.167675
299	Alex Iwobi	A. Iwobi	Attacker	9	1455	2022-12-20 18:09:49.605226	2023-01-12 17:51:00.171648
300	Neil Maupay	N. Maupay	Attacker	9	19364	2022-12-20 18:09:49.608958	2023-01-12 17:51:00.175291
302	Danny Ward	D. Ward	Goalkeeper	10	18146	2022-12-20 18:09:51.937547	2023-01-12 17:51:00.181456
303	Alex Smithies	A. Smithies	Goalkeeper	10	18985	2022-12-20 18:09:51.944879	2023-01-12 17:51:00.185071
305	James Justin	J. Justin	Defender	10	19760	2022-12-20 18:09:51.955902	2023-01-12 17:51:00.192245
306	Wout Faes	W. Faes	Defender	10	8694	2022-12-20 18:09:51.960973	2023-01-12 17:51:00.196648
307	alar Sync	. Sync 	Defender	10	18776	2022-12-20 18:09:51.966041	2023-01-12 17:51:00.200348
308	Ryan Bertrand	R. Bertrand	Defender	10	18936	2022-12-20 18:09:51.971877	2023-01-12 17:51:00.204396
309	Jonny Evans	J. Evans	Defender	10	18772	2022-12-20 18:09:51.978615	2023-01-12 17:51:00.208305
310	Daniel Amartey	D. Amartey	Defender	10	3421	2022-12-20 18:09:51.984149	2023-01-12 17:51:00.212444
312	Jannick Vestergaard	 J. Vestergaard	Defender	10	18943	2022-12-20 18:09:51.994504	2023-01-12 17:51:00.220712
313	Timothy Castagne	T. Castagne	Defender	10	2920	2022-12-20 18:09:51.999341	2023-01-12 17:51:00.224814
316	Harvey Barnes	H. Barnes	Midfielder	10	18778	2022-12-20 18:09:52.013235	2023-01-12 17:51:00.234842
317	Youri Tielemans	T. Tielemans	Midfielder	10	2926	2022-12-20 18:09:52.017533	2023-01-12 17:51:00.239102
319	Marc Albrighton	M. Albrighton	Midfielder	10	18777	2022-12-20 18:09:52.025967	2023-01-12 17:51:00.246759
320	Kiernan Dewsbury-Hall	K. Dewsbury-Hall	Midfielder	10	148099	2022-12-20 18:09:52.0301	2023-01-12 17:51:00.250355
321	Nampalys Mendy	N. Mendy	Midfielder	10	18785	2022-12-20 18:09:52.034255	2023-01-12 17:51:00.253956
322	Wilfred Ndidi	W. Ndidi	Midfielder	10	18786	2022-12-20 18:09:52.038338	2023-01-12 17:51:00.257587
327	Jamie Vardy	J. Vardy	Attacker	10	18788	2022-12-20 18:09:52.057839	2023-01-12 17:51:00.27349
328	Kelechi heanach	K. heanach	Attacker	10	2778	2022-12-20 18:09:52.061532	2023-01-12 17:51:00.277468
329	Ayoze Prez	A. Prez	Attacker	10	18906	2022-12-20 18:09:52.065532	2023-01-12 17:51:00.281309
330	Patson Daka	P. Daka	Attacker	10	1098	2022-12-20 18:09:52.069111	2023-01-12 17:51:00.285087
331	Hugo Lloris	H. Lloris	Goalkeeper	11	159	2022-12-20 18:09:54.497394	2023-01-12 17:51:00.289241
333	Brandon Austin	B. Austin	Goalkeeper	11	156428	2022-12-20 18:09:54.509485	2023-01-12 17:51:00.296754
334	Alfie Whiteman	A. Whiteman	Goalkeeper	11	161	2022-12-20 18:09:54.514753	2023-01-12 17:51:00.300342
335	Matt Doherty	M. Doherty	Defender	11	18742	2022-12-20 18:09:54.519936	2023-01-12 17:51:00.303998
336	Davinson Snchez	D. Snchez	Defender	11	168	2022-12-20 18:09:54.524904	2023-01-12 17:51:00.307626
337	Emerson Royal	E. Royal	Defender	11	1566	2022-12-20 18:09:54.529987	2023-01-12 17:51:00.311269
339	Cristian Romero	C. Romero	Defender	11	30776	2022-12-20 18:09:54.540584	2023-01-12 17:51:00.318283
341	Japhet Tanganga	J. Tanganga	Defender	11	149550	2022-12-20 18:09:54.55056	2023-01-12 17:51:00.324751
342	Ben Davies	B. Davies	Defender	11	164	2022-12-20 18:09:54.555661	2023-01-12 17:51:00.328223
343	Clment Lenglet	C. Lenglet	Defender	11	133	2022-12-20 18:09:54.56063	2023-01-12 17:51:00.331692
349	Oliver Skipp	O. Skipp	Midfielder	11	180	2022-12-20 18:09:54.590026	2023-01-12 17:51:00.348948
351	Ivan Perii	I. Perii	Midfielder	11	207	2022-12-20 18:09:54.598564	2023-01-12 17:51:00.356638
352	Ryan Sessegnon	R. Sessegnon	Midfielder	11	19032	2022-12-20 18:09:54.602898	2023-01-12 17:51:00.360188
353	Dejan Kulusevski	D. Kulusevski	Midfielder	11	30435	2022-12-20 18:09:54.606763	2023-01-12 17:51:00.363987
354	Pape Sarr	P. Sarr	Midfielder	11	237129	2022-12-20 18:09:54.610497	2023-01-12 17:51:00.367593
355	Rodrigo Bentancur	R. Bentancur	Midfielder	11	863	2022-12-20 18:09:54.61452	2023-01-12 17:51:00.371615
357	Harvey White	H. White	Midfielder	11	138793	2022-12-20 18:09:54.622213	2023-01-12 17:51:00.379067
358	Yago Santiago	Y. Santiago	Midfielder	11	284415	2022-12-20 18:09:54.625974	2023-01-12 17:51:00.382971
363	Son Heung-Min	Son Heung-Min	Attacker	11	186	2022-12-20 18:09:54.645745	2023-01-12 17:51:00.398209
364	Richarlison	Richarlison	Attacker	11	2413	2022-12-20 18:09:54.649797	2023-01-12 17:51:00.402054
365	Harry Kane	H. Kane	Attacker	11	184	2022-12-20 18:09:54.653876	2023-01-12 17:51:00.405499
367	Lucas Moura	L. Moura	Attacker	11	178	2022-12-20 18:09:54.661355	2023-01-12 17:51:00.412578
370	ukasz Fabiaski	. Fabiaski	Goalkeeper	12	2997	2022-12-20 18:09:57.001134	2023-01-12 17:51:00.421769
371	Alphonse Arola	A. Areola	Goalkeeper	12	253	2022-12-20 18:09:57.007543	2023-01-12 17:51:00.425386
372	Darren Randolph	D. Randolph	Goalkeeper	12	19229	2022-12-20 18:09:57.013219	2023-01-12 17:51:00.429129
374	Ben Johnson	B. Johnson	Defender	12	18823	2022-12-20 18:09:57.02373	2023-01-12 17:51:00.435689
376	Kurt Zouma	K. Zouma	Defender	12	2726	2022-12-20 18:09:57.033976	2023-01-12 17:51:00.443272
377	Vladimr Coufal	V. Coufal	Defender	12	1231	2022-12-20 18:09:57.039444	2023-01-12 17:51:00.447112
378	Craig Dawson	C. Dawson	Defender	12	19147	2022-12-20 18:09:57.044539	2023-01-12 17:51:00.450674
379	Angelo Ogbonna	A. Ogbonna	Defender	12	18817	2022-12-20 18:09:57.049995	2023-01-12 17:51:00.45412
385	K. Casey	\N	Defender	12	288116	2022-12-20 18:09:57.078404	2022-12-20 18:09:57.078404
386	R. Clayton	\N	Defender	12	288125	2022-12-20 18:09:57.082649	2022-12-20 18:09:57.082649
387	M. Forbes	\N	Defender	12	284419	2022-12-20 18:09:57.086729	2022-12-20 18:09:57.086729
391	F. Downes	\N	Midfielder	12	19733	2022-12-20 18:09:57.102934	2022-12-20 18:09:57.102934
395	P. Ekwah	\N	Midfielder	12	278232	2022-12-20 18:09:57.117945	2022-12-20 18:09:57.117945
396	K. Simon-Swyer	\N	Midfielder	12	144725	2022-12-20 18:09:57.121815	2022-12-20 18:09:57.121815
397	K. Appiah-Forson	\N	Midfielder	12	144720	2022-12-20 18:09:57.125732	2022-12-20 18:09:57.125732
398	L. Orford	\N	Midfielder	12	288118	2022-12-20 18:09:57.129616	2022-12-20 18:09:57.129616
399	F. Potts	\N	Midfielder	12	284446	2022-12-20 18:09:57.133542	2022-12-20 18:09:57.133542
400	O. Scarles	\N	Midfielder	12	327730	2022-12-20 18:09:57.137419	2022-12-20 18:09:57.137419
406	D. Mubama	\N	Attacker	12	284409	2022-12-20 18:09:57.16062	2022-12-20 18:09:57.16062
408	M. Bettinelli	\N	Goalkeeper	13	19012	2022-12-20 18:09:59.491374	2022-12-20 18:09:59.491374
410	E. Beach	\N	Goalkeeper	13	303667	2022-12-20 18:09:59.503134	2022-12-20 18:09:59.503134
419	J. Brooking	\N	Defender	13	181796	2022-12-20 18:09:59.549095	2022-12-20 18:09:59.549095
420	A. Gilchrist	\N	Defender	13	284406	2022-12-20 18:09:59.554178	2022-12-20 18:09:59.554178
421	B. Humphreys	\N	Defender	13	181797	2022-12-20 18:09:59.55865	2022-12-20 18:09:59.55865
435	C. Casadei	\N	Midfielder	13	270507	2022-12-20 18:09:59.615608	2022-12-20 18:09:59.615608
436	B. Elliott	\N	Midfielder	13	284405	2022-12-20 18:09:59.619508	2022-12-20 18:09:59.619508
437	D. Rankine	\N	Midfielder	13	162114	2022-12-20 18:09:59.623318	2022-12-20 18:09:59.623318
438	C. Webster	\N	Midfielder	13	284442	2022-12-20 18:09:59.627406	2022-12-20 18:09:59.627406
442	M. Burstow	\N	Attacker	13	331563	2022-12-20 18:09:59.642914	2022-12-20 18:09:59.642914
443	M. Mothersille	\N	Attacker	13	284459	2022-12-20 18:09:59.646544	2022-12-20 18:09:59.646544
444	S. Ortega	\N	Goalkeeper	14	25004	2022-12-20 18:10:02.003134	2022-12-20 18:10:02.003134
459	Rodri	\N	Midfielder	14	44	2022-12-20 18:10:02.07855	2022-12-20 18:10:02.07855
465	B. Knight	\N	Midfielder	14	144733	2022-12-20 18:10:02.102507	2022-12-20 18:10:02.102507
381	Nayef Aguerd	N. Aguerd	Defender	12	21694	2022-12-20 18:09:57.059962	2023-01-12 17:51:00.461616
383	Harrison Ashby	H. Ashby	Defender	12	171058	2022-12-20 18:09:57.069512	2023-01-12 17:51:00.468887
384	Jamal Baptiste	J. Baptiste	Defender	12	171059	2022-12-20 18:09:57.074022	2023-01-12 17:51:00.472891
388	Pablo Fornals	P. Fornals	Midfielder	12	1697	2022-12-20 18:09:57.090662	2023-01-12 17:51:00.486372
389	Manuel Lanzini	M. Lanzini	Midfielder	12	2473	2022-12-20 18:09:57.094647	2023-01-12 17:51:00.489948
390	Lucas Paquet	L. Paquet	Midfielder	12	1646	2022-12-20 18:09:57.098454	2023-01-12 17:51:00.493816
393	Conor Coventry	C. Coventry	Midfielder	12	18820	2022-12-20 18:09:57.110354	2023-01-12 17:51:00.503924
394	Declan Rice	D. Rice	Midfielder	12	2937	2022-12-20 18:09:57.11404	2023-01-12 17:51:00.507689
401	Gianluca Scamacca	G. Scamacca	Attacker	12	30544	2022-12-20 18:09:57.141488	2023-01-12 17:51:00.527952
402	Michail Antonio	M. Antonio	Attacker	12	18819	2022-12-20 18:09:57.145375	2023-01-12 17:51:00.531579
403	Maxwel Cornet	M. Cornet	Attacker	12	665	2022-12-20 18:09:57.149088	2023-01-12 17:51:00.535266
405	Sad Benrahma	S. Benrahma	Attacker	12	19361	2022-12-20 18:09:57.156862	2023-01-12 17:51:00.542659
407	Kepa Arrizabalaga	 Kepa	Goalkeeper	13	2273	2022-12-20 18:09:59.483837	2023-01-12 17:51:00.549124
409	douard Mendy	. Mendy	Goalkeeper	13	2986	2022-12-20 18:09:59.497422	2023-01-12 17:51:00.555871
411	Thiago Silva	Thiago Silva	Defender	13	259	2022-12-20 18:09:59.508523	2023-01-12 17:51:00.561843
413	Ben Chilwell	B. Chilwell	Defender	13	2933	2022-12-20 18:09:59.519051	2023-01-12 17:51:00.569483
414	Reece James	R. James	Defender	13	19545	2022-12-20 18:09:59.524933	2023-01-12 17:51:00.573071
415	Kalidou Koulibaly	K. Koulibaly	Defender	13	318	2022-12-20 18:09:59.530042	2023-01-12 17:51:00.576659
416	Csar Azpilicueta	C. Azpilicueta	Defender	13	2280	2022-12-20 18:09:59.535274	2023-01-12 17:51:00.580232
418	Wesley Fofana	W. Fofana	Defender	13	22094	2022-12-20 18:09:59.544716	2023-01-12 17:51:00.587342
422	Jorginho	Jorginho	Midfielder	13	2289	2022-12-20 18:09:59.56294	2023-01-12 17:51:00.601159
423	N'Golo Kant	N. Kant	Midfielder	13	2290	2022-12-20 18:09:59.567417	2023-01-12 17:51:00.605023
424	Mateo Kovai	M. Kovai	Midfielder	13	2291	2022-12-20 18:09:59.571857	2023-01-12 17:51:00.608791
426	Ruben Loftus-Cheek	R. Loftus-Cheek	Midfielder	13	2292	2022-12-20 18:09:59.579822	2023-01-12 17:51:00.615847
427	Mason Mount	M. Mount	Midfielder	13	19220	2022-12-20 18:09:59.584158	2023-01-12 17:51:00.619306
428	Denis Zakaria	D. Zakaria	Midfielder	13	2810	2022-12-20 18:09:59.588619	2023-01-12 17:51:00.62277
429	Hakim Ziyech	H Ziyech	Midfielder	13	548	2022-12-20 18:09:59.592552	2023-01-12 17:51:00.626669
430	Conor Gallagher	C. Gallagher	Midfielder	13	67972	2022-12-20 18:09:59.596312	2023-01-12 17:51:00.630276
432	Carney Chukwuemeka	C. Chukwuemeka	Midfielder	13	138935	2022-12-20 18:09:59.604228	2023-01-12 17:51:00.637837
433	Omari Hutchinson	O. Hutchinson	Midfielder	13	284428	2022-12-20 18:09:59.607911	2023-01-12 17:51:00.641767
434	Lewis Hall	L. Hall	Midfielder	13	284492	2022-12-20 18:09:59.611711	2023-01-12 17:51:00.645481
440	Raheem Sterling	R. Sterling	Attacker	13	645	2022-12-20 18:09:59.635106	2023-01-12 17:51:00.663649
441	Armando Broja	A. Broja	Attacker	13	138822	2022-12-20 18:09:59.639187	2023-01-12 17:51:00.667251
445	Ederson	 Ederson	Goalkeeper	14	617	2022-12-20 18:10:02.009071	2023-01-12 17:51:00.679658
446	Scott Carson	S. Carson	Goalkeeper	14	19197	2022-12-20 18:10:02.014785	2023-01-12 17:51:00.683273
447	Kyle Walker	K. Walker	Defender	14	627	2022-12-20 18:10:02.019998	2023-01-12 17:51:00.686746
448	Rben Dias	R. Dias	Defender	14	567	2022-12-20 18:10:02.024936	2023-01-12 17:51:00.690241
449	John Stones	J. Stones	Defender	14	626	2022-12-20 18:10:02.030042	2023-01-12 17:51:00.69407
450	Nathan Ak	N. Ak	Defender	14	18861	2022-12-20 18:10:02.035259	2023-01-12 17:51:00.697716
452	Aymeric Laporte	A. Laporte	Defender	14	622	2022-12-20 18:10:02.045681	2023-01-12 17:51:00.705437
453	Manuel Akanji	M. Akanji	Defender	14	5	2022-12-20 18:10:02.050673	2023-01-12 17:51:00.709429
454	Rico Lewis	R. Lewis	Defender	14	284230	2022-12-20 18:10:02.055726	2023-01-12 17:51:00.713578
455	Joshua Wilson-Esbrand	J. Wilson-Esbrand	Defender	14	278128	2022-12-20 18:10:02.060476	2023-01-12 17:51:00.717387
456	Kalvin Phillips	K. Phillips	Midfielder	14	19130	2022-12-20 18:10:02.064927	2023-01-12 17:51:00.721142
458	Jack Grealish	 J. Grealish	Midfielder	14	19187	2022-12-20 18:10:02.074088	2023-01-12 17:51:00.728882
460	Kevin De Bruyne	K. De Bruyne	Midfielder	14	629	2022-12-20 18:10:02.082817	2023-01-12 17:51:00.735833
461	Bernardo Silva	B. Silva	Midfielder	14	636	2022-12-20 18:10:02.086894	2023-01-12 17:51:00.7397
462	Sergio Gmez	S. Gomez	Midfielder	14	23	2022-12-20 18:10:02.09061	2023-01-12 17:51:00.743416
463	Phil Foden	P. Foden	Midfielder	14	631	2022-12-20 18:10:02.094829	2023-01-12 17:51:00.746932
464	Cole Palmer	C. Palmer	Midfielder	14	152982	2022-12-20 18:10:02.098547	2023-01-12 17:51:00.751139
467	Julian lvarez	J. lvarez	Attacker	14	6009	2022-12-20 18:10:02.111018	2023-01-12 17:51:00.762457
468	Riyad Mahrez	R. Mahrez	Attacker	14	635	2022-12-20 18:10:02.115312	2023-01-12 17:51:00.766907
469	Robert Snchez	R. Snchez	Goalkeeper	15	18959	2022-12-20 18:10:04.473001	2023-01-12 17:51:00.77085
470	Jason Steele	J. Steele	Goalkeeper	15	18960	2022-12-20 18:10:04.479576	2023-01-12 17:51:00.775161
471	Tom McGill	T. McGill	Goalkeeper	15	167663	2022-12-20 18:10:04.485254	2023-01-12 17:51:00.779065
473	Adam Webster	A. Webster	Defender	15	19265	2022-12-20 18:10:04.495909	2023-01-12 17:51:00.786796
474	Lewis Dunk	L. Dunk	Defender	15	18963	2022-12-20 18:10:04.501049	2023-01-12 17:51:00.790372
479	J. Furlong	\N	Defender	15	69257	2022-12-20 18:10:04.527105	2022-12-20 18:10:04.527105
480	E. Turns	\N	Defender	15	280672	2022-12-20 18:10:04.531813	2022-12-20 18:10:04.531813
481	O. Offiah	\N	Defender	15	282254	2022-12-20 18:10:04.53705	2022-12-20 18:10:04.53705
482	A. Tsoungui	\N	Defender	15	138874	2022-12-20 18:10:04.541693	2022-12-20 18:10:04.541693
487	J. Moder	\N	Midfielder	15	40911	2022-12-20 18:10:04.563593	2022-12-20 18:10:04.563593
492	A. Moran	\N	Midfielder	15	137220	2022-12-20 18:10:04.585452	2022-12-20 18:10:04.585452
493	J. Hinchy	\N	Midfielder	15	296121	2022-12-20 18:10:04.589395	2022-12-20 18:10:04.589395
494	C. Peupion	\N	Midfielder	15	216809	2022-12-20 18:10:04.594195	2022-12-20 18:10:04.594195
495	J. Spong	\N	Midfielder	15	138881	2022-12-20 18:10:04.59839	2022-12-20 18:10:04.59839
515	T. Adaramola	\N	Defender	16	284493	2022-12-20 18:10:07.034896	2022-12-20 18:10:07.034896
523	K. Balmer	\N	Midfielder	16	106086	2022-12-20 18:10:07.067297	2022-12-20 18:10:07.067297
524	J. Wells-Morrison	\N	Midfielder	16	284551	2022-12-20 18:10:07.071132	2022-12-20 18:10:07.071132
525	K. Phillips	\N	Midfielder	16	270357	2022-12-20 18:10:07.075206	2022-12-20 18:10:07.075206
526	K. Rodney	\N	Midfielder	16	301295	2022-12-20 18:10:07.07921	2022-12-20 18:10:07.07921
527	D. Ozoh	\N	Midfielder	16	304320	2022-12-20 18:10:07.083184	2022-12-20 18:10:07.083184
546	M. Rasmussen	\N	Defender	17	15745	2022-12-20 18:10:09.502424	2022-12-20 18:10:09.502424
547	T. Crama	\N	Defender	17	191337	2022-12-20 18:10:09.507719	2022-12-20 18:10:09.507719
555	V. Janelt	\N	Midfielder	17	25073	2022-12-20 18:10:09.549222	2022-12-20 18:10:09.549222
556	R. Trevitt	\N	Midfielder	17	382925	2022-12-20 18:10:09.554049	2022-12-20 18:10:09.554049
557	E. Yarmolyuk	\N	Midfielder	17	263538	2022-12-20 18:10:09.558537	2022-12-20 18:10:09.558537
559	S. Ghoddos	\N	Attacker	17	2699	2022-12-20 18:10:09.567863	2022-12-20 18:10:09.567863
562	K. Lewis-Potter	\N	Attacker	17	106725	2022-12-20 18:10:09.582079	2022-12-20 18:10:09.582079
563	A. Gilbert	\N	Attacker	17	215873	2022-12-20 18:10:09.5874	2022-12-20 18:10:09.5874
565	K. Klaesson	\N	Goalkeeper	18	39105	2022-12-20 18:10:11.907602	2022-12-20 18:10:11.907602
567	H. Christy	\N	Goalkeeper	18	278240	2022-12-20 18:10:11.919376	2022-12-20 18:10:11.919376
477	Pervis Estupin	P. Estupin	Defender	15	46731	2022-12-20 18:10:04.517123	2023-01-12 17:51:00.801584
478	Joel Veltman	J. Veltman	Defender	15	537	2022-12-20 18:10:04.522052	2023-01-12 17:51:00.805189
483	Solly March	S. March	Midfielder	15	18973	2022-12-20 18:10:04.546156	2023-01-12 17:51:00.819553
484	Alexis Mac Allister	A. Mac Allister	Midfielder	15	6716	2022-12-20 18:10:04.550696	2023-01-12 17:51:00.823327
485	Pascal Gro	P. Gro	Midfielder	15	18970	2022-12-20 18:10:04.554866	2023-01-12 17:51:00.827482
488	Julio Enciso	J. Enciso	Midfielder	15	70747	2022-12-20 18:10:04.568053	2023-01-12 17:51:00.838159
489	Kaoru Mitoma	K. Mitoma	Midfielder	15	106835	2022-12-20 18:10:04.572703	2023-01-12 17:51:00.842049
490	Moises Caicedo	M. Caicedo	Midfielder	15	116117	2022-12-20 18:10:04.577504	2023-01-12 17:51:00.846002
491	Billy Gilmour	B. Gilmour	Midfielder	15	130423	2022-12-20 18:10:04.581291	2023-01-12 17:51:00.849693
497	Danny Welbeck	D. Welbeck	Attacker	15	1469	2022-12-20 18:10:04.606086	2023-01-12 17:51:00.867329
498	Jeremy Sarmiento	J. Sarmiento	Attacker	15	202086	2022-12-20 18:10:04.610255	2023-01-12 17:51:00.87081
499	Deniz Undav	D. Undav	Attacker	15	26475	2022-12-20 18:10:04.614952	2023-01-12 17:51:00.874693
500	Evan Ferguson	E. Ferguson	Attacker	15	129643	2022-12-20 18:10:04.619353	2023-01-12 17:51:00.878247
501	Jack Butland	J. Butland	Goalkeeper	16	2930	2022-12-20 18:10:06.965419	2023-01-12 17:51:00.88208
502	Vicente Guaita	V. Guaita	Goalkeeper	16	18835	2022-12-20 18:10:06.97167	2023-01-12 17:51:00.885794
504	Joseph Whitworth	J. Whitworth	Goalkeeper	16	284549	2022-12-20 18:10:06.982679	2023-01-12 17:51:00.893567
505	Owen Goodman	O. Goodman	Goalkeeper	16	284554	2022-12-20 18:10:06.987794	2023-01-12 17:51:00.89727
506	Joel Ward	J. Ward	Defender	16	18847	2022-12-20 18:10:06.992362	2023-01-12 17:51:00.900857
507	Tyrick Mitchell	T. Mitchell	Defender	16	182201	2022-12-20 18:10:06.997068	2023-01-12 17:51:00.904577
509	Marc Guhi	M. Guhi	Defender	16	67971	2022-12-20 18:10:07.007065	2023-01-12 17:51:00.912133
510	Joachim Andersen	J. Andersen	Defender	16	2729	2022-12-20 18:10:07.011724	2023-01-12 17:51:00.9159
511	Nathaniel Clyne	N. Clyne	Defender	16	18862	2022-12-20 18:10:07.01636	2023-01-12 17:51:00.919385
512	Chris Richards	C. Richards	Defender	16	126949	2022-12-20 18:10:07.021391	2023-01-12 17:51:00.923128
514	Jaro Riedewald	J	Defender	16	18853	2022-12-20 18:10:07.030471	2023-01-12 17:51:00.930397
516	Luka Milivojevi	L. Milivojevi	Midfielder	16	18852	2022-12-20 18:10:07.038913	2023-01-12 17:51:00.936418
517	Michael Olise	M. Olise	Midfielder	16	19617	2022-12-20 18:10:07.042724	2023-01-12 17:51:00.940145
518	Eberechi Eze	E. Eze	Midfielder	16	19586	2022-12-20 18:10:07.046792	2023-01-12 17:51:00.94361
519	Jeffrey Schlupp	J. Schlupp	Midfielder	16	18843	2022-12-20 18:10:07.051234	2023-01-12 17:51:00.947234
521	Will Hughes	W. Hughes	Midfielder	16	18806	2022-12-20 18:10:07.059203	2023-01-12 17:51:00.954643
522	Cheick Doucour	C. Doucour	Midfielder	16	3339	2022-12-20 18:10:07.063144	2023-01-12 17:51:00.958708
528	Jordan Ayew	J. Ayew	Attacker	16	3428	2022-12-20 18:10:07.08687	2023-01-12 17:51:00.975647
529	Wilfried Zaha	W. Zaha	Attacker	16	3247	2022-12-20 18:10:07.090556	2023-01-12 17:51:00.979135
531	Odsonne douard	O. douard	Attacker	16	1135	2022-12-20 18:10:07.098439	2023-01-12 17:51:00.986111
532	Malcom Ebiowei	M. Ebiowei	Attacker	16	328808	2022-12-20 18:10:07.102393	2023-01-12 17:51:00.990317
533	John-Kymani Gordon	J-K Gordon	Attacker	16	266203	2022-12-20 18:10:07.108324	2023-01-12 17:51:00.994103
534	Adler Nascimento	A. Nascimento	Attacker	16	313636	2022-12-20 18:10:07.114719	2023-01-12 17:51:00.998103
535	David Raya	D. Raya	Goalkeeper	17	19465	2022-12-20 18:10:09.43879	2023-01-12 17:51:01.001848
537	Matthew Cox	M. Cox	Goalkeeper	17	278041	2022-12-20 18:10:09.451015	2023-01-12 17:51:01.009852
538	Aaron Hickey	A. Hickey	Defender	17	44871	2022-12-20 18:10:09.456666	2023-01-12 17:51:01.013729
539	Rico Henry	R. Henry	Defender	17	19346	2022-12-20 18:10:09.462284	2023-01-12 17:51:01.017562
540	Charlie Goode	C. Goode	Defender	17	17772	2022-12-20 18:10:09.467962	2023-01-12 17:51:01.021817
541	Ethan Pinnock	E. Pinnock	Defender	17	19789	2022-12-20 18:10:09.473526	2023-01-12 17:51:01.025565
543	Ben Mee	B. Mee	Defender	17	18917	2022-12-20 18:10:09.485835	2023-01-12 17:51:01.032563
544	Pontus Jansson	P. Jansson	Defender	17	19124	2022-12-20 18:10:09.491322	2023-01-12 17:51:01.036305
545	Kristoffer Ajer	K. Ajer	Defender	17	1119	2022-12-20 18:10:09.496701	2023-01-12 17:51:01.040692
548	Christian Nrgaard	C. Nrgaard	Midfielder	17	30407	2022-12-20 18:10:09.512339	2023-01-12 17:51:01.050242
549	Sergi Cans	S. Cans	Midfielder	17	19352	2022-12-20 18:10:09.518096	2023-01-12 17:51:01.054391
550	Mathias Jensen	M. Jensen	Midfielder	17	47438	2022-12-20 18:10:09.523023	2023-01-12 17:51:01.058284
552	Frank Onyeka	F. Onyeka	Midfielder	17	15799	2022-12-20 18:10:09.533972	2023-01-12 17:51:01.066042
553	Mikkel Damsgaard	M Damsgaard	Midfielder	17	15908	2022-12-20 18:10:09.53952	2023-01-12 17:51:01.069582
554	Shandon Baptiste	S. Baptiste	Midfielder	17	20110	2022-12-20 18:10:09.544281	2023-01-12 17:51:01.07348
558	Yoane Wissa	Y. Wissa	Attacker	17	20649	2022-12-20 18:10:09.563294	2023-01-12 17:51:01.086077
561	Bryan Mbeumo	B. Mbeumo	Attacker	17	20589	2022-12-20 18:10:09.576998	2023-01-12 17:51:01.096186
564	Illan Meslier	I. Meslier	Goalkeeper	18	20619	2022-12-20 18:10:11.901301	2023-01-12 17:51:01.105088
566	Joel Robles	J. Robles	Goalkeeper	18	1558	2022-12-20 18:10:11.913562	2023-01-12 17:51:01.111379
568	Luke Ayling	L. Ayling	Defender	18	19116	2022-12-20 18:10:11.924945	2023-01-12 17:51:01.117374
569	Junior Firpo	J. Firpo	Defender	18	1564	2022-12-20 18:10:11.930193	2023-01-12 17:51:01.121178
570	Robin Koch	R. Koch	Defender	18	26238	2022-12-20 18:10:11.937072	2023-01-12 17:51:01.124922
578	J. Debayo	\N	Defender	18	334734	2022-12-20 18:10:11.98504	2022-12-20 18:10:11.98504
579	K. Moore	\N	Defender	18	278235	2022-12-20 18:10:11.991464	2022-12-20 18:10:11.991464
581	B. Aaronson	\N	Midfielder	18	50739	2022-12-20 18:10:12.003673	2022-12-20 18:10:12.003673
588	C. Allen	\N	Midfielder	18	131278	2022-12-20 18:10:12.0404	2022-12-20 18:10:12.0404
589	A. McCalmont	\N	Midfielder	18	129700	2022-12-20 18:10:12.045661	2022-12-20 18:10:12.045661
590	A. Miller	\N	Midfielder	18	273760	2022-12-20 18:10:12.051492	2022-12-20 18:10:12.051492
591	J. Snowdon	\N	Midfielder	18	289608	2022-12-20 18:10:12.056741	2022-12-20 18:10:12.056741
594	S. Perkins	\N	Attacker	18	284408	2022-12-20 18:10:12.071748	2022-12-20 18:10:12.071748
614	L. Bad	\N	Defender	19	174918	2022-12-20 18:10:14.505318	2022-12-20 18:10:14.505318
617	Z. Abbott	\N	Defender	19	329357	2022-12-20 18:10:14.519939	2022-12-20 18:10:14.519939
618	A. Donnelly	\N	Defender	19	327606	2022-12-20 18:10:14.525323	2022-12-20 18:10:14.525323
629	O. Hammond	\N	Midfielder	19	325967	2022-12-20 18:10:14.579508	2022-12-20 18:10:14.579508
630	A. Gibson-Hammond	\N	Midfielder	19	327603	2022-12-20 18:10:14.584348	2022-12-20 18:10:14.584348
631	B. Fewster	\N	Midfielder	19	284316	2022-12-20 18:10:14.589181	2022-12-20 18:10:14.589181
637	D. Taylor	\N	Attacker	19	339138	2022-12-20 18:10:14.620026	2022-12-20 18:10:14.620026
646	L. Augustinsson	\N	Defender	20	2852	2022-12-20 18:10:17.017896	2022-12-20 18:10:17.017896
652	L. Bogarde	\N	Defender	20	284457	2022-12-20 18:10:17.048145	2022-12-20 18:10:17.048145
664	C. Archer	\N	Attacker	20	137302	2022-12-20 18:10:17.097713	2022-12-20 18:10:17.097713
665	\N	L. Plange	F	16	284059	2022-12-20 18:25:40.16897	2022-12-20 18:25:40.16897
572	Diego Llorente	D. Llorente	Defender	18	47302	2022-12-20 18:10:11.949995	2023-01-12 17:51:01.132456
573	Stuart Dallas	S. Dallas	Defender	18	19126	2022-12-20 18:10:11.956401	2023-01-12 17:51:01.136521
574	Pascal Struijk	P. Struijk	Defender	18	64003	2022-12-20 18:10:11.961622	2023-01-12 17:51:01.140285
576	Leo Hjelde	L. Hjelde	Defender	18	297187	2022-12-20 18:10:11.973233	2023-01-12 17:51:01.147681
577	Cody Drameh	C. Drameh	Defender	18	153411	2022-12-20 18:10:11.979089	2023-01-12 17:51:01.151242
580	Adam Forshaw	A. Forshaw	Midfielder	18	19127	2022-12-20 18:10:11.997321	2023-01-12 17:51:01.160576
582	Marc Roca	M. Roca	Midfielder	18	47341	2022-12-20 18:10:12.00916	2023-01-12 17:51:01.167306
583	Jack Harrison	J. Harrison	Midfielder	18	19128	2022-12-20 18:10:12.014719	2023-01-12 17:51:01.171105
584	Tyler Adams	T. Adams	Midfielder	18	1150	2022-12-20 18:10:12.020116	2023-01-12 17:51:01.174995
585	Darko Gyabi	D. Gyabi	Midfielder	18	282124	2022-12-20 18:10:12.025223	2023-01-12 17:51:01.17899
587	Archie Gray	A. Gray	Midfielder	18	328089	2022-12-20 18:10:12.035592	2023-01-12 17:51:01.186855
592	Patrick Bamford	P. Bamford	Attacker	18	19134	2022-12-20 18:10:12.061655	2023-01-12 17:51:01.200817
593	Crysencio Summerville	C. Summerville	Attacker	18	37724	2022-12-20 18:10:12.066697	2023-01-12 17:51:01.204447
595	Rodrigo	Rodrigo	Attacker	18	935	2022-12-20 18:10:12.076228	2023-01-12 17:51:01.211138
597	Wilfried Gnonto	W. Gnonto	Attacker	18	162128	2022-12-20 18:10:12.086119	2023-01-12 17:51:01.218718
598	Joe Gelhardt	J. Gelhardt	Attacker	18	19569	2022-12-20 18:10:12.090792	2023-01-12 17:51:01.222267
599	Sam Greenwood	S. Greenwood	Attacker	18	153400	2022-12-20 18:10:12.095738	2023-01-12 17:51:01.22616
600	Mateo Joseph	M. Joseph	Attacker	18	313059	2022-12-20 18:10:12.101545	2023-01-12 17:51:01.229694
601	Dean Henderson	D. Henderson	Goalkeeper	19	19088	2022-12-20 18:10:14.433624	2023-01-12 17:51:01.233157
603	Wayne Hennessey	W. Hennessey	Goalkeeper	19	18836	2022-12-20 18:10:14.446524	2023-01-12 17:51:01.240235
604	Giulian Biancone	G. Biancone	Defender	19	84081	2022-12-20 18:10:14.451895	2023-01-12 17:51:01.244023
605	Steve Cook	S. Cook	Defender	19	18863	2022-12-20 18:10:14.457698	2023-01-12 17:51:01.24749
606	Joe Worrall	J. Worrall	Defender	19	1746	2022-12-20 18:10:14.462986	2023-01-12 17:51:01.251139
607	Loc Mbe Soh	L Mbe Soh	Defender	19	279	2022-12-20 18:10:14.469131	2023-01-12 17:51:01.254897
609	Harry Toffolo	H. Toffolo	Defender	19	17365	2022-12-20 18:10:14.480667	2023-01-12 17:51:01.262621
610	Moussa Niakhat	M. Niakhat	Defender	19	25916	2022-12-20 18:10:14.486117	2023-01-12 17:51:01.266345
611	Serge Aurier	S. Aurier	Defender	19	163	2022-12-20 18:10:14.491065	2023-01-12 17:51:01.270046
612	Scott McKenna	S. McKenna	Defender	19	44811	2022-12-20 18:10:14.495599	2023-01-12 17:51:01.274241
613	Omar Richards	O. Richards	Defender	19	19610	2022-12-20 18:10:14.500519	2023-01-12 17:51:01.277716
615	Willy Boly	W. Boly	Defender	19	18739	2022-12-20 18:10:14.510075	2023-01-12 17:51:01.283862
619	Orel Mangala	O. Mangala	Midfielder	19	24882	2022-12-20 18:10:14.530571	2023-01-12 17:51:01.296402
620	Jack Colback	J. Colback	Midfielder	19	19299	2022-12-20 18:10:14.536414	2023-01-12 17:51:01.300581
621	Morgan Gibbs-White	M. Gibbs-White	Midfielder	19	18746	2022-12-20 18:10:14.541388	2023-01-12 17:51:01.304156
622	Jesse Lingard	J. Lingard	Midfielder	19	900	2022-12-20 18:10:14.5461	2023-01-12 17:51:01.308029
623	L. O'Brien	\N	Midfielder	19	20503	2022-12-20 18:10:14.550888	2023-01-12 17:51:01.311849
624	Caf	 Caf	Midfielder	19	40401	2022-12-20 18:10:14.555565	2023-01-12 17:51:01.315955
626	Ryan Yates	R. Yates	Midfielder	19	19305	2022-12-20 18:10:14.564794	2023-01-12 17:51:01.325118
627	Remo Freuler	R. Freuler	Midfielder	19	2807	2022-12-20 18:10:14.569437	2023-01-12 17:51:01.329264
628	Harry Arter	H. Arter	Midfielder	19	18996	2022-12-20 18:10:14.574022	2023-01-12 17:51:01.333469
632	Taiwo Awoniyi	T. Awoniyi	Attacker	19	8598	2022-12-20 18:10:14.594045	2023-01-12 17:51:01.347373
633	Sam Surridge	S. Surridge	Attacker	19	18884	2022-12-20 18:10:14.599248	2023-01-12 17:51:01.351701
635	Emmanuel Dennis	E. Dennis	Attacker	19	80	2022-12-20 18:10:14.609439	2023-01-12 17:51:01.360383
636	Lyle Taylor	L. Taylor	Attacker	19	19842	2022-12-20 18:10:14.614804	2023-01-12 17:51:01.364664
638	Emiliano Martnez	E. Martnez	Goalkeeper	20	19599	2022-12-20 18:10:16.970881	2023-01-12 17:51:01.371457
639	Jed Steer	J. Steer	Goalkeeper	20	19174	2022-12-20 18:10:16.978434	2023-01-12 17:51:01.375654
640	Robin Olsen	R. Olsen	Goalkeeper	20	766	2022-12-20 18:10:16.984172	2023-01-12 17:51:01.379238
642	Diego Carlos	D. Carlos	Defender	20	21090	2022-12-20 18:10:16.995839	2023-01-12 17:51:01.386548
643	Ezri Konsa	E. Konsa	Defender	20	19354	2022-12-20 18:10:17.001255	2023-01-12 17:51:01.39031
644	Tyrone Mings	T. Mings	Defender	20	19179	2022-12-20 18:10:17.006901	2023-01-12 17:51:01.393873
645	Callum Chambers	C. Chambers	Defender	20	19016	2022-12-20 18:10:17.012719	2023-01-12 17:51:01.39801
647	Ashley Young	A. Young	Defender	20	894	2022-12-20 18:10:17.023183	2023-01-12 17:51:01.404968
648	Jan Bednarek	J. Bednarek	Defender	20	2999	2022-12-20 18:10:17.028383	2023-01-12 17:51:01.409027
650	Lucas Digne	L. Digne	Defender	20	2724	2022-12-20 18:10:17.038782	2023-01-12 17:51:01.416641
651	Leander Dendoncker	L. Dendoncker	Defender	20	2922	2022-12-20 18:10:17.043539	2023-01-12 17:51:01.420513
653	Douglas Luiz	D. Luiz	Midfielder	20	47522	2022-12-20 18:10:17.052831	2023-01-12 17:51:01.427119
654	John McGinn	J. McGinn	Midfielder	20	19191	2022-12-20 18:10:17.057426	2023-01-12 17:51:01.430784
655	Morgan Sanson	M. Sanson	Midfielder	20	1914	2022-12-20 18:10:17.061987	2023-01-12 17:51:01.434637
657	Marvelous Nakamba	M. Nakamba	Midfielder	20	76	2022-12-20 18:10:17.06988	2023-01-12 17:51:01.442709
658	Philippe Coutinho	P. Coutinho	Midfielder	20	147	2022-12-20 18:10:17.073995	2023-01-12 17:51:01.446519
659	Jacob Ramsey	J. Ramsey	Midfielder	20	19192	2022-12-20 18:10:17.077847	2023-01-12 17:51:01.450167
660	Boubacar Kamara	B. Kamara	Midfielder	20	1904	2022-12-20 18:10:17.082079	2023-01-12 17:51:01.454032
662	Ollie Watkins	O. Watkins	Attacker	20	19366	2022-12-20 18:10:17.090128	2023-01-12 17:51:01.461817
663	Leon Bailey	L. Bailey	Attacker	20	983	2022-12-20 18:10:17.093875	2023-01-12 17:51:01.465408
666	\N	N. Pp	F	8	3246	2022-12-20 18:25:40.205536	2022-12-20 18:25:40.205536
667	\N	J. Stansfield	F	4	191971	2022-12-22 17:23:25.101037	2022-12-22 17:23:25.101037
668	\N	T. Francois	M	4	129707	2022-12-22 17:23:25.12582	2022-12-22 17:23:25.12582
669	\N	Rodrigo Muniz	F	4	195106	2022-12-22 17:23:25.131872	2022-12-22 17:23:25.131872
670	\N	S. van den Berg	D	6	36922	2022-12-22 17:23:25.15653	2022-12-22 17:23:25.15653
671	\N	S. Rondn	F	9	2461	2022-12-22 17:26:27.113163	2022-12-22 17:26:27.113163
672	\N	D. Alli	M	9	172	2022-12-22 17:26:27.137059	2022-12-22 17:26:27.137059
673	\N	L. Cundle	M	5	149564	2022-12-29 12:36:50.399005	2022-12-29 12:36:50.399005
674	\N	M. Srensen	D	17	19345	2022-12-29 12:43:32.028362	2022-12-29 12:43:32.028362
675	\N	Cristiano Ronaldo	F	1	874	2022-12-29 12:43:32.051829	2022-12-29 12:43:32.051829
676	\N	E. Ampadu	D	13	2279	2023-01-11 11:51:03.568929	2023-01-11 11:51:03.568929
677	\N	C. Hudson-Odoi	F	13	2298	2023-01-11 11:51:03.603534	2023-01-11 11:51:03.603534
1	David de Gea	D. de Gea	Goalkeeper	1	882	2022-12-20 18:09:29.678931	2023-01-12 17:50:59.005422
4	Martin Dbravka	M. Dbravka	Goalkeeper	1	18886	2022-12-20 18:09:29.69516	2023-01-12 17:50:59.018979
9	Tyrell Malacia	T. Malacia	Defender	1	37145	2022-12-20 18:09:29.719668	2023-01-12 17:50:59.039665
16	Bruno Fernandes	B. Fernandes	Midfielder	1	1485	2022-12-20 18:09:29.750365	2023-01-12 17:50:59.06868
22	Scott McTominay	S. McTominay	Midfielder	1	903	2022-12-20 18:09:29.774672	2023-01-12 17:50:59.093166
30	Alejandro Garnacho	A. Garnacho	Attacker	1	284324	2022-12-20 18:09:29.805993	2023-01-12 17:50:59.123807
37	Paul Dummett	P. Dummett	Defender	2	18892	2022-12-20 18:09:32.169137	2023-01-12 17:50:59.149708
43	Emil Krafth	E. Krafth	Defender	2	2855	2022-12-20 18:09:32.197637	2023-01-12 17:50:59.17286
48	Ryan Fraser	R. Fraser	Midfielder	2	18873	2022-12-20 18:09:32.219614	2023-01-12 17:50:59.192068
53	Sean Longstaff	S. Longstaff	Midfielder	2	18901	2022-12-20 18:09:32.245384	2023-01-12 17:50:59.210029
62	Will Dennis	W. Dennis	Goalkeeper	3	151756	2022-12-20 18:09:34.605304	2023-01-12 17:50:59.244731
70	Jack Hill	J. Hill	Defender	3	20093	2022-12-20 18:09:34.646661	2023-01-12 17:50:59.28074
78	Ryan Christie	R. Christie	Midfielder	3	1125	2022-12-20 18:09:34.682649	2023-01-12 17:50:59.310412
82	Junior Stanislas	J. Stanislas	Midfielder	3	18878	2022-12-20 18:09:34.700525	2023-01-12 17:50:59.326974
90	Jamal Lowe	J. Lowe	Attacker	3	19866	2022-12-20 18:09:34.731073	2023-01-12 17:50:59.355503
96	Layvin Kurzawa	L. Kurzawa	Defender	4	263	2022-12-20 18:09:37.089083	2023-01-12 17:50:59.378641
97	Tosin Adarabioyo	T. Adarabioyo	Defender	4	19145	2022-12-20 18:09:37.09446	2023-01-12 17:50:59.382206
108	Neeskens Kebano	N. Kebano	Midfielder	4	19027	2022-12-20 18:09:37.146685	2023-01-12 17:50:59.420662
113	Andreas Pereira	A. Pereira	Midfielder	4	899	2022-12-20 18:09:37.166378	2023-01-12 17:50:59.44102
121	Bobby De Cordova-Reid	B. De Cordova-Reid	Attacker	4	19004	2022-12-20 18:09:37.198433	2023-01-12 17:50:59.469232
130	Rayan At-Nouri	R. At-Nouri	Defender	5	21138	2022-12-20 18:09:39.549316	2023-01-12 17:50:59.502891
137	Hugo Bueno	H. Bueno	Defender	5	280687	2022-12-20 18:09:39.584451	2023-01-12 17:50:59.538538
141	Daniel Podence	D. Podence	Midfielder	5	1605	2022-12-20 18:09:39.602712	2023-01-12 17:50:59.566612
149	Raul Jimnez	R. Jimnez	Attacker	5	2887	2022-12-20 18:09:39.634087	2023-01-12 17:50:59.635408
156	Adama Traor	A. Traor	Attacker	5	18753	2022-12-20 18:09:39.659906	2023-01-12 17:50:59.66659
167	Konstantinos Tsimikas	K. Tsimikas	Defender	6	1600	2022-12-20 18:09:42.048144	2023-01-12 17:50:59.704433
173	Trent Alexander-Arnold	T. Alexander-Arnold	Defender	6	283	2022-12-20 18:09:42.075418	2023-01-12 17:50:59.728515
181	Alex Oxlade-Chamberlain	A. Oxlade-Chamberlain	Midfielder	6	297	2022-12-20 18:09:42.108382	2023-01-12 17:50:59.758517
191	Luis Daz	L. Daz	Attacker	6	2489	2022-12-20 18:09:42.146186	2023-01-12 17:50:59.794286
200	Gavin Bazunu	G. Bazunu	Goalkeeper	7	105971	2022-12-20 18:09:44.531315	2023-01-12 17:50:59.823506
205	Tino Livramento	T. Livramento	Defender	7	158694	2022-12-20 18:09:44.558346	2023-01-12 17:50:59.843049
213	James Ward-Prowse	J. Ward-Prowse	Midfielder	7	2938	2022-12-20 18:09:44.596333	2023-01-12 17:50:59.871066
225	Theo Walcott	T. Walcott	Attacker	7	18769	2022-12-20 18:09:44.644063	2023-01-12 17:50:59.911424
234	Benjamin White	B. White	Defender	8	19959	2022-12-20 18:09:47.007793	2023-01-12 17:50:59.941138
246	Martin degaard	M. degaard	Midfielder	8	37127	2022-12-20 18:09:47.069986	2023-01-12 17:50:59.982303
252	Oleksandr Zinchenko	O. Zinchenko	Midfielder	8	641	2022-12-20 18:09:47.098777	2023-01-12 17:51:00.005566
269	Andy Lonergan	A. Lonergan	Goalkeeper	9	20224	2022-12-20 18:09:49.483374	2023-01-12 17:51:00.066355
277	Vitaliy Mykolenko	V. Mykolenko	Defender	9	2165	2022-12-20 18:09:49.518179	2023-01-12 17:51:00.095821
286	Amadou Onana	A. Onana	Midfielder	9	162714	2022-12-20 18:09:49.55457	2023-01-12 17:51:00.125062
288	Abdoulaye Doucour	A. Doucour	Midfielder	9	18805	2022-12-20 18:09:49.562096	2023-01-12 17:51:00.132598
296	Dominic Calvert-Lewin	D. Calvin-Lewin	Attacker	9	18766	2022-12-20 18:09:49.593665	2023-01-12 17:51:00.159444
304	Daniel Iversen	D. Iversen	Goalkeeper	10	17736	2022-12-20 18:09:51.950863	2023-01-12 17:51:00.188696
311	Ricardo Pereira	R. Pereira	Defender	10	18771	2022-12-20 18:09:51.989346	2023-01-12 17:51:00.216845
318	James Maddison	J. Maddison	Midfielder	10	18784	2022-12-20 18:09:52.021782	2023-01-12 17:51:00.242908
323	Dennis Praet	D. Praet	Midfielder	10	2925	2022-12-20 18:09:52.042627	2023-01-12 17:51:00.261172
332	Fraser Forster	F. Forster	Goalkeeper	11	18932	2022-12-20 18:09:54.503784	2023-01-12 17:51:00.293141
338	Eric Dier	E. Dier	Defender	11	175	2022-12-20 18:09:54.53541	2023-01-12 17:51:00.314728
350	Pierre-Emile Hjbjerg	P-E. Hjbjerg	Midfielder	11	2735	2022-12-20 18:09:54.594398	2023-01-12 17:51:00.352654
356	Yves Bissouma	Y. Bissouma	Midfielder	11	18968	2022-12-20 18:09:54.6185	2023-01-12 17:51:00.375202
366	Bryan Gil	B. Gil	Attacker	11	2061	2022-12-20 18:09:54.657602	2023-01-12 17:51:00.409085
375	Aaron Cresswell	A. Cresswell	Defender	12	18813	2022-12-20 18:09:57.028808	2023-01-12 17:51:00.439434
380	Thilo Kehrer	T. Kehrer	Defender	12	261	2022-12-20 18:09:57.055033	2023-01-12 17:51:00.457806
382	Emerson Palmieri	E. Palmieri	Defender	12	2284	2022-12-20 18:09:57.06462	2023-01-12 17:51:00.465055
392	Tom Souek	T. Souek	Midfielder	12	1243	2022-12-20 18:09:57.106726	2023-01-12 17:51:00.50015
404	Jarrod Bowen	J. Bowen	Attacker	12	19428	2022-12-20 18:09:57.1531	2023-01-12 17:51:00.538801
412	Trevor Chalobah	T. Chalobah	Defender	13	19720	2022-12-20 18:09:59.513504	2023-01-12 17:51:00.565593
417	Marc Cucurella	M. Cucurella	Defender	13	47380	2022-12-20 18:09:59.540218	2023-01-12 17:51:00.583896
425	Christian Pulii	C. Pulii	Midfielder	13	17	2022-12-20 18:09:59.576091	2023-01-12 17:51:00.612386
431	Kai Havertz	K. Havertz	Midfielder	13	978	2022-12-20 18:09:59.600237	2023-01-12 17:51:00.633931
439	Pierre-Emerick Aubameyang	P-E. Aubameyang	Attacker	13	1465	2022-12-20 18:09:59.631201	2023-01-12 17:51:00.659949
451	Joo Cancelo	J. Cancelo	Defender	14	855	2022-12-20 18:10:02.040661	2023-01-12 17:51:00.701399
457	lkay Gndoan	 I. Gndoan	Midfielder	14	633	2022-12-20 18:10:02.069592	2023-01-12 17:51:00.724805
466	Erling Haaland	E. Haaland	Attacker	14	1100	2022-12-20 18:10:02.106729	2023-01-12 17:51:00.758504
472	Tariq Lamptey	T. Lamptey	Defender	15	138815	2022-12-20 18:10:04.490643	2023-01-12 17:51:00.782794
475	Levi Colwill	L. Colwill	Defender	15	152953	2022-12-20 18:10:04.50622	2023-01-12 17:51:00.794335
476	Jan Paul van Hecke	J P van Hecke	Defender	15	38695	2022-12-20 18:10:04.51196	2023-01-12 17:51:00.797935
486	Adam Lallana	A. Lallana	Midfielder	15	295	2022-12-20 18:10:04.559097	2023-01-12 17:51:00.831413
496	Leandro Trossard	L. Trossard	Attacker	15	1946	2022-12-20 18:10:04.602451	2023-01-12 17:51:00.863844
503	Sam Johnstone	S. Johnstone	Goalkeeper	16	19143	2022-12-20 18:10:06.977271	2023-01-12 17:51:00.889864
508	James Tomkins	J. Tomkins	Defender	16	18844	2022-12-20 18:10:07.002007	2023-01-12 17:51:00.908505
513	Nathan Ferguson	N. Ferguson	Defender	16	127605	2022-12-20 18:10:07.026026	2023-01-12 17:51:00.926765
520	James McArthur	J. McArthur	Midfielder	16	18849	2022-12-20 18:10:07.055336	2023-01-12 17:51:00.95088
530	Jean-Phillipe Mateta	J-P Mateta	Attacker	16	25927	2022-12-20 18:10:07.094281	2023-01-12 17:51:00.982618
536	Thomas Strakosha	T.Strakosha	Goalkeeper	17	1835	2022-12-20 18:10:09.444975	2023-01-12 17:51:01.005798
542	Mathias Jrgensen	M Jrgensen	Defender	17	2731	2022-12-20 18:10:09.479049	2023-01-12 17:51:01.02905
551	Josh Dasilva	J. Dasilva	Midfielder	17	19362	2022-12-20 18:10:09.528338	2023-01-12 17:51:01.061982
560	Ivan Toney	I. Toney	Attacker	17	19974	2022-12-20 18:10:09.572535	2023-01-12 17:51:01.092731
571	Liam Cooper	L. Cooper	Defender	18	19118	2022-12-20 18:10:11.943319	2023-01-12 17:51:01.128708
575	Rasmus Kristensen	R. Kristensen	Defender	18	533	2022-12-20 18:10:11.967174	2023-01-12 17:51:01.143969
586	Mateusz Klich	M. Klich	Midfielder	18	3008	2022-12-20 18:10:12.030045	2023-01-12 17:51:01.183032
596	L. Sinisterra	L. Sinisterra	Attacker	18	37161	2022-12-20 18:10:12.081082	2023-01-12 17:51:01.214869
602	Jordan Smith	J. Smith	Goalkeeper	19	17448	2022-12-20 18:10:14.440828	2023-01-12 17:51:01.236703
608	Neco Williams	N. Williams	Defender	19	138780	2022-12-20 18:10:14.474855	2023-01-12 17:51:01.258911
616	Renan Lodi	R. Lodi	Defender	19	10122	2022-12-20 18:10:14.515039	2023-01-12 17:51:01.28743
625	Ckeikhou Kouyat	C. Kouyat	Midfielder	19	2991	2022-12-20 18:10:14.560165	2023-01-12 17:51:01.321124
634	Brennan Johnson	\N	Attacker	19	129711	2022-12-20 18:10:14.604845	2023-01-12 17:51:01.356209
641	Matty Cash	M. Cash	Defender	20	19298	2022-12-20 18:10:16.989526	2023-01-12 17:51:01.382957
649	Frdric Guilbert	F. Guilbert	Defender	20	21636	2022-12-20 18:10:17.03336	2023-01-12 17:51:01.41301
656	Emiliano Buenda	E. Buenda	Midfielder	20	19071	2022-12-20 18:10:17.06589	2023-01-12 17:51:01.438886
661	Danny Ings	D. Ings	Attacker	20	18955	2022-12-20 18:10:17.086266	2023-01-12 17:51:01.458059
678	\N	E. Mwepu	M	15	1093	2023-03-12 15:32:03.387943	2023-03-12 15:32:03.387943
679	\N	S. Alzate	M	15	17715	2023-03-12 15:32:03.430501	2023-03-12 15:32:03.430501
680	\N	L. Delap	F	14	161948	2023-03-12 18:09:17.919924	2023-03-12 18:09:17.919924
681	\N	L. Mbete	D	14	278129	2023-03-12 18:09:17.930076	2023-03-12 18:09:17.930076
682	\N	A. Mighten	F	19	129712	2023-03-12 18:09:26.737144	2023-03-12 18:09:26.737144
683	\N	Oriol Romeu	M	7	18949	2023-03-12 18:09:35.474484	2023-03-12 18:09:35.474484
684	\N	Y. Valery	D	7	18942	2023-03-12 18:09:35.481293	2023-03-12 18:09:35.481293
685	\N	J. Gbamin	M	9	3240	2023-03-12 18:10:10.564632	2023-03-12 18:10:10.564632
686	\N	Allan	M	9	326	2023-03-12 18:10:10.573714	2023-03-12 18:10:10.573714
687	\N	H. Derviolu	F	17	37440	2023-03-12 18:10:19.376804	2023-03-12 18:10:19.376804
688	\N	T. Iroegbunam	M	20	284500	2023-03-12 18:11:20.628462	2023-03-12 18:11:20.628462
689	\N	L. Warrington	M	9	284266	2023-03-12 18:11:29.402434	2023-03-12 18:11:29.402434
690	\N	O. Bevan	D	3	382163	2023-03-12 18:11:55.779455	2023-03-12 18:11:55.779455
691	\N	C. Saydee	F	3	180289	2023-03-12 18:11:55.789048	2023-03-12 18:11:55.789048
692	\N	C. Gomes	M	14	632	2023-03-12 18:12:04.588464	2023-03-12 18:12:04.588464
693	\N	Andr Gomes	M	9	18765	2023-03-12 18:34:04.738322	2023-03-12 18:34:04.738322
694	\N	M. Kov	G	1	138804	2023-03-12 18:34:13.493827	2023-03-12 18:34:13.493827
695	\N	F. Stevens	D	17	276263	2023-03-12 18:34:31.025632	2023-03-12 18:34:31.025632
696	\N	H. Vale	M	13	274550	2023-03-12 18:34:39.843583	2023-03-12 18:34:39.843583
697	\N	J. Kiwior	D	8	61431	2023-03-12 18:36:42.518711	2023-03-12 18:36:42.518711
698	\N	E. Simms	F	9	138786	2023-03-12 18:36:42.562086	2023-03-12 18:36:42.562086
699	\N	W. Weghorst	F	1	25416	2023-03-12 18:36:51.32456	2023-03-12 18:36:51.32456
700	\N	Joo Flix	F	13	583	2023-03-12 18:37:00.068702	2023-03-12 18:37:00.068702
701	\N	D. Fofana	F	13	291476	2023-03-12 18:37:00.085277	2023-03-12 18:37:00.085277
702	\N	B. Badiashile	D	13	95	2023-03-12 18:37:00.12538	2023-03-12 18:37:00.12538
703	\N	C. Gakpo	F	6	247	2023-03-12 18:37:25.652251	2023-03-12 18:37:25.652251
704	\N	M. Lemina	M	5	18947	2023-03-12 18:37:25.682186	2023-03-12 18:37:25.682186
705	\N	Pablo Sarabia	M	5	2056	2023-03-12 18:37:25.689701	2023-03-12 18:37:25.689701
706	\N	Joo Gomes	M	5	195103	2023-03-12 18:37:25.705347	2023-03-12 18:37:25.705347
707	\N	D. Bentley	G	5	19341	2023-03-12 18:37:25.718857	2023-03-12 18:37:25.718857
708	\N	M. Sabitzer	M	1	1159	2023-03-12 18:38:43.274181	2023-03-12 18:38:43.274181
709	\N	K. Mainoo	M	1	284322	2023-03-12 18:38:43.296885	2023-03-12 18:38:43.296885
710	\N	M. Wber	D	18	2048	2023-03-12 18:38:43.313964	2023-03-12 18:38:43.313964
711	\N	W. McKennie	M	18	415	2023-03-12 18:38:43.322494	2023-03-12 18:38:43.322494
712	\N	G. Rutter	F	18	90590	2023-03-12 18:38:43.339622	2023-03-12 18:38:43.339622
713	\N	N. Redmond	M	7	18948	2023-03-12 18:40:46.944508	2023-03-12 18:40:46.944508
714	\N	A. Oko-Flex	F	12	1131	2023-03-12 18:41:13.320156	2023-03-12 18:41:13.320156
715	\N	N. Vlai	M	12	842	2023-03-12 18:41:13.330491	2023-03-12 18:41:13.330491
\.


--
-- Data for Name: schema_migrations; Type: TABLE DATA; Schema: public; Owner: goldsmid
--

COPY public.schema_migrations (version) FROM stdin;
20220314162858
20220314163319
20220314163714
20220314163847
20220314164031
20220314164302
20220314164316
20220314170406
20220317144235
20220317144438
20220317144632
20220317144724
20220317145454
20220317145550
20220409204547
20220624201226
20221113160429
20221116201104
20221116202605
20221122164656
20221122170651
20221122170746
20221122170830
20221122170853
20221122170859
20221122171327
20221122172001
20221122172257
20221220181403
\.


--
-- Data for Name: seasons; Type: TABLE DATA; Schema: public; Owner: goldsmid
--

COPY public.seasons (id, start_date, end_date, league_id, api_football_id, created_at, updated_at, current_season, current_game_week) FROM stdin;
1	2022-08-01 00:00:00	2023-05-31 00:00:00	1	\N	2022-12-14 18:33:02.765022	2022-12-14 18:33:02.765022	t	1
\.


--
-- Data for Name: team_seasons; Type: TABLE DATA; Schema: public; Owner: goldsmid
--

COPY public.team_seasons (id, team_id, season_id, api_football_id, created_at, updated_at, current_season) FROM stdin;
1	1	1	\N	2022-12-20 18:02:01.980495	2022-12-20 18:02:01.980495	t
2	2	1	\N	2022-12-20 18:02:01.984864	2022-12-20 18:02:01.984864	t
3	3	1	\N	2022-12-20 18:02:01.987543	2022-12-20 18:02:01.987543	t
4	4	1	\N	2022-12-20 18:02:01.990037	2022-12-20 18:02:01.990037	t
5	5	1	\N	2022-12-20 18:02:01.99248	2022-12-20 18:02:01.99248	t
6	6	1	\N	2022-12-20 18:02:01.99496	2022-12-20 18:02:01.99496	t
7	7	1	\N	2022-12-20 18:02:01.997271	2022-12-20 18:02:01.997271	t
8	8	1	\N	2022-12-20 18:02:01.999618	2022-12-20 18:02:01.999618	t
9	9	1	\N	2022-12-20 18:02:02.001938	2022-12-20 18:02:02.001938	t
10	10	1	\N	2022-12-20 18:02:02.00423	2022-12-20 18:02:02.00423	t
11	11	1	\N	2022-12-20 18:02:02.006643	2022-12-20 18:02:02.006643	t
12	12	1	\N	2022-12-20 18:02:02.009012	2022-12-20 18:02:02.009012	t
13	13	1	\N	2022-12-20 18:02:02.011332	2022-12-20 18:02:02.011332	t
14	14	1	\N	2022-12-20 18:02:02.013613	2022-12-20 18:02:02.013613	t
15	15	1	\N	2022-12-20 18:02:02.015967	2022-12-20 18:02:02.015967	t
16	16	1	\N	2022-12-20 18:02:02.018511	2022-12-20 18:02:02.018511	t
17	17	1	\N	2022-12-20 18:02:02.021056	2022-12-20 18:02:02.021056	t
18	18	1	\N	2022-12-20 18:02:02.023572	2022-12-20 18:02:02.023572	t
19	19	1	\N	2022-12-20 18:02:02.025719	2022-12-20 18:02:02.025719	t
20	20	1	\N	2022-12-20 18:02:02.027875	2022-12-20 18:02:02.027875	t
\.


--
-- Data for Name: teams; Type: TABLE DATA; Schema: public; Owner: goldsmid
--

COPY public.teams (id, name, short_name, acronym, league_id, api_football_id, created_at, updated_at) FROM stdin;
1	Manchester United	\N	MUN	1	33	2022-12-20 18:01:35.160432	2022-12-20 18:01:35.160432
2	Newcastle	\N	NEW	1	34	2022-12-20 18:01:35.165783	2022-12-20 18:01:35.165783
3	Bournemouth	\N	BOU	1	35	2022-12-20 18:01:35.168182	2022-12-20 18:01:35.168182
4	Fulham	\N	FUL	1	36	2022-12-20 18:01:35.170353	2022-12-20 18:01:35.170353
5	Wolves	\N	WOL	1	39	2022-12-20 18:01:35.172791	2022-12-20 18:01:35.172791
6	Liverpool	\N	LIV	1	40	2022-12-20 18:01:35.175326	2022-12-20 18:01:35.175326
7	Southampton	\N	SOU	1	41	2022-12-20 18:01:35.177579	2022-12-20 18:01:35.177579
8	Arsenal	\N	ARS	1	42	2022-12-20 18:01:35.179754	2022-12-20 18:01:35.179754
9	Everton	\N	EVE	1	45	2022-12-20 18:01:35.181987	2022-12-20 18:01:35.181987
10	Leicester	\N	LEI	1	46	2022-12-20 18:01:35.184069	2022-12-20 18:01:35.184069
11	Tottenham	\N	TOT	1	47	2022-12-20 18:01:35.186321	2022-12-20 18:01:35.186321
12	West Ham	\N	WES	1	48	2022-12-20 18:01:35.188421	2022-12-20 18:01:35.188421
13	Chelsea	\N	CHE	1	49	2022-12-20 18:01:35.190527	2022-12-20 18:01:35.190527
14	Manchester City	\N	MAC	1	50	2022-12-20 18:01:35.192684	2022-12-20 18:01:35.192684
15	Brighton	\N	BRI	1	51	2022-12-20 18:01:35.194922	2022-12-20 18:01:35.194922
16	Crystal Palace	\N	CRY	1	52	2022-12-20 18:01:35.197232	2022-12-20 18:01:35.197232
17	Brentford	\N	BRE	1	55	2022-12-20 18:01:35.199702	2022-12-20 18:01:35.199702
18	Leeds	\N	LEE	1	63	2022-12-20 18:01:35.201846	2022-12-20 18:01:35.201846
19	Nottingham Forest	\N	NOT	1	65	2022-12-20 18:01:35.204017	2022-12-20 18:01:35.204017
20	Aston Villa	\N	AST	1	66	2022-12-20 18:01:35.205908	2022-12-20 18:01:35.205908
\.


--
-- Name: appearances_id_seq; Type: SEQUENCE SET; Schema: public; Owner: goldsmid
--

SELECT pg_catalog.setval('public.appearances_id_seq', 2955, true);


--
-- Name: cards_id_seq; Type: SEQUENCE SET; Schema: public; Owner: goldsmid
--

SELECT pg_catalog.setval('public.cards_id_seq', 372, true);


--
-- Name: countries_id_seq; Type: SEQUENCE SET; Schema: public; Owner: goldsmid
--

SELECT pg_catalog.setval('public.countries_id_seq', 1, true);


--
-- Name: fixtures_id_seq; Type: SEQUENCE SET; Schema: public; Owner: goldsmid
--

SELECT pg_catalog.setval('public.fixtures_id_seq', 380, true);


--
-- Name: goals_id_seq; Type: SEQUENCE SET; Schema: public; Owner: goldsmid
--

SELECT pg_catalog.setval('public.goals_id_seq', 279, true);


--
-- Name: leagues_id_seq; Type: SEQUENCE SET; Schema: public; Owner: goldsmid
--

SELECT pg_catalog.setval('public.leagues_id_seq', 1, true);


--
-- Name: player_seasons_id_seq; Type: SEQUENCE SET; Schema: public; Owner: goldsmid
--

SELECT pg_catalog.setval('public.player_seasons_id_seq', 911, true);


--
-- Name: players_id_seq; Type: SEQUENCE SET; Schema: public; Owner: goldsmid
--

SELECT pg_catalog.setval('public.players_id_seq', 715, true);


--
-- Name: seasons_id_seq; Type: SEQUENCE SET; Schema: public; Owner: goldsmid
--

SELECT pg_catalog.setval('public.seasons_id_seq', 1, true);


--
-- Name: team_seasons_id_seq; Type: SEQUENCE SET; Schema: public; Owner: goldsmid
--

SELECT pg_catalog.setval('public.team_seasons_id_seq', 20, true);


--
-- Name: teams_id_seq; Type: SEQUENCE SET; Schema: public; Owner: goldsmid
--

SELECT pg_catalog.setval('public.teams_id_seq', 20, true);


--
-- Name: appearances appearances_pkey; Type: CONSTRAINT; Schema: public; Owner: goldsmid
--

ALTER TABLE ONLY public.appearances
    ADD CONSTRAINT appearances_pkey PRIMARY KEY (id);


--
-- Name: ar_internal_metadata ar_internal_metadata_pkey; Type: CONSTRAINT; Schema: public; Owner: goldsmid
--

ALTER TABLE ONLY public.ar_internal_metadata
    ADD CONSTRAINT ar_internal_metadata_pkey PRIMARY KEY (key);


--
-- Name: cards cards_pkey; Type: CONSTRAINT; Schema: public; Owner: goldsmid
--

ALTER TABLE ONLY public.cards
    ADD CONSTRAINT cards_pkey PRIMARY KEY (id);


--
-- Name: countries countries_pkey; Type: CONSTRAINT; Schema: public; Owner: goldsmid
--

ALTER TABLE ONLY public.countries
    ADD CONSTRAINT countries_pkey PRIMARY KEY (id);


--
-- Name: fixtures fixtures_pkey; Type: CONSTRAINT; Schema: public; Owner: goldsmid
--

ALTER TABLE ONLY public.fixtures
    ADD CONSTRAINT fixtures_pkey PRIMARY KEY (id);


--
-- Name: goals goals_pkey; Type: CONSTRAINT; Schema: public; Owner: goldsmid
--

ALTER TABLE ONLY public.goals
    ADD CONSTRAINT goals_pkey PRIMARY KEY (id);


--
-- Name: leagues leagues_pkey; Type: CONSTRAINT; Schema: public; Owner: goldsmid
--

ALTER TABLE ONLY public.leagues
    ADD CONSTRAINT leagues_pkey PRIMARY KEY (id);


--
-- Name: player_seasons player_seasons_pkey; Type: CONSTRAINT; Schema: public; Owner: goldsmid
--

ALTER TABLE ONLY public.player_seasons
    ADD CONSTRAINT player_seasons_pkey PRIMARY KEY (id);


--
-- Name: players players_pkey; Type: CONSTRAINT; Schema: public; Owner: goldsmid
--

ALTER TABLE ONLY public.players
    ADD CONSTRAINT players_pkey PRIMARY KEY (id);


--
-- Name: schema_migrations schema_migrations_pkey; Type: CONSTRAINT; Schema: public; Owner: goldsmid
--

ALTER TABLE ONLY public.schema_migrations
    ADD CONSTRAINT schema_migrations_pkey PRIMARY KEY (version);


--
-- Name: seasons seasons_pkey; Type: CONSTRAINT; Schema: public; Owner: goldsmid
--

ALTER TABLE ONLY public.seasons
    ADD CONSTRAINT seasons_pkey PRIMARY KEY (id);


--
-- Name: team_seasons team_seasons_pkey; Type: CONSTRAINT; Schema: public; Owner: goldsmid
--

ALTER TABLE ONLY public.team_seasons
    ADD CONSTRAINT team_seasons_pkey PRIMARY KEY (id);


--
-- Name: teams teams_pkey; Type: CONSTRAINT; Schema: public; Owner: goldsmid
--

ALTER TABLE ONLY public.teams
    ADD CONSTRAINT teams_pkey PRIMARY KEY (id);


--
-- PostgreSQL database dump complete
--

